category,image_name,label,predicted_crack_present,crack_area_ratio,crack_area_percentage,crack_length_pixels,mean_width_pixels,max_width_pixels,dominant_orientation_deg,branching_points
deck,7017-33.jpg,cracked,1,0.02032470703125,2.032470703125,147.95331880577405,6.296441881989521,16.0,22.92166616203869,5
deck,7057-215.jpg,cracked,1,0.00390625,0.390625,255.0,2.0,2.0,90.0,0
deck,7010-60.jpg,cracked,1,0.0213623046875,2.13623046875,237.75230867899737,3.990009859280607,8.246211251235321,102.23787663114052,0
deck,7017-133.jpg,cracked,1,0.0081329345703125,0.81329345703125,53.55634918610404,5.37255891612044,11.661903789690601,94.91336252920377,0
deck,7011-247.jpg,cracked,1,0.04034423828125,4.034423828125,291.651803615609,6.104147761504593,19.697715603592208,87.4458132092417,0
deck,7026-63.jpg,cracked,1,0.005889892578125,0.5889892578125,59.62741699796952,4.164409507357735,8.246211251235321,102.17793294892665,0
deck,7008-91.jpg,cracked,1,0.01885986328125,1.885986328125,178.40916292848976,4.738710780292075,10.0,93.18329261498397,4
deck,7050-190.jpg,cracked,1,0.00543212890625,0.543212890625,47.18376618407357,4.467021345590752,8.48528137423857,138.13580204224164,0
deck,7057-196.jpg,cracked,1,0.00390625,0.390625,255.0,2.0,2.0,90.0,0
deck,7022-129.jpg,cracked,1,0.0335235595703125,3.35235595703125,290.2497833620557,4.8249880512487175,10.0,86.00748300957422,0
deck,7029-185.jpg,cracked,1,0.0117645263671875,1.17645263671875,129.63961030678928,4.146662694979667,8.48528137423857,120.5773442024072,3
deck,7029-224.jpg,cracked,1,0.0447540283203125,4.47540283203125,315.747258045114,5.782770455045759,14.142135623730951,134.45717486659635,0
deck,7038-222.jpg,cracked,1,0.0079193115234375,0.79193115234375,75.74011537017762,4.305256699061091,8.94427190999916,120.05230912255833,0
deck,7036-101.jpg,cracked,1,0.022308349609375,2.2308349609375,187.20815280171308,5.239811186821648,12.649110640673518,119.33528818299874,1
deck,7006-96.jpg,cracked,1,0.0377655029296875,3.77655029296875,312.49242404917504,5.307009520482697,14.422205101855956,21.329021379923006,4
deck,7027-101.jpg,cracked,1,0.004302978515625,0.4302978515625,38.04163056034262,4.368572494307157,8.246211251235321,118.48124046118427,0
deck,7040-63.jpg,cracked,1,0.009490966796875,0.9490966796875,100.94112549695429,4.107962579720153,8.94427190999916,79.78607444908444,0
deck,7007-187.jpg,cracked,1,0.032440185546875,3.2440185546875,295.2914139223983,4.750768624431812,10.0,150.11425387182325,6
deck,7015-158.jpg,cracked,1,0.04559326171875,4.559326171875,353.20310216782974,5.309309335225446,11.661903789690601,122.79404248002842,0
deck,7015-193.jpg,cracked,1,0.0341339111328125,3.41339111328125,282.99494936611666,5.01350803435594,10.770329614269007,88.40907656042522,0
deck,7039-201.jpg,cracked,1,0.019622802734375,1.9622802734375,172.4386001800126,4.587570719601561,11.313708498984761,169.18449092104615,0
deck,7001-226.jpg,cracked,1,0.0063323974609375,0.63323974609375,60.87005768508881,4.141259584718097,8.246211251235321,111.66573796665776,0
deck,7013-184.jpg,cracked,1,0.0368194580078125,3.68194580078125,326.43354954612926,4.852043735972169,10.0,152.75790371868294,5
deck,7013-99.jpg,cracked,1,0.0166473388671875,1.66473388671875,165.0538238691624,4.743946369704898,14.142135623730951,105.20851935406384,5
deck,7008-73.jpg,cracked,1,0.0064239501953125,0.64239501953125,77.35533905932738,3.592364360897994,8.246211251235321,86.84919095602248,0
deck,7038-163.jpg,cracked,1,0.0258636474609375,2.58636474609375,221.10764773832477,5.077945640482132,14.142135623730951,140.44860038990012,3
deck,7028-213.jpg,cracked,1,0.0499114990234375,4.99114990234375,356.63455967290594,5.864934638310469,14.0,145.62831277583246,5
deck,7057-213.jpg,cracked,1,0.00390625,0.390625,255.0,2.0,2.0,90.0,0
deck,7036-152.jpg,cracked,1,0.040496826171875,4.0496826171875,347.26197667087547,4.82249660698323,12.0,129.4128836518083,0
deck,7048-200.jpg,cracked,1,0.0036773681640625,0.36773681640625,30.38477631085024,4.495974857373464,10.0,118.41710792450876,0
deck,7010-246.jpg,cracked,1,0.00946044921875,0.946044921875,88.18376618407356,5.4716411705527035,15.231546211727817,69.58509972275907,1
deck,7040-237.jpg,cracked,1,0.036468505859375,3.6468505859375,300.19090885901,4.992840241840004,10.0,157.4567040614332,1
deck,7047-166.jpg,cracked,1,0.0119476318359375,1.19476318359375,118.71067811865476,4.32609111813856,8.48528137423857,41.2102765170597,0
deck,7010-113.jpg,cracked,1,0.031951904296875,3.1951904296875,296.49242404917504,4.596337855998905,10.0,112.16973793991622,0
deck,7046-58.jpg,cracked,1,0.021392822265625,2.1392822265625,194.76450198781714,4.5584581816610195,10.0,37.108818178711175,0
deck,7020-61.jpg,cracked,1,0.028778076171875,2.8778076171875,216.4213562373095,5.45499643086141,12.0,128.1783196386232,0
deck,7009-92.jpg,cracked,1,0.0086212158203125,0.86212158203125,82.52691193458118,4.358427432213749,8.94427190999916,175.83823898267588,0
deck,7020-152.jpg,cracked,1,0.006011962890625,0.6011962890625,60.112698372208094,4.126128136252033,8.48528137423857,111.15014465967198,0
deck,7010-184.jpg,cracked,1,0.0172119140625,1.72119140625,160.095454429505,4.691546405503307,11.313708498984761,121.77007533707175,0
deck,7028-246.jpg,cracked,1,0.018402099609375,1.8402099609375,124.12489168102786,5.988746569886259,14.0,140.3221603907271,0
deck,7021-224.jpg,cracked,1,0.046539306640625,4.6539306640625,328.73506473629425,5.899034889087325,14.560219778561036,112.48379897634473,0
deck,7046-118.jpg,cracked,1,0.0144195556640625,1.44195556640625,122.22539674441619,4.900959413647742,10.198039027185569,27.733186517576968,0
deck,7014-44.jpg,cracked,1,0.01324462890625,1.324462890625,135.08326112068522,4.316041729830051,10.770329614269007,47.41783802291742,0
deck,7021-28.jpg,cracked,1,0.0160369873046875,1.60369873046875,121.36753236814715,5.6886343397011006,12.806248474865697,125.4516917509387,1
deck,7007-184.jpg,cracked,1,0.0242156982421875,2.42156982421875,242.86500705120545,4.8658081362504575,12.165525060596439,94.31813491608868,15
deck,7028-195.jpg,cracked,1,0.00775146484375,0.775146484375,59.01219330881976,5.965979242896853,14.0,138.19510624754275,0
deck,7011-18.jpg,cracked,1,0.01763916015625,1.763916015625,143.19595949289334,5.3739546527583855,12.806248474865697,117.93127384173162,0
deck,7023-167.jpg,cracked,1,0.0069122314453125,0.69122314453125,60.04163056034262,4.6387554296712326,8.94427190999916,72.92792802835726,0
deck,7004-83.jpg,cracked,1,0.0281982421875,2.81982421875,218.4802307403552,5.26875612691554,12.0,30.16933033284903,0
deck,7015-176.jpg,cracked,1,0.036346435546875,3.6346435546875,302.94826817189073,5.318605022954982,18.110770276274835,118.69443583603099,5
deck,7014-240.jpg,cracked,1,0.0355987548828125,3.55987548828125,334.9066376115481,4.640948614835041,13.416407864998739,94.27407511581816,0
deck,7013-151.jpg,cracked,1,0.0046844482421875,0.46844482421875,57.87005768508881,3.9736428462490063,10.0,166.63902748559912,1
deck,7046-137.jpg,cracked,1,0.0087432861328125,0.87432861328125,75.59797974644667,4.673470135430376,10.0,156.1916187399141,0
deck,7020-131.jpg,cracked,1,0.0347137451171875,3.47137451171875,217.3797256769669,8.073633777982185,27.784887978899608,128.76205336616349,4
deck,7023-55.jpg,cracked,1,0.0180511474609375,1.80511474609375,156.19595949289334,4.791864269305244,10.0,122.94639103422845,0
deck,7021-226.jpg,cracked,1,0.0041046142578125,0.41046142578125,25.970562748477143,4.9988857046552155,10.770329614269007,55.612356858815154,0
deck,7019-171.jpg,cracked,1,0.0198822021484375,1.98822021484375,134.0538238691624,6.260996041974141,16.492422502470642,71.19362849935878,0
deck,7012-103.jpg,cracked,1,0.0059661865234375,0.59661865234375,51.35533905932738,5.6893282162210195,12.0,130.6597034009366,1
deck,7021-153.jpg,cracked,1,0.061614990234375,6.1614990234375,452.58787847868,6.03386012975352,19.79898987322333,82.321051592537,6
deck,7028-196.jpg,cracked,1,0.050445556640625,5.0445556640625,363.5046173579948,5.737343787577688,14.0,146.49678093271373,4
deck,7004-75.jpg,cracked,1,0.0089874267578125,0.89874267578125,82.2842712474619,4.522284680568963,8.94427190999916,179.1840986185343,0
deck,7011-210.jpg,cracked,1,0.022308349609375,2.2308349609375,164.88225099390857,5.598161801900342,14.142135623730951,75.33169424855092,0
deck,7008-6.jpg,cracked,1,0.0029754638671875,0.29754638671875,22.556349186104047,4.30003316297253,8.246211251235321,120.97569305646942,0
deck,7021-165.jpg,cracked,1,0.028289794921875,2.8289794921875,228.40916292848974,6.334055456157763,17.88854381999832,89.67108175878816,15
deck,7012-146.jpg,cracked,1,0.01141357421875,1.141357421875,106.15432893255071,4.358714468049108,12.0,44.59326813890229,0
deck,7035-46.jpg,cracked,1,0.048309326171875,4.8309326171875,410.2152954766495,4.997484829199887,10.0,134.6067530555389,6
deck,7029-48.jpg,cracked,1,0.0092926025390625,0.92926025390625,114.01219330881977,3.574119924258909,7.211102550927978,100.12875986006951,0
deck,7019-59.jpg,cracked,1,0.0409088134765625,4.09088134765625,327.0782104868019,6.49725201970894,26.076809620810597,81.9334964585719,11
deck,7021-100.jpg,cracked,1,0.0017852783203125,0.17852783203125,19.72792206135786,3.5235483963117864,6.324555320336759,59.9962222805662,0
deck,7027-191.jpg,cracked,1,0.0521240234375,5.21240234375,355.747258045114,6.196810591915242,20.8806130178211,120.1176946122829,3
deck,7021-210.jpg,cracked,1,0.0441131591796875,4.41131591796875,309.9066376115481,6.2443936147697645,17.08800749063506,69.40681477448243,3
deck,7016-154.jpg,cracked,1,0.0302581787109375,3.02581787109375,300.86500705120545,5.383097620246378,16.0,117.05055296667376,9
deck,7009-203.jpg,cracked,1,0.0338287353515625,3.38287353515625,283.5929291125633,4.964016183377061,10.0,113.17227178185897,1
deck,7048-152.jpg,cracked,1,0.00244140625,0.244140625,16.14213562373095,5.073911351507613,10.0,48.56250817445089,0
deck,7020-164.jpg,cracked,1,0.0334625244140625,3.34625244140625,263.6761902332486,5.1091062144022965,12.0,134.28502435404218,0
deck,7026-153.jpg,cracked,1,0.017852783203125,1.7852783203125,136.2670273047588,5.7803278595386995,14.0,143.24554015931616,5
deck,7009-75.jpg,cracked,1,0.0321044921875,3.21044921875,280.5756851698602,4.686627746735765,10.0,57.475623303115874,0
deck,7024-146.jpg,cracked,1,0.0011138916015625,0.11138916015625,13.071067811865476,3.226188465743047,6.324555320336759,155.9407601729002,0
deck,7050-158.jpg,cracked,1,0.012939453125,1.2939453125,113.46803743153546,4.1819415442247125,10.0,152.6084521266812,0
deck,7022-236.jpg,cracked,1,0.0413665771484375,4.13665771484375,313.4629867976521,5.444919025869423,14.0,114.45845031235591,0
deck,7020-8.jpg,cracked,1,0.010589599609375,1.0589599609375,130.08326112068522,5.2977730439076005,14.142135623730951,86.87650193391839,9
deck,7057-195.jpg,cracked,1,0.00390625,0.390625,255.0,2.0,2.0,90.0,0
deck,7026-101.jpg,cracked,1,0.0327301025390625,3.27301025390625,225.86500705120545,5.8621380625061885,12.806248474865697,134.4528700657261,0
deck,7010-34.jpg,cracked,1,0.0381622314453125,3.81622314453125,302.94826817189073,5.174030253526015,11.313708498984761,124.30724729020788,0
deck,7026-221.jpg,cracked,1,0.052764892578125,5.2764892578125,422.8305191657993,5.282895541485473,16.0,130.12850588343625,2
deck,7029-201.jpg,cracked,1,0.0115966796875,1.15966796875,103.08326112068524,5.126976280384633,11.661903789690601,156.11764019448145,6
deck,7022-165.jpg,cracked,1,0.040283203125,4.0283203125,362.26197667087547,4.973745925463088,14.422205101855956,49.69308868783478,12
deck,7010-24.jpg,cracked,1,0.03173828125,3.173828125,312.96551211459376,4.4190265436074085,11.313708498984761,59.376686603899955,0
deck,7026-113.jpg,cracked,1,0.0406036376953125,4.06036376953125,310.63455967290594,5.323209543918547,12.649110640673518,40.248121229141844,0
deck,7014-116.jpg,cracked,1,0.0216064453125,2.16064453125,194.06601717798213,4.644982953903844,10.770329614269007,108.92993945454742,0
deck,7004-128.jpg,cracked,1,0.009002685546875,0.9002685546875,85.59797974644667,4.523641329991147,10.0,168.10538008005946,1
deck,7037-182.jpg,cracked,1,0.0186920166015625,1.86920166015625,164.92388155425118,5.181737961515656,12.806248474865697,117.51391124002815,4
deck,7021-150.jpg,cracked,1,0.0182952880859375,1.82952880859375,169.0538238691624,5.9394635334398735,16.1245154965971,162.6919785429079,5
deck,7024-29.jpg,cracked,1,0.0124053955078125,1.24053955078125,97.76955262170048,5.176731738217149,11.313708498984761,161.21645401323576,0
deck,7004-121.jpg,cracked,1,0.050445556640625,5.0445556640625,371.17366491630685,5.468065009676687,11.661903789690601,38.05513683494232,1
deck,7028-197.jpg,cracked,1,0.01861572265625,1.861572265625,145.39696961967,5.440131894667133,12.0,154.12273191387598,1
deck,7036-86.jpg,cracked,1,0.0356903076171875,3.56903076171875,301.1787155501902,4.913277328053742,10.198039027185569,167.3946183630033,4
deck,7041-192.jpg,cracked,1,0.033905029296875,3.3905029296875,283.2497833620557,5.372213607039497,14.142135623730951,118.88861688310801,10
deck,7018-25.jpg,cracked,1,0.0184783935546875,1.84783935546875,96.8111831820431,8.885223828045861,20.0,38.48032366086494,4
deck,7039-185.jpg,cracked,1,0.00994873046875,0.994873046875,88.5685424949238,4.457988758196003,8.94427190999916,112.11151998038889,0
deck,7026-56.jpg,cracked,1,0.0076141357421875,0.76141357421875,70.08326112068524,4.228036315363585,8.48528137423857,49.53595253460796,0
deck,7013-167.jpg,cracked,1,0.0240478515625,2.40478515625,218.6223663640862,4.757160988419975,10.0,119.16386052133069,0
deck,7011-115.jpg,cracked,1,0.010986328125,1.0986328125,108.81118318204308,4.635312266821201,12.0,26.972084430533727,0
deck,7020-162.jpg,cracked,1,0.0536041259765625,5.36041259765625,336.2914139223983,6.9554714501454855,23.40939982143925,28.053882207890467,4
deck,7009-81.jpg,cracked,1,0.0404815673828125,4.04815673828125,307.84776310850236,5.3180368027558185,12.165525060596439,147.76860826781143,0
deck,7015-23.jpg,cracked,1,0.0086212158203125,0.86212158203125,75.18376618407358,4.876245278090611,10.770329614269007,76.67157881204076,0
deck,7051-33.jpg,cracked,1,0.0155181884765625,1.55181884765625,133.36753236814712,4.850487240059794,11.313708498984761,157.63414970092703,0
deck,7005-81.jpg,cracked,1,0.0477294921875,4.77294921875,364.1025971044414,5.56068491856517,15.231546211727817,46.92149695164918,5
deck,7049-140.jpg,cracked,1,0.014984130859375,1.4984130859375,137.59797974644667,4.464667356105177,8.94427190999916,178.73883602584922,0
deck,7002-49.jpg,cracked,1,0.0353240966796875,3.53240966796875,304.2497833620557,4.8229682153911355,11.313708498984761,149.5029169307942,0
deck,7021-189.jpg,cracked,1,0.0453338623046875,4.53338623046875,327.63455967290594,5.722635574906211,14.0,116.88040593633998,0
deck,7052-243.jpg,cracked,1,0.00604248046875,0.604248046875,64.2842712474619,4.023921066194249,8.0,109.15651356534627,0
deck,7017-53.jpg,cracked,1,0.012237548828125,1.2237548828125,120.29646455628166,4.828337292889643,14.0,28.28340289654838,6
deck,7004-102.jpg,cracked,1,0.03662109375,3.662109375,325.00714267493646,4.712977060338595,10.0,69.80500441864967,0
deck,7020-165.jpg,cracked,1,0.0147705078125,1.47705078125,116.91168824543144,5.069478652751904,11.661903789690601,143.37340519659256,0
deck,7014-62.jpg,cracked,1,0.0012969970703125,0.12969970703125,14.65685424949238,3.3203504158784414,6.0,105.56394718341605,0
deck,7022-164.jpg,cracked,1,0.028106689453125,2.8106689453125,260.3086578651014,4.694015551841086,12.649110640673518,2.550596926981541,4
deck,7027-106.jpg,cracked,1,0.0589752197265625,5.89752197265625,414.5584412271571,6.112730062168395,15.620499351813308,126.83131155615018,13
deck,7028-229.jpg,cracked,1,0.0101776123046875,1.01776123046875,74.59797974644667,6.4067175020815785,15.620499351813308,146.18648815496633,0
deck,7026-204.jpg,cracked,1,0.087890625,8.7890625,670.4650788387053,5.834135699303382,16.97056274847714,147.98248180882428,18
deck,7014-196.jpg,cracked,1,0.0015106201171875,0.15106201171875,13.828427124746192,3.101465323789643,6.0,174.70940376478174,0
deck,7021-7.jpg,cracked,1,0.03155517578125,3.155517578125,245.27922061357856,5.386214484471531,12.649110640673518,26.92429366451242,1
deck,7006-155.jpg,cracked,1,0.024139404296875,2.4139404296875,217.99494936611666,4.967453802322624,14.142135623730951,158.260562000353,0
deck,7009-220.jpg,cracked,1,0.038055419921875,3.8055419921875,325.14927829866735,4.775755762531269,11.661903789690601,109.40409778007246,0
deck,7016-121.jpg,cracked,1,0.0296173095703125,2.96173095703125,242.6639969244288,5.070375965139826,14.0,146.74983741613178,0
deck,7007-165.jpg,cracked,1,0.0391845703125,3.91845703125,366.34523779156075,4.6454231596310915,8.94427190999916,48.939090531859996,5
deck,7046-138.jpg,cracked,1,0.0267486572265625,2.67486572265625,232.14927829866738,5.18592430416338,14.422205101855956,53.648019743932,5
deck,7011-79.jpg,cracked,1,0.0511627197265625,5.11627197265625,449.2741699796952,4.971080206154931,13.416407864998739,103.3366616308917,9
deck,7012-170.jpg,cracked,1,0.045166015625,4.5166015625,389.23253941935263,4.81861991499646,12.806248474865697,166.65924451310295,1
deck,7024-30.jpg,cracked,1,0.0450286865234375,4.50286865234375,375.06096654409885,5.238331573496241,12.649110640673518,131.38397386252407,4
deck,7024-79.jpg,cracked,1,0.0450439453125,4.50439453125,303.46298679765215,6.035798037190779,19.79898987322333,151.66844451962766,0
deck,7050-162.jpg,cracked,1,0.00665283203125,0.665283203125,57.941125496954285,4.454206382717827,10.0,10.224234125976494,0
deck,7052-32.jpg,cracked,1,0.00030517578125,0.030517578125,9.65685424949238,2.082842712474619,2.8284271247461903,153.26442768349258,0
deck,7004-63.jpg,cracked,1,0.0455780029296875,4.55780029296875,372.63455967290594,5.179543199704696,15.231546211727817,146.32555601000342,3
deck,7025-146.jpg,cracked,1,0.0075531005859375,0.75531005859375,71.59797974644667,5.322882022819661,12.649110640673518,132.51258639531883,6
deck,7047-226.jpg,cracked,1,0.016815185546875,1.6815185546875,151.9827560572969,4.629355097478307,10.198039027185569,13.564855342887313,0
deck,7029-154.jpg,cracked,1,0.0046234130859375,0.46234130859375,41.97056274847714,4.419186299714585,8.246211251235321,70.990382548223,0
deck,7012-31.jpg,cracked,1,0.0374908447265625,3.74908447265625,313.492424049175,5.07994856309418,10.770329614269007,99.8667752048389,4
deck,7025-14.jpg,cracked,1,0.0162811279296875,1.62811279296875,123.88225099390857,4.935307928373703,12.806248474865697,160.36397055997222,0
deck,7029-142.jpg,cracked,1,0.0077362060546875,0.77362060546875,75.42640687119285,5.012829737655938,12.0,157.38766521889593,3
deck,7029-30.jpg,cracked,1,0.0507049560546875,5.07049560546875,293.9655121145938,8.903400704917418,35.77708763999664,4.160653037847993,8
deck,7023-196.jpg,cracked,1,0.0022125244140625,0.22125244140625,23.72792206135786,3.877751656028311,7.211102550927978,114.25533921513366,0
deck,7036-170.jpg,cracked,1,0.010040283203125,1.0040283203125,82.18376618407356,4.914705503428869,10.0,111.06736781414487,0
deck,7006-78.jpg,cracked,1,0.012542724609375,1.2542724609375,95.63961030678928,6.071565305738381,14.142135623730951,39.74996768543244,1
deck,7002-86.jpg,cracked,1,0.0073089599609375,0.73089599609375,67.18376618407356,4.870530037848552,12.0,59.4783598188291,0
deck,7054-99.jpg,cracked,1,0.0337371826171875,3.37371826171875,299.9066376115481,4.902259213885171,15.231546211727817,116.28128474963003,0
deck,7008-41.jpg,cracked,1,0.0325927734375,3.25927734375,289.69343417595167,4.707383782172381,10.0,164.69179343636367,1
deck,7006-59.jpg,cracked,1,0.034576416015625,3.4576416015625,292.2081528017131,4.965437856016479,10.770329614269007,80.77051927203074,0
deck,7037-114.jpg,cracked,1,0.0046539306640625,0.46539306640625,41.2842712474619,5.211825786924523,11.313708498984761,134.2715002268042,0
deck,7006-153.jpg,cracked,1,0.06707763671875,6.707763671875,571.6000717874997,5.254282830174746,16.1245154965971,28.502407498627093,18
deck,7014-26.jpg,cracked,1,0.04034423828125,4.034423828125,367.4213562373095,5.376024513618831,18.867962264113206,133.92123573955098,11
deck,7041-174.jpg,cracked,1,0.031982421875,3.1982421875,297.89444430272835,4.740837696646586,12.165525060596439,35.381539395839724,7
deck,7028-162.jpg,cracked,1,0.060028076171875,6.0028076171875,417.144227664784,6.6433309528997455,20.591260281974,120.08481138734001,12
deck,7016-153.jpg,cracked,1,0.00311279296875,0.311279296875,49.828427124746185,4.551083604304991,8.0,89.23273387447757,0
deck,7021-206.jpg,cracked,1,0.004302978515625,0.4302978515625,37.97056274847714,6.041877014913988,15.620499351813308,113.82466946935695,0
deck,7021-12.jpg,cracked,1,0.0589447021484375,5.89447021484375,393.17366491630685,6.101498142582005,14.0,134.8903398472567,7
deck,7010-17.jpg,cracked,1,0.0445098876953125,4.45098876953125,363.7888886054567,5.1859098447294105,12.165525060596439,133.66048480275884,4
deck,7049-49.jpg,cracked,1,0.0180816650390625,1.80816650390625,143.095454429505,5.07481508283638,13.416407864998739,158.2850426961651,3
deck,7027-219.jpg,cracked,1,0.0092620849609375,0.92620849609375,95.21320343559643,3.9582471704637174,8.94427190999916,95.740653034698,0
deck,7020-161.jpg,cracked,1,0.047088623046875,4.7088623046875,283.27922061357856,7.268303222466597,24.08318915758459,19.82617187532867,3
deck,7004-62.jpg,cracked,1,0.0437774658203125,4.37774658203125,332.2203461105329,5.645978721103983,16.0,161.0017691376354,8
deck,7023-73.jpg,cracked,1,0.0071563720703125,0.71563720703125,59.769552621700484,5.6469363170872695,16.0,3.8292789187805454,0
deck,7019-115.jpg,cracked,1,0.013702392578125,1.3702392578125,98.49747468305833,6.4248970010683655,17.88854381999832,30.526631547529462,1
deck,7024-12.jpg,cracked,1,0.0116729736328125,1.16729736328125,90.46803743153548,5.411382749344238,11.313708498984761,137.3495719590804,0
deck,7002-104.jpg,cracked,1,0.0132904052734375,1.32904052734375,118.8111831820431,4.682518616758671,10.0,67.70047365772514,0
deck,7045-44.jpg,cracked,1,0.0162811279296875,1.62811279296875,156.99494936611666,4.548639687894993,12.0,37.22662905671723,0
deck,7005-91.jpg,cracked,1,0.008148193359375,0.8148193359375,84.76955262170048,4.037019099507724,8.94427190999916,59.70304050874402,0
deck,7026-69.jpg,cracked,1,0.03009033203125,3.009033203125,227.83556979968262,6.0151661984370195,14.422205101855956,133.78334591902413,6
deck,7013-201.jpg,cracked,1,0.0384063720703125,3.84063720703125,336.71782079359116,4.70960345038832,12.649110640673518,150.80418959365994,0
deck,7001-43.jpg,cracked,1,0.007781982421875,0.7781982421875,74.35533905932738,4.308359033589417,8.48528137423857,158.49170136750934,1
deck,7022-111.jpg,cracked,1,0.003387451171875,0.3387451171875,41.31370849898476,3.4715577263914823,6.324555320336759,89.12086087464738,0
deck,7005-176.jpg,cracked,1,0.0104827880859375,1.04827880859375,96.15432893255071,4.724691061961815,10.770329614269007,26.267653392254402,0
deck,7027-71.jpg,cracked,1,0.04119873046875,4.119873046875,347.17871555019025,5.007547867350727,11.313708498984761,115.38509726860929,0
deck,7029-242.jpg,cracked,1,0.0126953125,1.26953125,105.11269837220809,7.642417356645889,18.439088914585774,170.7648421607244,1
deck,7026-169.jpg,cracked,1,0.0516204833984375,5.16204833984375,415.17366491630685,5.7579316488765695,15.620499351813308,133.86044588958632,14
deck,7006-154.jpg,cracked,1,0.0225830078125,2.25830078125,245.2497833620557,4.188006815341098,10.198039027185569,32.90718663692698,0
deck,7012-13.jpg,cracked,1,0.01983642578125,1.983642578125,173.82337649086287,5.106890947304772,15.231546211727817,100.45529942631401,0
deck,7011-192.jpg,cracked,1,0.07037353515625,7.037353515625,586.5290039756343,5.26344185016714,13.416407864998739,178.98727160366698,13
deck,7022-93.jpg,cracked,1,0.014739990234375,1.4739990234375,144.95331880577407,4.574833991204068,10.198039027185569,65.99023546954052,1
deck,7011-239.jpg,cracked,1,0.0314178466796875,3.14178466796875,298.46298679765215,4.6003364710136285,10.0,127.1954886841821,4
deck,7038-130.jpg,cracked,1,0.003204345703125,0.3204345703125,38.89949493661167,3.526612194780128,6.0,169.03109772256613,0
deck,7021-81.jpg,cracked,1,0.0048065185546875,0.48065185546875,41.62741699796952,6.372914590189611,14.142135623730951,126.22622142467003,1
deck,7019-209.jpg,cracked,1,0.0037384033203125,0.37384033203125,27.556349186104047,6.647915620095966,14.0,51.029917204543445,0
deck,7015-87.jpg,cracked,1,0.0073394775390625,0.73394775390625,66.698484809835,4.906548110312306,12.806248474865697,109.11294855912033,0
deck,7006-23.jpg,cracked,1,0.030059814453125,3.0059814453125,241.6223663640862,5.021721888197889,11.313708498984761,104.21006096904064,0
deck,7022-110.jpg,cracked,1,0.012054443359375,1.2054443359375,102.05382386916237,4.650787669893057,10.0,123.59164852808259,0
deck,7012-186.jpg,cracked,1,0.0382080078125,3.82080078125,316.5340546095176,5.123426278580177,11.313708498984761,168.51074981677124,6
deck,7011-168.jpg,cracked,1,0.0321807861328125,3.21807861328125,318.1787155501902,4.389890183918093,10.0,88.24800888129583,4
deck,7020-26.jpg,cracked,1,0.0760345458984375,7.60345458984375,517.286363288515,6.4556358181523406,20.0,36.668093361485745,12
deck,7021-99.jpg,cracked,1,0.0372467041015625,3.72467041015625,332.0782104868019,5.450712328697244,20.0,56.7506755636804,11
deck,7040-186.jpg,cracked,1,0.0061492919921875,0.61492919921875,52.04163056034262,5.451253172507894,14.0,155.71322930932467,0
deck,7021-191.jpg,cracked,1,0.003173828125,0.3173828125,28.899494936611667,9.812564058027778,26.90724809414742,38.57276898959756,0
deck,7020-83.jpg,cracked,1,0.0447540283203125,4.47540283203125,279.4213562373095,7.110730914844717,19.697715603592208,58.10175054960496,7
deck,7005-141.jpg,cracked,1,0.0298004150390625,2.98004150390625,271.2914139223983,4.807214043534299,10.198039027185569,141.97427335594642,3
deck,7015-235.jpg,cracked,1,0.0090484619140625,0.90484619140625,110.84062043356596,4.122749226016098,8.94427190999916,103.84892085180994,5
deck,7054-108.jpg,cracked,1,0.002044677734375,0.2044677734375,21.48528137423857,3.507007557355172,6.324555320336759,14.8373604592135,0
deck,7005-177.jpg,cracked,1,0.0098114013671875,0.98114013671875,89.63961030678928,5.061645393981273,10.0,45.75730078598315,6
deck,7021-46.jpg,cracked,1,0.0542144775390625,5.42144775390625,410.4041122946064,5.82997567904306,14.142135623730951,142.1195378299283,12
deck,7006-75.jpg,cracked,1,0.03955078125,3.955078125,335.45079348883235,5.279492553457914,16.0,174.1661806713329,8
deck,7012-211.jpg,cracked,1,0.0080718994140625,0.80718994140625,74.66904755831214,4.528027073933956,10.0,41.03416972034128,0
deck,7035-79.jpg,cracked,1,0.01171875,1.171875,99.46803743153546,4.593870097585309,10.0,143.2841702757335,0
deck,7007-200.jpg,cracked,1,0.0015716552734375,0.15716552734375,17.72792206135786,3.525350714303865,7.211102550927978,131.40786630378656,0
deck,7006-76.jpg,cracked,1,0.0467071533203125,4.67071533203125,396.19090885901,5.342839535935735,18.0,142.47266764597668,10
deck,7024-112.jpg,cracked,1,0.0493927001953125,4.93927001953125,371.6173157302028,5.5106414575201095,12.649110640673518,148.13703718583187,4
deck,7016-101.jpg,cracked,1,0.019134521484375,1.9134521484375,177.2670273047588,4.833567654240713,12.649110640673518,94.8022154142076,4
deck,7010-174.jpg,cracked,1,0.0391082763671875,3.91082763671875,301.1787155501902,5.3034045703066095,11.313708498984761,111.4525569843556,0
deck,7025-111.jpg,cracked,1,0.00982666015625,0.982666015625,91.18376618407356,5.253953098220169,13.416407864998739,162.06627707541952,0
deck,7036-134.jpg,cracked,1,0.0095062255859375,0.95062255859375,79.91168824543144,5.169021255655638,12.0,145.29376595055695,0
deck,7047-225.jpg,cracked,1,0.015533447265625,1.5533447265625,155.1959594928933,4.6095847511656265,10.0,32.49533814672017,4
deck,7026-152.jpg,cracked,1,0.0771942138671875,7.71942138671875,580.8132752230962,5.986414284455411,20.09975124224178,155.89432008084785,16
deck,7010-78.jpg,cracked,1,0.008148193359375,0.8148193359375,82.76955262170047,4.214162714933365,8.94427190999916,75.18559273610265,0
deck,7016-206.jpg,cracked,1,0.0282135009765625,2.82135009765625,253.12489168102786,4.758887708761374,11.313708498984761,95.55010445375048,0
deck,7021-171.jpg,cracked,1,0.0402069091796875,4.02069091796875,252.82337649086287,8.072016978466802,30.0,70.7166329960617,3
deck,7053-103.jpg,cracked,1,0.0365142822265625,3.65142822265625,320.4213562373095,4.862136122516663,10.0,153.10929581010475,5
deck,7022-24.jpg,cracked,1,0.027374267578125,2.7374267578125,216.1370849898476,5.289051183069597,11.313708498984761,149.36193865888805,3
deck,7011-190.jpg,cracked,1,0.04925537109375,4.925537109375,425.63455967290594,4.980115231598193,15.620499351813308,153.20268026381714,5
deck,7028-223.jpg,cracked,1,0.0095672607421875,0.95672607421875,85.59797974644667,5.108551800332816,14.0,65.54522149456412,0
deck,7057-227.jpg,cracked,1,0.00390625,0.390625,255.0,2.0,2.0,90.0,0
deck,7029-148.jpg,cracked,1,0.006378173828125,0.6378173828125,54.254833995939045,4.550828908032112,8.48528137423857,133.7623122080116,0
deck,7037-115.jpg,cracked,1,0.038665771484375,3.8665771484375,329.14927829866735,5.07047195197049,11.661903789690601,166.4745619797764,9
deck,7046-59.jpg,cracked,1,0.0216064453125,2.16064453125,183.7228714274745,4.841677890330226,10.0,32.77688829847398,0
deck,7006-73.jpg,cracked,1,0.01611328125,1.611328125,145.32590180780454,4.733748392514999,11.661903789690601,174.89951173458184,0
deck,7038-131.jpg,cracked,1,0.004486083984375,0.4486083984375,37.2842712474619,4.888787518929901,10.0,144.91210964555853,0
deck,7015-182.jpg,cracked,1,0.0110931396484375,1.10931396484375,109.1543289325507,4.473274667659489,10.0,110.92176009290525,0
deck,7004-193.jpg,cracked,1,0.0047149658203125,0.47149658203125,47.21320343559643,4.153124674250742,8.246211251235321,108.27290003541896,0
deck,7024-64.jpg,cracked,1,0.0328521728515625,3.28521728515625,273.73506473629425,5.948461376960537,19.79898987322333,139.03071752291152,15
deck,7049-160.jpg,cracked,1,0.0076446533203125,0.76446533203125,71.66904755831214,4.351312011059408,8.48528137423857,27.907706260260795,0
deck,7010-98.jpg,cracked,1,0.039703369140625,3.9703369140625,320.1614716074871,5.051213486139946,10.770329614269007,22.72839521292073,3
deck,7012-85.jpg,cracked,1,0.0583648681640625,5.83648681640625,493.9188309203679,5.4431042396764555,20.0,123.16856394445779,11
deck,7047-167.jpg,cracked,1,0.0045623779296875,0.45623779296875,52.55634918610404,3.854481048515752,8.0,101.84101346178551,0
deck,7006-77.jpg,cracked,1,0.043701171875,4.3701171875,382.5340546095176,5.057509149327348,12.806248474865697,40.57484334194277,5
deck,7019-95.jpg,cracked,1,0.0502166748046875,5.02166748046875,372.33304448274095,5.86252298701421,15.231546211727817,59.39012792054897,6
deck,7011-107.jpg,cracked,1,0.0284423828125,2.84423828125,220.93607486307093,5.406395126203456,14.0,125.75002206719942,0
deck,7017-32.jpg,cracked,1,0.07470703125,7.470703125,409.9726547895302,8.1574471675971,25.45584412271571,36.579125224076336,9
deck,7021-146.jpg,cracked,1,0.031951904296875,3.1951904296875,292.0071426749364,4.751701499428921,14.422205101855956,116.8530505629738,1
deck,7021-249.jpg,cracked,1,0.0440826416015625,4.40826416015625,269.17871555019025,7.4992815103448445,22.627416997969522,24.812827010659333,8
deck,7015-111.jpg,cracked,1,0.026702880859375,2.6702880859375,243.30865786510142,4.559678126075901,10.0,102.08827359948678,0
deck,7004-167.jpg,cracked,1,0.001708984375,0.1708984375,20.071067811865476,3.7192664224015575,7.211102550927978,85.65231021061966,0
deck,7026-17.jpg,cracked,1,0.05010986328125,5.010986328125,379.93102422918764,5.165185490439668,14.0,120.99039093073029,0
deck,7051-153.jpg,cracked,1,0.005096435546875,0.5096435546875,44.14213562373095,4.417281548038264,8.94427190999916,104.20973435528902,0
deck,7015-140.jpg,cracked,1,0.0149688720703125,1.49688720703125,139.66904755831214,4.832843056153068,13.416407864998739,99.99206253992948,0
deck,7021-174.jpg,cracked,1,0.0117034912109375,1.17034912109375,89.15432893255071,5.149619242710521,11.313708498984761,133.80843575597882,0
deck,7026-52.jpg,cracked,1,0.0132598876953125,1.32598876953125,96.05382386916237,6.092295899697226,13.416407864998739,134.14802519523275,1
deck,7009-47.jpg,cracked,1,0.045257568359375,4.5257568359375,363.58787847867995,5.249408823144986,11.313708498984761,135.5529225351783,5
deck,7048-192.jpg,cracked,1,0.005218505859375,0.5218505859375,44.941125496954285,5.171542569508748,10.198039027185569,42.022925055156634,1
deck,7009-46.jpg,cracked,1,0.0055694580078125,0.55694580078125,52.04163056034262,4.371064527145446,8.94427190999916,122.12215356359266,0
deck,7004-84.jpg,cracked,1,0.0328369140625,3.28369140625,259.9066376115481,5.255816400535082,11.661903789690601,55.94992425085261,5
deck,7022-185.jpg,cracked,1,0.045013427734375,4.5013427734375,307.2081528017131,6.180077649056052,16.97056274847714,7.824936891986255,6
deck,7037-165.jpg,cracked,1,0.0129241943359375,1.29241943359375,106.43860018001261,4.839413377751314,10.0,133.0411071344736,0
deck,7046-176.jpg,cracked,1,0.0364227294921875,3.64227294921875,318.7766952966369,4.783161318714927,10.0,49.91412118545626,0
deck,7027-36.jpg,cracked,1,0.00970458984375,0.970458984375,79.42640687119285,6.072292439269857,17.08800749063506,138.895934812094,0
deck,7015-141.jpg,cracked,1,0.0111083984375,1.11083984375,92.32590180780451,4.996570341819239,14.0,117.61292149703448,0
deck,7046-197.jpg,cracked,1,0.028167724609375,2.8167724609375,238.36753236814712,5.266656097767061,15.620499351813308,0.26204800134019024,4
deck,7024-96.jpg,cracked,1,0.042022705078125,4.2022705078125,295.86500705120545,5.6897568033027826,12.649110640673518,161.45072523307473,1
deck,7010-100.jpg,cracked,1,0.042816162109375,4.2816162109375,331.0071426749364,5.524244883452305,14.560219778561036,1.3650438298164715,6
deck,7019-248.jpg,cracked,1,0.0413818359375,4.13818359375,243.17871555019025,7.839392234346317,31.04834939252005,19.314198751144772,4
deck,7022-184.jpg,cracked,1,0.07305908203125,7.305908203125,519.5584412271571,6.018086914220194,16.1245154965971,25.970250707452408,12
deck,7005-80.jpg,cracked,1,0.0046234130859375,0.46234130859375,37.97056274847714,7.296139293093719,17.08800749063506,36.78640907836112,0
deck,7007-180.jpg,cracked,1,0.0010986328125,0.10986328125,15.899494936611665,3.3493668114418775,6.324555320336759,31.094792278076824,1
deck,7004-64.jpg,cracked,1,0.054962158203125,5.4962158203125,434.4041122946064,5.550561427333479,19.697715603592208,29.667173794536353,1
deck,7013-133.jpg,cracked,1,0.0367889404296875,3.67889404296875,300.73506473629425,5.382655974469602,16.0,153.82890640927772,0
deck,7021-132.jpg,cracked,1,0.0379180908203125,3.79180908203125,290.0071426749364,6.0535276756202006,17.88854381999832,142.38808937753745,3
deck,7046-156.jpg,cracked,1,0.0142974853515625,1.42974853515625,129.88225099390857,4.828885656325437,14.0,54.36580112339129,0
deck,7010-85.jpg,cracked,1,0.0381011962890625,3.81011962890625,302.1198410471445,5.341905487333356,12.806248474865697,142.87131029773752,0
deck,7018-83.jpg,cracked,1,0.0628204345703125,6.28204345703125,386.0193359837562,6.804604157018938,22.0,33.81891224727937,4
deck,7045-144.jpg,cracked,1,0.0111541748046875,1.11541748046875,97.53910524340095,4.73445490240609,10.0,39.93786784179639,0
deck,7009-97.jpg,cracked,1,0.0432891845703125,4.32891845703125,325.889393668845,5.280722681695367,12.0,145.95438773618116,0
deck,7020-148.jpg,cracked,1,0.0520477294921875,5.20477294921875,382.00209204105306,5.974879806500543,18.0,137.94406448024134,8
deck,7005-26.jpg,cracked,1,0.023223876953125,2.3223876953125,193.12489168102786,5.37965721582418,16.0,118.33297059527415,3
deck,7007-201.jpg,cracked,1,0.006622314453125,0.6622314453125,65.59797974644667,4.320455775757033,8.94427190999916,155.75375297041276,0
deck,7023-21.jpg,cracked,1,0.0169219970703125,1.69219970703125,133.12489168102786,5.0298287900891605,10.0,149.27210547230098,0
deck,7019-172.jpg,cracked,1,0.0531158447265625,5.31158447265625,337.9360748630709,6.941377938985407,23.323807579381203,22.298090895302863,5
deck,7015-217.jpg,cracked,1,0.0301055908203125,3.01055908203125,279.7056274847714,4.544669934640877,8.94427190999916,121.45661952082877,0
deck,7015-199.jpg,cracked,1,0.0213470458984375,2.13470458984375,209.68124086713192,4.356168024119477,8.94427190999916,109.62263027612362,0
deck,7002-28.jpg,cracked,1,0.0389556884765625,3.89556884765625,305.333044482741,5.279380505460776,11.313708498984761,39.05374653100145,1
deck,7041-181.jpg,cracked,1,0.009307861328125,0.9307861328125,222.2426406871193,3.8218975956753325,6.0,90.05527233157102,3
deck,7036-85.jpg,cracked,1,0.0552978515625,5.52978515625,503.889393668845,5.076199619465014,14.142135623730951,178.18721768315856,13
deck,7036-217.jpg,cracked,1,0.0010223388671875,0.10223388671875,9.071067811865476,3.2350111368303778,5.656854249492381,145.60705784349705,0
deck,7019-21.jpg,cracked,1,0.01751708984375,1.751708984375,124.2670273047588,5.748169859539549,11.313708498984761,48.92197186495365,1
deck,7004-39.jpg,cracked,1,0.0016326904296875,0.16326904296875,14.899494936611665,3.8401160215337917,7.211102550927978,38.225175989187875,0
deck,7010-97.jpg,cracked,1,0.014404296875,1.4404296875,133.94112549695427,4.539668094821784,10.0,175.39071797042635,1
deck,7025-95.jpg,cracked,1,0.0237884521484375,2.37884521484375,193.61017305526642,5.641548351728179,13.416407864998739,162.16972568230196,3
deck,7005-138.jpg,cracked,1,0.0369110107421875,3.69110107421875,315.1198410471445,5.301508503462719,13.416407864998739,41.07747925178313,11
deck,7051-210.jpg,cracked,1,0.0108184814453125,1.08184814453125,91.46803743153546,4.806849468517197,10.0,33.27177056672679,0
deck,7011-187.jpg,cracked,1,0.0172271728515625,1.72271728515625,174.08326112068522,4.285878046724524,10.0,9.206727799890388,0
deck,7005-139.jpg,cracked,1,0.00384521484375,0.384521484375,33.62741699796952,4.862333976250799,10.0,36.38311669449817,0
deck,7009-37.jpg,cracked,1,0.0205535888671875,2.05535888671875,184.5512985522207,4.602645096520277,10.0,32.763885861649214,0
deck,7006-173.jpg,cracked,1,0.03997802734375,3.997802734375,326.91883092036784,5.379549062030549,14.142135623730951,47.49861641992867,5
deck,7029-226.jpg,cracked,1,0.0124359130859375,1.24359130859375,90.698484809835,5.799380574388131,13.416407864998739,171.7153174093747,1
deck,7024-128.jpg,cracked,1,0.0334320068359375,3.34320068359375,280.87720036002526,5.364246775118415,16.492422502470642,147.14229259584985,4
deck,7046-39.jpg,cracked,1,0.0052947998046875,0.52947998046875,55.59797974644666,3.801641390184914,7.211102550927978,47.71787943845521,0
deck,7011-132.jpg,cracked,1,0.0286712646484375,2.86712646484375,265.7228714274745,4.575706848408543,10.770329614269007,101.39620297381987,0
deck,7010-68.jpg,cracked,1,0.0090179443359375,0.90179443359375,69.91168824543144,5.568726000176692,13.416407864998739,139.86367923283282,0
deck,7047-227.jpg,cracked,1,0.0091400146484375,0.91400146484375,81.08326112068524,4.5720590939527215,10.0,62.49710525249563,0
deck,7023-237.jpg,cracked,1,0.0208587646484375,2.08587646484375,195.29646455628168,4.359259240108708,10.0,72.4535724924952,0
deck,7020-142.jpg,cracked,1,0.0572357177734375,5.72357177734375,377.50461735799473,6.519821084929953,18.439088914585774,27.04759376464287,8
deck,7015-147.jpg,cracked,1,0.0119171142578125,1.19171142578125,124.74011537017762,4.4910673461947175,10.0,107.33130738010787,3
deck,7012-136.jpg,cracked,1,0.0041046142578125,0.41046142578125,37.55634918610404,6.477495654587893,16.0,123.56039384838746,0
deck,7025-128.jpg,cracked,1,0.037322998046875,3.7322998046875,297.94826817189073,5.297529607552843,14.142135623730951,146.13354127175725,0
deck,7027-243.jpg,cracked,1,0.0425567626953125,4.25567626953125,262.8355697996826,6.856624472741854,18.0,124.66764093271259,6
deck,7054-122.jpg,cracked,1,0.0210113525390625,2.10113525390625,173.82337649086284,5.096688375340621,12.0,152.88585837935187,0
deck,7024-80.jpg,cracked,1,0.0464935302734375,4.64935302734375,364.22034611053283,5.422552681599363,12.649110640673518,170.2016813639122,8
deck,7023-181.jpg,cracked,1,0.0013275146484375,0.13275146484375,16.899494936611667,3.960314512193997,8.246211251235321,2.937555425846824,4
deck,7010-191.jpg,cracked,1,0.0060882568359375,0.60882568359375,53.87005768508881,5.337416463959124,14.0,149.29008202653293,0
deck,7021-117.jpg,cracked,1,0.054779052734375,5.4779052734375,423.26197667087547,6.181511594190655,18.973665961010276,86.50199195594232,15
deck,7024-111.jpg,cracked,1,0.0188751220703125,1.88751220703125,146.02438661763952,5.4193798924661465,12.0,158.12166354319587,0
deck,7011-90.jpg,cracked,1,0.0308074951171875,3.08074951171875,244.0365799264593,5.360748462552884,16.1245154965971,120.74030930568489,0
deck,7004-197.jpg,cracked,1,0.0107269287109375,1.07269287109375,100.32590180780451,4.534713886688576,10.0,66.01727462642557,0
deck,7035-31.jpg,cracked,1,0.0102691650390625,1.02691650390625,79.42640687119285,5.0563405138640185,11.661903789690601,155.31158668876,0
deck,7024-126.jpg,cracked,1,0.00384521484375,0.384521484375,30.970562748477143,4.861245386053075,12.649110640673518,96.87860236304203,0
deck,7012-222.jpg,cracked,1,0.0361785888671875,3.61785888671875,317.14927829866735,4.864472141257472,12.0,68.26288383232914,0
deck,7018-45.jpg,cracked,1,0.0585479736328125,5.85479736328125,400.8183258569795,6.44340376152176,21.2602916254693,27.358785866916207,5
deck,7026-68.jpg,cracked,1,0.0347442626953125,3.47442626953125,238.22034611053283,6.077141337054858,14.0,132.53246065555078,3
deck,7011-189.jpg,cracked,1,0.0383148193359375,3.83148193359375,312.74725804511405,4.943742494992125,10.0,0.812325659937045,0
deck,7002-33.jpg,cracked,1,0.0032196044921875,0.32196044921875,30.627416997969522,3.9443883903519255,7.211102550927978,146.10180863053944,0
deck,7022-48.jpg,cracked,1,0.001007080078125,0.1007080078125,9.82842712474619,3.3801977505508582,6.324555320336759,13.740734489447163,0
deck,7026-86.jpg,cracked,1,0.022705078125,2.2705078125,166.29646455628165,5.863672078836602,14.0,164.12467491110792,2
deck,7004-61.jpg,cracked,1,0.00140380859375,0.140380859375,18.65685424949238,3.3346422461542473,6.0,178.80826793848195,0
deck,7028-180.jpg,cracked,1,0.0165863037109375,1.65863037109375,137.5096679918781,5.698027325728006,15.620499351813308,121.43851362526244,6
deck,7002-46.jpg,cracked,1,0.028411865234375,2.8411865234375,255.76450198781714,4.768904510831158,10.770329614269007,98.0011797603345,4
deck,7028-202.jpg,cracked,1,0.002716064453125,0.2716064453125,22.899494936611667,4.097251844761105,10.770329614269007,21.426812719457132,0
deck,7036-48.jpg,cracked,1,0.0012664794921875,0.12664794921875,10.414213562373096,3.371441798999429,6.0,96.27463341663216,0
deck,7005-156.jpg,cracked,1,0.01495361328125,1.495361328125,130.46803743153546,4.576530924159196,8.94427190999916,84.23300205311135,0
deck,7009-57.jpg,cracked,1,0.00433349609375,0.433349609375,42.2842712474619,4.394761301194513,10.0,54.79916698689529,0
deck,7015-123.jpg,cracked,1,0.033599853515625,3.3599853515625,292.14927829866735,4.856991700675501,10.770329614269007,112.45359512147576,0
deck,7012-102.jpg,cracked,1,0.0530853271484375,5.30853271484375,416.61731573020285,5.449585465453109,16.97056274847714,141.2332071270573,1
deck,7023-199.jpg,cracked,1,0.014373779296875,1.4373779296875,91.42640687119285,6.134989719274316,14.142135623730951,15.074558454409129,0
deck,7010-69.jpg,cracked,1,0.04638671875,4.638671875,396.74725804511405,5.101615346420145,14.422205101855956,146.77644051675722,3
deck,7049-198.jpg,cracked,1,0.041900634765625,4.1900634765625,347.30360723121805,5.054720648434681,12.0,24.828410198587164,1
deck,7007-109.jpg,cracked,1,0.0310516357421875,3.10516357421875,289.9898987322333,4.502610197274156,10.0,54.617771673908386,0
deck,7010-148.jpg,cracked,1,0.0052642822265625,0.52642822265625,57.112698372208094,3.8354115995535136,8.0,114.45812534068043,0
deck,7057-222.jpg,cracked,1,0.008544921875,0.8544921875,310.38477631085027,2.986065644990821,7.211102550927978,79.0888409799075,0
deck,7007-37.jpg,cracked,1,0.0088958740234375,0.88958740234375,77.25483399593905,4.672533564276887,10.0,62.357170972189074,0
deck,7017-26.jpg,cracked,1,0.038787841796875,3.8787841796875,313.6761902332486,5.24790701891142,14.422205101855956,117.53757041497448,3
deck,7026-119.jpg,cracked,1,0.02886962890625,2.886962890625,191.96551211459382,6.219941821981652,16.1245154965971,135.0006120152637,0
deck,7009-82.jpg,cracked,1,0.0254669189453125,2.54669189453125,223.48023074035524,5.013995412455823,10.198039027185569,137.10965975930165,5
deck,7028-167.jpg,cracked,1,0.0120086669921875,1.20086669921875,94.88225099390857,5.1211489358112665,14.142135623730951,145.7355155234256,0
deck,7013-28.jpg,cracked,1,0.0284881591796875,2.84881591796875,243.14927829866735,4.780003944761391,10.0,122.82884664486215,1
deck,7007-38.jpg,cracked,1,0.00518798828125,0.518798828125,49.2842712474619,5.628725576917333,15.620499351813308,49.13473432464537,0
deck,7017-60.jpg,cracked,1,0.02508544921875,2.508544921875,211.20815280171308,4.80916381684835,10.0,161.83935165360631,0
deck,7024-135.jpg,cracked,1,0.008026123046875,0.8026123046875,84.38477631085024,4.174501473353726,8.94427190999916,97.93352731317637,0
deck,7020-96.jpg,cracked,1,0.049591064453125,4.9591064453125,372.8305191657993,5.673012181159891,17.08800749063506,142.92523286330885,7
deck,7029-140.jpg,cracked,1,0.0423431396484375,4.23431396484375,357.747258045114,5.273595559003105,16.97056274847714,148.9839980582109,4
deck,7041-31.jpg,cracked,1,0.01470947265625,1.470947265625,126.50966799187809,4.484838965559557,10.0,176.54951945676902,0
deck,7022-75.jpg,cracked,1,0.047332763671875,4.7332763671875,401.23253941935263,5.282071696987726,16.1245154965971,136.40606045692357,13
deck,7045-105.jpg,cracked,1,0.0120849609375,1.20849609375,119.66904755831214,4.429734976435892,10.0,11.915871694580375,4
deck,7029-240.jpg,cracked,1,0.0388336181640625,3.88336181640625,261.07821048680194,6.201022439419832,15.620499351813308,139.7105185069296,3
deck,7053-104.jpg,cracked,1,0.0193023681640625,1.93023681640625,167.29646455628165,4.8626371105352915,11.313708498984761,166.21565257576904,0
deck,7020-79.jpg,cracked,1,0.0408172607421875,4.08172607421875,322.14927829866735,5.269880421639919,12.0,117.87827350166636,1
deck,7008-56.jpg,cracked,1,0.0197296142578125,1.97296142578125,176.095454429505,4.513723809794976,10.0,163.67447951610185,0
deck,7015-94.jpg,cracked,1,0.0235595703125,2.35595703125,229.3086578651014,4.399386942688162,8.94427190999916,105.280311968756,0
deck,7004-161.jpg,cracked,1,0.0037078857421875,0.37078857421875,33.62741699796952,4.737668417360484,10.770329614269007,51.380217968947996,0
deck,7020-141.jpg,cracked,1,0.0306549072265625,3.06549072265625,222.6812408671319,6.355155645273241,17.08800749063506,12.95077993316545,0
deck,7051-49.jpg,cracked,1,0.0155029296875,1.55029296875,118.12489168102785,5.065134200935375,10.0,152.11801202003826,0
deck,7003-18.jpg,cracked,1,0.0287628173828125,2.87628173828125,246.83556979968262,4.8468455031143005,11.313708498984761,138.3562477156992,0
deck,7005-93.jpg,cracked,1,0.011474609375,1.1474609375,114.42640687119285,4.485435565727013,8.94427190999916,171.08922709282973,3
deck,7023-12.jpg,cracked,1,0.004608154296875,0.4608154296875,48.18376618407357,3.7323150568967822,7.211102550927978,142.4576355380236,0
deck,7037-98.jpg,cracked,1,0.0079345703125,0.79345703125,82.87005768508881,4.35086227487169,10.0,106.14017353221169,0
deck,7019-153.jpg,cracked,1,0.055206298828125,5.5206298828125,376.13203435596427,6.312162327860421,17.204650534085253,39.32201594018076,8
deck,7012-204.jpg,cracked,1,0.0325469970703125,3.25469970703125,313.72287142747456,5.058863684200089,16.0,80.26017802622448,14
deck,7019-229.jpg,cracked,1,0.0669403076171875,6.69403076171875,458.8305191657992,6.353026807356964,18.110770276274835,48.58040230718897,11
deck,7025-13.jpg,cracked,1,0.0255279541015625,2.55279541015625,228.89444430272832,4.664488098631042,11.313708498984761,159.3796663038344,0
deck,7019-20.jpg,cracked,1,0.0516204833984375,5.16204833984375,398.445742854949,6.1706463667802876,21.540659228538015,34.71547495429266,12
deck,7057-209.jpg,cracked,1,0.00390625,0.390625,255.0,2.0,2.0,90.0,0
deck,7040-189.jpg,cracked,1,0.0109405517578125,1.09405517578125,91.25483399593904,4.895205282625618,10.0,158.35772056064576,1
deck,7014-186.jpg,cracked,1,0.0382537841796875,3.82537841796875,324.8772003600252,4.949358583301165,12.0,114.55287674440301,0
deck,7026-187.jpg,cracked,1,0.0406951904296875,4.06951904296875,282.35028842544403,6.592910653005569,22.627416997969522,140.25043928408212,9
deck,7006-156.jpg,cracked,1,0.024322509765625,2.4322509765625,215.86500705120545,4.926305952428878,11.313708498984761,145.5876546157883,3
deck,7026-241.jpg,cracked,1,0.0412750244140625,4.12750244140625,310.07821048680194,5.36367568113679,11.313708498984761,86.49447459283279,0
deck,7013-134.jpg,cracked,1,0.032958984375,3.2958984375,276.8355697996826,5.378948366459916,15.231546211727817,154.03285253850817,9
deck,7013-116.jpg,cracked,1,0.0355682373046875,3.55682373046875,322.8355697996826,4.830575302182412,12.0,101.06848668379294,5
deck,7011-36.jpg,cracked,1,0.0188446044921875,1.88446044921875,170.2670273047588,4.784537554279679,10.0,80.31471313010616,0
deck,7017-77.jpg,cracked,1,0.03533935546875,3.533935546875,299.5756851698602,4.9845470836198125,10.770329614269007,144.59474689132057,5
deck,7010-81.jpg,cracked,1,0.02532958984375,2.532958984375,216.0365799264593,4.929121712308381,12.165525060596439,28.336435249203788,3
deck,7018-139.jpg,cracked,1,0.0134735107421875,1.34735107421875,105.15432893255071,6.2624115401851475,16.1245154965971,47.64695881351655,0
deck,7008-7.jpg,cracked,1,0.0206756591796875,2.06756591796875,176.58073580374355,4.851273556318713,10.0,146.01534947256155,0
deck,7052-202.jpg,cracked,1,0.012725830078125,1.2725830078125,112.15432893255071,4.659873186794191,8.94427190999916,155.10769011596378,0
deck,7025-63.jpg,cracked,1,0.0587158203125,5.87158203125,429.48737341529164,5.964805480581092,18.973665961010276,135.2134585412283,8
deck,7057-225.jpg,cracked,1,0.00390625,0.390625,255.0,2.0,2.0,90.0,0
deck,7002-32.jpg,cracked,1,0.0120391845703125,1.20391845703125,104.53910524340095,4.8117786383463725,10.0,146.68778992008623,0
deck,7017-13.jpg,cracked,1,0.0562286376953125,5.62286376953125,392.6883835420683,6.1974931091644985,17.88854381999832,50.66420126771396,7
deck,7005-137.jpg,cracked,1,0.0287628173828125,2.87628173828125,210.00714267493643,5.7084748313956055,18.0,43.42356078411001,0
deck,7041-175.jpg,cracked,1,0.0167999267578125,1.67999267578125,147.36753236814712,5.345210644906345,15.231546211727817,14.446282447528631,4
deck,7049-128.jpg,cracked,1,0.0065765380859375,0.65765380859375,50.21320343559643,4.773410081487782,10.770329614269007,162.8253630742086,0
deck,7029-125.jpg,cracked,1,0.02581787109375,2.581787109375,209.4507934888324,4.847964343950691,10.0,55.806866398969426,0
deck,7041-242.jpg,cracked,1,0.036224365234375,3.6224365234375,282.63455967290594,5.20864694675425,12.806248474865697,147.03088237388286,0
deck,7011-59.jpg,cracked,1,0.024505615234375,2.4505615234375,233.79393923934,4.501486822555436,8.94427190999916,20.45677133135581,0
deck,7011-171.jpg,cracked,1,0.013336181640625,1.3336181640625,125.8111831820431,4.80747183045412,11.661903789690601,74.49086977562605,4
deck,7029-141.jpg,cracked,1,0.03839111328125,3.839111328125,297.1076477383248,5.529127204051372,16.97056274847714,157.96793350196134,3
deck,7001-21.jpg,cracked,1,0.0483245849609375,4.83245849609375,373.41630560342617,5.28811310483732,11.313708498984761,43.70565431314225,1
deck,7010-209.jpg,cracked,1,0.0483551025390625,4.83551025390625,324.3086578651014,6.320970404771701,20.0,98.37681607776923,0
deck,7016-242.jpg,cracked,1,0.04205322265625,4.205322265625,342.747258045114,5.065304279280961,11.313708498984761,117.00859090860963,0
deck,7003-231.jpg,cracked,1,0.0273284912109375,2.73284912109375,136.63961030678928,7.8882284524342525,20.09975124224178,121.5736898951391,0
deck,7011-60.jpg,cracked,1,0.0242156982421875,2.42156982421875,211.03657992645927,4.765179794213988,12.165525060596439,29.157756158665876,0
deck,7001-2.jpg,cracked,1,0.0011444091796875,0.11444091796875,21.556349186104047,2.6474638090791482,4.47213595499958,55.16993561210799,0
deck,7022-39.jpg,cracked,1,0.0440673828125,4.40673828125,323.33304448274095,5.59083010316566,17.08800749063506,41.8448418531915,4
deck,7040-221.jpg,cracked,1,0.0200042724609375,2.00042724609375,193.7523086789974,5.43409632363657,14.142135623730951,123.7206482056632,9
deck,7010-25.jpg,cracked,1,0.0054168701171875,0.54168701171875,54.18376618407357,4.978179589851508,10.0,36.801755759536405,3
deck,7035-63.jpg,cracked,1,0.033966064453125,3.3966064453125,283.14927829866735,5.062290488836857,15.620499351813308,141.89993740070017,3
deck,7037-148.jpg,cracked,1,0.0350189208984375,3.50189208984375,302.9066376115481,4.842040047807219,10.0,159.16175125823455,3
deck,7009-98.jpg,cracked,1,0.0492706298828125,4.92706298828125,418.71782079359116,5.1014611008225375,14.0,158.8946125117552,8
deck,7004-65.jpg,cracked,1,0.0195159912109375,1.95159912109375,140.92388155425118,5.90725779322373,14.0,40.9629949866638,1
deck,7036-70.jpg,cracked,1,0.0054931640625,0.54931640625,57.04163056034262,4.372667054770612,10.0,113.43282291099328,0
deck,7022-109.jpg,cracked,1,0.0143890380859375,1.43890380859375,121.43860018001261,4.8385281440343615,10.0,125.47950439600632,0
deck,7021-26.jpg,cracked,1,0.0511474609375,5.11474609375,369.6589462905455,5.655103868612437,14.142135623730951,40.23462108544291,1
deck,7023-219.jpg,cracked,1,0.0147552490234375,1.47552490234375,132.1543289325507,4.837533430536892,10.0,89.84389290676555,4
deck,7040-220.jpg,cracked,1,0.0453948974609375,4.53948974609375,366.9604614807105,5.42168943931555,14.422205101855956,141.4549893266957,8
deck,7025-64.jpg,cracked,1,0.0180206298828125,1.80206298828125,153.3380951166243,5.619666463765853,11.661903789690601,142.17972560082399,10
deck,7011-26.jpg,cracked,1,0.0159149169921875,1.59149169921875,173.78174593052023,5.07887381386614,14.560219778561036,115.6471702746134,13
deck,7016-136.jpg,cracked,1,0.033599853515625,3.3599853515625,293.6223663640862,4.8105035680144965,10.770329614269007,107.81884678086605,0
deck,7010-166.jpg,cracked,1,0.01739501953125,1.739501953125,153.12489168102786,4.661641130915849,10.0,110.8006981019225,0
deck,7040-169.jpg,cracked,1,0.001495361328125,0.1495361328125,14.899494936611665,3.6290243819257006,7.211102550927978,123.67975829198642,0
deck,7048-231.jpg,cracked,1,0.0242767333984375,2.42767333984375,194.6223663640862,5.297002025697835,14.142135623730951,35.445028195568625,3
deck,7011-114.jpg,cracked,1,0.0323028564453125,3.23028564453125,241.95331880577405,5.4930563694084675,14.560219778561036,83.1220368523903,0
deck,7037-132.jpg,cracked,1,0.0498809814453125,4.98809814453125,430.6589462905455,5.078173353069895,13.416407864998739,137.97767436130016,12
deck,7012-187.jpg,cracked,1,0.0334930419921875,3.34930419921875,250.87720036002526,5.477952099705105,13.416407864998739,145.06610963226677,0
deck,7048-210.jpg,cracked,1,0.0101318359375,1.01318359375,85.42640687119285,4.881065609979925,10.770329614269007,27.05286284338527,0
deck,7054-107.jpg,cracked,1,0.0332794189453125,3.32794189453125,295.69343417595167,4.84778752941774,10.198039027185569,157.8886972424641,3
deck,7020-7.jpg,cracked,1,0.015289306640625,1.5289306640625,125.68124086713189,5.366848826812474,12.806248474865697,20.743091155941926,5
deck,7013-45.jpg,cracked,1,0.0229644775390625,2.29644775390625,191.37972567696687,5.111780523262583,14.422205101855956,126.68312592254948,0
deck,7003-32.jpg,cracked,1,0.018707275390625,1.8707275390625,148.65180361560905,5.072645443053042,10.770329614269007,142.76646082793002,0
deck,7027-201.jpg,cracked,1,0.004608154296875,0.4608154296875,42.14213562373095,4.311487282793836,8.94427190999916,96.22661813488732,0
deck,7013-199.jpg,cracked,1,0.0218048095703125,2.18048095703125,205.82337649086284,4.23756828860903,8.246211251235321,177.8369067988081,0
deck,7001-236.jpg,cracked,1,0.014892578125,1.4892578125,127.22539674441617,4.742884539983131,10.0,123.2743584864917,0
deck,7036-133.jpg,cracked,1,0.001617431640625,0.1617431640625,19.14213562373095,3.371660903773618,6.324555320336759,40.250973048751376,0
deck,7007-186.jpg,cracked,1,0.0094757080078125,0.94757080078125,79.15432893255071,4.80553066441423,10.0,130.0202145405191,0
deck,7031-217.jpg,cracked,1,0.0117340087890625,1.17340087890625,189.84062043356596,4.892895447702797,13.416407864998739,100.70707889625898,5
deck,7020-122.jpg,cracked,1,0.0624237060546875,6.24237060546875,353.17366491630685,6.95553281284046,19.697715603592208,39.766708494681836,1
deck,7005-158.jpg,cracked,1,0.060333251953125,6.0333251953125,537.1564209736038,4.957508423149746,14.0,128.35969801872287,12
deck,7024-113.jpg,cracked,1,0.0102996826171875,1.02996826171875,93.39696961966999,5.40696331745947,12.165525060596439,131.60666331532875,5
deck,7008-55.jpg,cracked,1,0.005096435546875,0.5096435546875,48.798989873223334,4.339736477665465,8.94427190999916,17.92451822677134,0
deck,7011-143.jpg,cracked,1,0.0216064453125,2.16064453125,195.65180361560903,5.128141330752125,16.492422502470642,109.9211810705798,4
deck,7023-37.jpg,cracked,1,0.003509521484375,0.3509521484375,35.04163056034262,5.184514155435934,10.770329614269007,52.50729588528362,5
deck,7046-116.jpg,cracked,1,0.007049560546875,0.7049560546875,61.669047558312144,4.536846383203978,10.0,150.0814607413072,0
deck,7027-157.jpg,cracked,1,0.05767822265625,5.767822265625,364.13203435596427,6.359300562388208,16.492422502470642,125.86484444702343,0
deck,7029-209.jpg,cracked,1,0.024993896484375,2.4993896484375,173.16652224137047,6.256079431775008,16.0,145.41705565533567,2
deck,7007-128.jpg,cracked,1,0.01702880859375,1.702880859375,170.02438661763952,4.272108218306805,10.0,73.17129916486589,0
deck,7007-204.jpg,cracked,1,0.018280029296875,1.8280029296875,186.36753236814712,4.651059421594542,12.649110640673518,85.25193373711129,4
deck,7030-225.jpg,cracked,1,0.0239105224609375,2.39105224609375,123.01219330881977,8.67599233061966,24.73863375370596,82.17210473543521,3
deck,7015-96.jpg,cracked,1,0.0071563720703125,0.71563720703125,66.45584412271572,4.411659335324905,8.94427190999916,161.41146573698154,0
deck,7004-77.jpg,cracked,1,0.0222930908203125,2.22930908203125,202.40916292848976,4.640171456123975,10.0,158.74271394686627,1
deck,7022-19.jpg,cracked,1,0.01800537109375,1.800537109375,148.8528137423857,4.9205464733063025,10.0,34.69428192344239,0
deck,7020-65.jpg,cracked,1,0.0508880615234375,5.08880615234375,410.50461735799473,5.457705960746244,14.142135623730951,70.71214778546057,4
deck,7008-98.jpg,cracked,1,0.007904052734375,0.7904052734375,77.25483399593904,4.296232266713245,8.48528137423857,44.148841419719446,0
deck,7036-87.jpg,cracked,1,0.0242919921875,2.42919921875,207.58073580374355,4.890120178336152,12.649110640673518,158.03331018551972,0
deck,7021-248.jpg,cracked,1,0.071197509765625,7.1197509765625,343.40411229460636,8.614289234875251,22.627416997969522,37.93291592414445,5
deck,7026-136.jpg,cracked,1,0.014434814453125,1.4434814453125,101.05382386916237,6.324954516499195,16.1245154965971,141.0190883790049,0
deck,7019-58.jpg,cracked,1,0.0115203857421875,1.15203857421875,60.941125496954285,9.556414717662726,25.059928172283335,36.634083964800766,0
deck,7025-97.jpg,cracked,1,0.03363037109375,3.363037109375,285.82337649086287,5.910428354994203,16.492422502470642,171.21659092494292,4
deck,7016-171.jpg,cracked,1,0.0408172607421875,4.08172607421875,337.94826817189073,5.205461928340617,13.416407864998739,114.65665568867972,1
deck,7028-179.jpg,cracked,1,0.0414886474609375,4.14886474609375,273.91883092036784,6.153513670685297,15.620499351813308,130.14631947164895,0
deck,7002-67.jpg,cracked,1,0.02972412109375,2.972412109375,261.7766952966369,4.820060299554672,12.0,44.142215347329596,1
deck,7004-28.jpg,cracked,1,0.0382537841796875,3.82537841796875,301.45079348883235,5.332895935078025,17.08800749063506,96.33385604840645,0
deck,7028-219.jpg,cracked,1,0.011138916015625,1.1138916015625,92.98275605729691,4.549736934314887,14.0,120.42559840876824,0
deck,7027-237.jpg,cracked,1,0.0130767822265625,1.30767822265625,104.05382386916239,5.235366199011722,12.649110640673518,102.6330158395829,1
deck,7021-115.jpg,cracked,1,0.0291290283203125,2.91290283203125,264.17871555019025,4.55906334735761,10.0,118.8508296147441,0
deck,7029-219.jpg,cracked,1,0.00518798828125,0.518798828125,44.45584412271572,5.04804838249758,11.313708498984761,119.3195582785823,0
deck,7009-202.jpg,cracked,1,0.0111541748046875,1.11541748046875,93.84062043356595,5.098599090642948,12.0,110.98214833357056,1
deck,7009-167.jpg,cracked,1,0.0145263671875,1.45263671875,125.05382386916237,5.114151792486892,12.0,112.57215714247228,0
deck,7051-34.jpg,cracked,1,0.01934814453125,1.934814453125,165.46803743153546,4.7663403145955865,10.198039027185569,155.39356110909924,0
deck,7003-15.jpg,cracked,1,0.03680419921875,3.680419921875,330.0193359837562,4.811017632646095,10.770329614269007,43.29390285485309,4
deck,7021-164.jpg,cracked,1,0.009857177734375,0.9857177734375,79.04163056034261,5.268089143086709,14.0,77.63606936723042,0
deck,7018-84.jpg,cracked,1,0.0125274658203125,1.25274658203125,109.91168824543144,5.748863858299634,16.0,56.369764803441434,7
deck,7046-196.jpg,cracked,1,0.0312652587890625,3.12652587890625,259.9066376115481,5.0446222649832455,11.313708498984761,33.96478304378115,3
deck,7017-76.jpg,cracked,1,0.0026702880859375,0.26702880859375,21.556349186104047,4.180869623956243,8.94427190999916,145.45762249753582,0
deck,7026-35.jpg,cracked,1,0.00836181640625,0.836181640625,76.94112549695429,4.8316037643319865,11.313708498984761,113.26513170830401,1
deck,7012-171.jpg,cracked,1,0.037933349609375,3.7933349609375,283.91883092036784,5.546860203146006,13.416407864998739,144.1725785149261,1
deck,7021-149.jpg,cracked,1,0.0431976318359375,4.31976318359375,305.35028842544403,6.010086320037447,24.0,10.143681412225732,7
deck,7021-130.jpg,cracked,1,0.0129852294921875,1.29852294921875,114.25483399593904,5.734300850072118,14.0,2.464797409354162,0
deck,7041-177.jpg,cracked,1,0.0093994140625,0.93994140625,88.5269119345812,4.451750847627816,8.94427190999916,106.85970256437083,0
deck,7030-203.jpg,cracked,1,0.015411376953125,1.5411376953125,133.12489168102786,5.1471262719594115,12.0,128.4593057031365,4
deck,7029-208.jpg,cracked,1,0.0457000732421875,4.57000732421875,322.889393668845,6.063195834954579,14.0,136.3725790610934,6
deck,7037-117.jpg,cracked,1,0.0361328125,3.61328125,301.5218613006979,5.066173341719028,11.661903789690601,2.440730160595791,5
deck,7049-33.jpg,cracked,1,0.0015106201171875,0.15106201171875,15.727922061357857,3.5814845221819582,7.211102550927978,134.57292340050796,0
deck,7027-151.jpg,cracked,1,0.005096435546875,0.5096435546875,45.62741699796952,4.350114002122599,8.94427190999916,71.14708726688102,0
deck,7057-212.jpg,cracked,1,0.0060272216796875,0.60272216796875,276.14213562373095,2.6174964483616585,7.211102550927978,89.97860285221488,0
deck,7021-6.jpg,cracked,1,0.0096435546875,0.96435546875,70.01219330881976,6.22641235228679,17.08800749063506,60.41757701747138,0
deck,7020-143.jpg,cracked,1,0.0153656005859375,1.53656005859375,104.78174593052023,6.756706866687549,18.439088914585774,43.00062585876063,1
deck,7028-212.jpg,cracked,1,0.0170745849609375,1.70745849609375,118.22539674441619,5.945339364881863,12.806248474865697,142.44096399699393,3
deck,7036-93.jpg,cracked,1,0.0063629150390625,0.63629150390625,51.2842712474619,4.786096109934595,10.0,107.99623717496888,0
deck,7057-198.jpg,cracked,1,0.00390625,0.390625,255.0,2.0,2.0,90.0,0
deck,7045-85.jpg,cracked,1,0.024322509765625,2.4322509765625,222.93607486307096,4.726288443310033,12.165525060596439,31.6623642035901,6
deck,7005-9.jpg,cracked,1,0.03033447265625,3.033447265625,280.1076477383248,4.82337398225966,12.806248474865697,114.30417118975659,5
deck,7052-18.jpg,cracked,1,0.00408935546875,0.408935546875,37.97056274847714,4.6564190877405,14.0,164.3584329809992,1
deck,7027-208.jpg,cracked,1,0.087158203125,8.7158203125,604.2274887854692,6.860898569060182,25.45584412271571,24.854761463672816,16
deck,7054-136.jpg,cracked,1,0.0113067626953125,1.13067626953125,96.08326112068524,4.883107923427301,10.0,159.91867009389517,0
deck,7013-81.jpg,cracked,1,0.0300140380859375,3.00140380859375,270.16652224137044,4.662150134243349,10.0,91.55747850223212,0
deck,7036-136.jpg,cracked,1,0.0134735107421875,1.34735107421875,106.22539674441619,5.062496616631964,11.313708498984761,156.7984481782215,0
deck,7027-89.jpg,cracked,1,0.0307159423828125,3.07159423828125,191.76450198781714,6.486627976561234,17.204650534085253,129.55906119147105,0
deck,7010-42.jpg,cracked,1,0.005096435546875,0.5096435546875,57.14213562373095,3.873308242449617,8.0,79.55988382348399,0
deck,7027-73.jpg,cracked,1,0.00750732421875,0.750732421875,55.254833995939045,5.0489270340520465,10.0,46.91049043898195,0
deck,7027-54.jpg,cracked,1,0.038238525390625,3.8238525390625,327.8061325481598,5.117111252247088,16.0,136.41141623926066,2
deck,7049-179.jpg,cracked,1,0.025115966796875,2.5115966796875,222.35028842544403,4.685720834604691,10.0,37.34970730113585,0
deck,7053-99.jpg,cracked,1,0.0182952880859375,1.82952880859375,159.95331880577405,4.674001520952772,10.0,169.0316506545854,0
deck,7041-67.jpg,cracked,1,0.0114288330078125,1.14288330078125,114.91168824543142,4.2479900188408,10.0,72.95758491342418,0
deck,7057-205.jpg,uncracked,1,0.00390625,0.390625,255.0,2.0,2.0,90.0,0
deck,7034-108.jpg,uncracked,1,0.0344390869140625,3.44390869140625,205.06601717798213,8.224969097627657,24.166091947189145,168.4965704771202,10
deck,7016-12.jpg,uncracked,1,0.040679931640625,4.0679931640625,260.89444430272835,8.562370983685014,29.732137494637012,74.83544296617602,8
deck,7057-19.jpg,uncracked,1,0.0042724609375,0.42724609375,255.8284271247462,2.2092897362838984,6.0,90.03928123665897,2
deck,7046-204.jpg,uncracked,1,0.0037994384765625,0.37994384765625,36.62741699796952,4.884097210846056,11.313708498984761,147.03980683298985,0
deck,7043-218.jpg,uncracked,1,0.007568359375,0.7568359375,66.76955262170047,4.563747068897497,10.0,137.05978374691836,0
deck,7044-200.jpg,uncracked,1,0.00811767578125,0.811767578125,75.66904755831214,4.26801794999403,8.94427190999916,158.19571670449432,0
deck,7016-36.jpg,uncracked,1,0.019439697265625,1.9439697265625,182.94112549695427,6.069112306074768,18.0,172.37658273166838,1
deck,7030-107.jpg,uncracked,1,0.0034332275390625,0.34332275390625,25.72792206135786,6.225886624163181,15.620499351813308,25.381077553217125,0
deck,7057-4.jpg,uncracked,1,0.0168609619140625,1.68609619140625,70.698484809835,6.652582743252954,19.697715603592208,62.49141421908219,4
deck,7023-47.jpg,uncracked,1,0.001922607421875,0.1922607421875,13.656854249492381,3.984077603650524,8.0,12.794551468900579,0
deck,7015-35.jpg,uncracked,1,0.0164642333984375,1.64642333984375,82.14213562373095,12.334922809561954,28.635642126552707,176.15680105763133,0
deck,7047-198.jpg,uncracked,1,0.013580322265625,1.3580322265625,103.49747468305833,6.9642406647435875,22.80350850198276,120.14462158407463,3
deck,7047-233.jpg,uncracked,1,0.0088958740234375,0.88958740234375,47.45584412271572,7.941630501585706,17.88854381999832,36.08874216046209,0
deck,7016-23.jpg,uncracked,1,0.0018768310546875,0.18768310546875,10.82842712474619,3.5873576315304936,8.246211251235321,130.68173256001424,0
deck,7052-246.jpg,uncracked,1,0.0169830322265625,1.69830322265625,150.4680374315355,5.200441850439757,12.0,148.48558123005148,0
deck,7057-91.jpg,uncracked,1,0.00390625,0.390625,255.0,2.0,2.0,90.0,0
deck,7047-53.jpg,uncracked,1,0.0246124267578125,2.46124267578125,129.53910524340094,9.342801414645741,27.784887978899608,105.80258575192168,7
deck,7041-2.jpg,uncracked,1,0.0190887451171875,1.90887451171875,125.01219330881976,6.110553057012531,17.88854381999832,114.80204594898927,7
deck,7029-10.jpg,uncracked,1,0.0958251953125,9.58251953125,312.27922061357856,16.191520437550043,43.86342439892262,158.48857917543575,9
deck,7050-91.jpg,uncracked,1,0.0037078857421875,0.37078857421875,200.4142135623731,2.427102240551376,6.0,89.92769495834276,1
deck,7025-17.jpg,uncracked,1,0.1006317138671875,10.06317138671875,498.16147160748716,9.984636066449495,30.0,79.42067773169191,10
deck,7043-110.jpg,uncracked,1,0.0282745361328125,2.82745361328125,104.91168824543144,10.111096074887064,30.0,100.03613976540368,8
deck,7025-215.jpg,uncracked,1,0.014007568359375,1.4007568359375,94.59797974644667,6.079369072646474,18.0,82.25619991901924,4
deck,7057-183.jpg,uncracked,1,0.00390625,0.390625,255.0,2.0,2.0,90.0,0
deck,7044-109.jpg,uncracked,1,0.0066070556640625,0.66070556640625,34.65685424949238,5.7571018979742785,14.0,92.49107023434945,0
deck,7011-163.jpg,uncracked,1,0.0005340576171875,0.05340576171875,34.0,2.0,2.0,90.0,0
deck,7015-34.jpg,uncracked,1,0.04217529296875,4.217529296875,211.94112549695427,13.81534640680399,34.23448553724738,179.7517178405869,1
deck,7025-106.jpg,uncracked,1,0.0413818359375,4.13818359375,330.48023074035524,8.051175734926579,39.395431207184416,87.37883457838713,0
deck,7057-162.jpg,uncracked,1,0.00390625,0.390625,255.0,2.0,2.0,90.0,0
deck,7039-71.jpg,uncracked,1,0.0190277099609375,1.90277099609375,102.8111831820431,7.161333184984836,18.439088914585774,20.11969838023211,0
deck,7034-102.jpg,uncracked,1,0.002227783203125,0.2227783203125,26.65685424949238,3.53107529063041,6.324555320336759,100.71717586866673,0
deck,7011-228.jpg,uncracked,1,0.0091400146484375,0.91400146484375,79.39696961966999,5.016466740863007,11.313708498984761,52.236301109614104,1
deck,7054-82.jpg,uncracked,1,0.0118255615234375,1.18255615234375,121.59797974644667,4.416237126043887,10.0,105.0673720332174,1
deck,7031-239.jpg,uncracked,1,0.014617919921875,1.4617919921875,90.32590180780451,6.1708594931081135,14.142135623730951,139.68289768748792,0
deck,7053-196.jpg,uncracked,1,0.00848388671875,0.848388671875,54.97056274847714,5.3530052449465115,16.0,87.6995300060618,0
deck,7029-31.jpg,uncracked,1,0.0532684326171875,5.32684326171875,189.8111831820431,18.692727362312525,52.0,0.3980582824309806,10
deck,7031-73.jpg,uncracked,1,0.00140380859375,0.140380859375,17.899494936611667,3.3009573011486175,8.0,164.8880993016399,0
deck,7050-181.jpg,uncracked,1,0.0052490234375,0.52490234375,252.4142135623731,2.6126639744257605,6.0,89.9056172457493,1
deck,7057-132.jpg,uncracked,1,0.00390625,0.390625,255.0,2.0,2.0,90.0,0
deck,7057-171.jpg,uncracked,1,0.00390625,0.390625,255.0,2.0,2.0,90.0,0
deck,7017-236.jpg,uncracked,1,0.0016937255859375,0.16937255859375,53.828427124746185,3.3835287289006186,6.0,89.80762459233847,2
deck,7024-72.jpg,uncracked,1,0.067718505859375,6.7718505859375,498.74725804511405,7.545826746411697,28.0,100.37023546293491,15
deck,7031-251.jpg,uncracked,1,0.071685791015625,7.1685791015625,331.5340546095176,14.014465483728047,51.92301994298868,131.50544870430699,16
deck,7027-186.jpg,uncracked,1,0.0012054443359375,0.12054443359375,17.48528137423857,3.101836291837654,6.0,78.38979957059394,0
deck,7015-6.jpg,uncracked,1,0.001068115234375,0.1068115234375,7.82842712474619,3.7029655665895373,8.246211251235321,163.8621778427112,0
deck,7031-250.jpg,uncracked,1,0.0845184326171875,8.45184326171875,472.0315292925759,12.518994969073002,46.0,156.3359862472707,16
deck,7016-39.jpg,uncracked,1,0.006591796875,0.6591796875,158.48528137423858,4.369999515488253,10.0,90.36179920733602,4
deck,7007-62.jpg,uncracked,1,0.005859375,0.5859375,44.45584412271572,5.451477435873945,12.806248474865697,62.704810123808734,0
deck,7057-144.jpg,uncracked,1,0.00390625,0.390625,255.0,2.0,2.0,90.0,0
deck,7057-156.jpg,uncracked,1,0.00390625,0.390625,255.0,2.0,2.0,90.0,0
deck,7057-113.jpg,uncracked,1,0.00390625,0.390625,255.0,2.0,2.0,90.0,0
deck,7050-219.jpg,uncracked,1,0.001251220703125,0.1251220703125,6.656854249492381,3.941873353011453,8.246211251235321,138.95358135147922,0
deck,7053-72.jpg,uncracked,1,0.063140869140625,6.3140869140625,289.2497833620557,12.308933047701036,42.42640687119285,34.35268488113317,10
deck,7014-8.jpg,uncracked,1,0.001068115234375,0.1068115234375,12.65685424949238,3.352258520595697,6.0,163.28371993079955,0
deck,7005-238.jpg,uncracked,1,0.0116119384765625,1.16119384765625,100.39696961966999,4.472889431082324,8.94427190999916,114.38188432571461,0
deck,7053-198.jpg,uncracked,1,0.0022125244140625,0.22125244140625,24.48528137423857,4.769376101747449,11.661903789690601,127.83561306253827,0
deck,7028-127.jpg,uncracked,1,0.01776123046875,1.776123046875,317.5685424949238,4.194403817481176,10.0,98.54430190666348,2
deck,7054-201.jpg,uncracked,1,0.00469970703125,0.469970703125,45.798989873223334,4.206552289870962,8.246211251235321,107.28236555564878,0
deck,7057-104.jpg,uncracked,1,0.00390625,0.390625,255.0,2.0,2.0,90.0,0
deck,7031-55.jpg,uncracked,1,0.005462646484375,0.5462646484375,27.72792206135786,5.775568229390286,15.231546211727817,43.03426973471167,0
deck,7046-162.jpg,uncracked,1,0.0010833740234375,0.10833740234375,2.8284271247461903,3.9090265703865787,8.48528137423857,135.0,0
deck,7057-115.jpg,uncracked,1,0.00390625,0.390625,255.0,2.0,2.0,90.0,0
deck,7029-2.jpg,uncracked,1,0.1021575927734375,10.21575927734375,240.23759005323592,19.74529543875039,57.584720195551874,132.71114868515963,1
deck,7057-122.jpg,uncracked,1,0.00390625,0.390625,255.0,2.0,2.0,90.0,0
deck,7057-62.jpg,uncracked,1,0.00390625,0.390625,255.0,2.0,2.0,90.0,0
deck,7017-73.jpg,uncracked,1,0.028778076171875,2.8778076171875,199.7523086789974,6.569630150387685,19.697715603592208,89.33032891232769,6
deck,7047-89.jpg,uncracked,1,0.0054931640625,0.54931640625,43.071067811865476,6.128324346675599,16.492422502470642,159.6826547020658,0
deck,7051-26.jpg,uncracked,1,0.020965576171875,2.0965576171875,178.095454429505,4.910845030361989,11.313708498984761,111.5328990111657,0
deck,7057-89.jpg,uncracked,1,0.00390625,0.390625,255.0,2.0,2.0,90.0,0
deck,7038-162.jpg,uncracked,1,0.0083160400390625,0.83160400390625,74.89949493661167,6.3373593586990635,14.0,115.02539669067062,0
deck,7030-243.jpg,uncracked,1,0.0687713623046875,6.87713623046875,348.6051224213831,8.643559451795477,26.0,151.87087319924692,10
deck,7007-198.jpg,uncracked,1,0.0014190673828125,0.14190673828125,10.071067811865476,3.8162796506659005,8.0,52.505538788995665,0
deck,7057-16.jpg,uncracked,1,0.0040130615234375,0.40130615234375,47.72792206135785,3.7087706740912343,8.0,99.05389946005896,0
deck,7014-178.jpg,uncracked,1,0.0026702880859375,0.26702880859375,18.727922061357855,3.585856238695007,8.246211251235321,113.37102195227712,0
deck,7057-206.jpg,uncracked,1,0.00390625,0.390625,255.0,2.0,2.0,90.0,0
deck,7003-248.jpg,uncracked,1,0.0215606689453125,2.15606689453125,146.5685424949238,8.731408001634051,31.622776601683793,164.1684113725616,5
deck,7057-82.jpg,uncracked,1,0.00390625,0.390625,255.0,2.0,2.0,90.0,0
deck,7052-127.jpg,uncracked,1,0.0096435546875,0.96435546875,99.698484809835,4.038301434839911,8.0,102.86454718230279,0
deck,7057-60.jpg,uncracked,1,0.00390625,0.390625,255.0,2.0,2.0,90.0,0
deck,7010-199.jpg,uncracked,1,0.0041046142578125,0.41046142578125,32.89949493661167,4.148362998484095,8.0,105.25656243080722,0
deck,7057-197.jpg,uncracked,1,0.00390625,0.390625,255.0,2.0,2.0,90.0,0
deck,7017-189.jpg,uncracked,1,0.00103759765625,0.103759765625,8.485281374238571,3.36651060078396,6.324555320336759,135.0,0
deck,7018-236.jpg,uncracked,1,0.0218963623046875,2.18963623046875,161.3380951166243,6.217659596280951,17.08800749063506,174.36204654635097,5
deck,7013-126.jpg,uncracked,1,0.0099639892578125,0.99639892578125,35.04163056034261,8.667361742451195,18.439088914585774,54.03916426636321,0
deck,7057-83.jpg,uncracked,1,0.00390625,0.390625,255.0,2.0,2.0,90.0,0
deck,7043-124.jpg,uncracked,1,0.0021820068359375,0.21820068359375,24.970562748477143,3.739345306352184,7.211102550927978,121.14180629160869,0
deck,7057-169.jpg,uncracked,1,0.00390625,0.390625,255.0,2.0,2.0,90.0,0
deck,7004-79.jpg,uncracked,1,0.0034027099609375,0.34027099609375,31.38477631085024,4.345672174852541,8.94427190999916,66.08970774289824,0
deck,7047-252.jpg,uncracked,1,0.0168609619140625,1.68609619140625,130.5685424949238,6.151871217231439,18.0,109.0443247934109,5
deck,7039-180.jpg,uncracked,1,0.007904052734375,0.7904052734375,57.18376618407357,5.30841096071335,11.313708498984761,81.14769414487004,0
deck,7014-252.jpg,uncracked,1,0.0023956298828125,0.23956298828125,17.48528137423857,4.80739035437654,14.0,136.3502389427036,0
deck,7025-126.jpg,uncracked,1,0.0080108642578125,0.80108642578125,63.627416997969526,4.871868008348538,12.649110640673518,2.4932942308206805,0
deck,7039-51.jpg,uncracked,1,0.017425537109375,1.7425537109375,110.08326112068522,6.3030118162251245,16.97056274847714,62.303365247662974,0
deck,7029-9.jpg,uncracked,1,0.1708526611328125,17.08526611328125,453.0904037956217,20.04329309714548,56.88585061331157,7.3133451835322205,18
deck,7014-28.jpg,uncracked,1,0.02532958984375,2.532958984375,222.9827560572969,6.165430655264114,24.166091947189145,178.20196570730465,3
deck,7025-18.jpg,uncracked,1,0.073516845703125,7.3516845703125,284.3675323681472,11.574610493288738,30.0,101.53528224197562,4
deck,7053-18.jpg,uncracked,1,0.0021514892578125,0.21514892578125,19.970562748477143,3.9497512034269024,8.48528137423857,129.76381124481605,0
deck,7050-15.jpg,uncracked,1,0.0272674560546875,2.72674560546875,243.49242404917499,4.513763107681513,11.661903789690601,65.23925144150483,0
deck,7034-233.jpg,uncracked,1,0.0102081298828125,1.02081298828125,72.08326112068524,6.242982758509373,14.422205101855956,58.699695798224475,0
pavement,099-113.jpg,cracked,1,0.036651611328125,3.6651611328125,218.0538238691624,8.437013639515907,30.59411708155671,1.1486651868522983,4
pavement,035-101.jpg,cracked,1,0.1054534912109375,10.54534912109375,483.9898987322333,9.7135081517236,28.0,41.743897484376845,5
pavement,074-65.jpg,cracked,1,0.0322113037109375,3.22113037109375,201.48023074035524,7.497970531733963,20.0,21.89444389353025,10
pavement,020-43.jpg,cracked,1,0.0716094970703125,7.16094970703125,444.1025971044414,8.341952976360497,28.284271247461902,61.47037215548125,20
pavement,033-107.jpg,cracked,1,0.0087127685546875,0.87127685546875,57.21320343559643,6.2007870721027105,16.0,166.65290733428938,0
pavement,002-95.jpg,cracked,1,0.0082244873046875,0.82244873046875,65.89949493661166,4.895382599557142,10.198039027185569,178.11621853380208,0
pavement,085-76.jpg,cracked,1,0.0175933837890625,1.75933837890625,146.5096679918781,4.899317555256742,11.661903789690601,12.650204425673792,0
pavement,091-76.jpg,cracked,1,0.100006103515625,10.0006103515625,661.4406922210657,7.156770217926087,24.413111231467404,14.314676810754776,23
pavement,102-139.jpg,cracked,1,0.04815673828125,4.815673828125,314.55129855222066,6.233960644866706,16.1245154965971,9.822781205440833,2
pavement,098-103.jpg,cracked,1,0.055755615234375,5.5755615234375,263.58073580374355,9.853897038339635,26.30589287593181,177.42375925263036,8
pavement,091-141.jpg,cracked,1,0.01019287109375,1.019287109375,79.21320343559643,4.8443916080511364,10.0,17.17155571708767,0
pavement,034-100.jpg,cracked,1,0.016937255859375,1.6937255859375,120.25483399593905,6.704856349829058,22.0,6.069193978535679,0
pavement,086-180.jpg,cracked,1,0.045562744140625,4.5562744140625,313.76450198781714,5.98577880644037,16.0,91.24936117927786,0
pavement,018-88.jpg,cracked,1,0.019622802734375,1.9622802734375,170.63961030678928,4.761440139151871,11.661903789690601,107.85633261709776,0
pavement,088-157.jpg,cracked,1,0.015899658203125,1.5899658203125,108.19595949289332,6.298000729201897,17.204650534085253,45.50501676849996,0
pavement,055-118.jpg,cracked,1,0.0524749755859375,5.24749755859375,218.2670273047588,12.632161635928515,41.23105625617661,74.0394058596828,1
pavement,045-100.jpg,cracked,1,0.1371612548828125,13.71612548828125,832.8082245892128,8.248831480046233,36.0,42.806237490990156,5
pavement,055-45.jpg,cracked,1,0.1439971923828125,14.39971923828125,504.58787847868,12.334074149276164,40.0,125.30781976771533,17
pavement,093-14.jpg,cracked,1,0.009429931640625,0.9429931640625,58.62741699796952,15.283102950441307,43.08131845707603,109.43698766519238,1
pavement,003-79.jpg,cracked,1,0.004241943359375,0.4241943359375,41.55634918610404,6.709490625982121,15.620499351813308,62.24782676931118,1
pavement,030-21.jpg,cracked,1,0.1044769287109375,10.44769287109375,356.5756851698602,12.274009287651811,38.8329756778952,29.908610688258904,1
pavement,033-93.jpg,cracked,1,0.1446990966796875,14.46990966796875,664.3990616607231,13.80143562774695,59.0592922409336,157.34691413302193,22
pavement,067-120.jpg,cracked,1,0.008544921875,0.8544921875,60.840620433565945,5.106971843701097,11.313708498984761,35.903855977887474,0
pavement,026-135.jpg,cracked,1,0.0863800048828125,8.63800048828125,459.1614716074871,9.367225866252074,27.784887978899608,17.72646281956068,15
pavement,019-138.jpg,cracked,1,0.101043701171875,10.1043701171875,358.97770542341357,16.791764076911424,50.0,178.54239025994275,16
pavement,036-77.jpg,cracked,1,0.0745849609375,7.45849609375,451.01933598375615,9.330215275684898,28.635642126552707,113.21071219902436,12
pavement,062-93.jpg,cracked,1,0.0498046875,4.98046875,322.00714267493646,8.7264290810294,30.265491900843113,0.9000337273860453,12
pavement,006-94.jpg,cracked,1,0.0294647216796875,2.94647216796875,221.27922061357856,5.311975698805517,14.142135623730951,68.20514570005771,0
pavement,029-180.jpg,cracked,1,0.006439208984375,0.6439208984375,67.72792206135786,3.8558564004122977,8.246211251235321,174.37233597092717,0
pavement,012-98.jpg,cracked,1,0.1505889892578125,15.05889892578125,873.6955262170047,10.54794467201547,41.036569057366385,176.6632350468985,30
pavement,095-45.jpg,cracked,1,0.009063720703125,0.9063720703125,69.84062043356596,5.142388845856156,12.806248474865697,42.18352043211078,0
pavement,087-189.jpg,cracked,1,0.0357208251953125,3.57208251953125,275.6812408671319,5.587078575349988,16.0,84.6056663505705,0
pavement,044-130.jpg,cracked,1,0.0053558349609375,0.53558349609375,37.48528137423857,5.2097617544959895,12.0,96.22937324231343,0
pavement,095-86.jpg,cracked,1,0.0159912109375,1.59912109375,92.94112549695429,7.17537138014377,18.439088914585774,23.241649152902568,4
pavement,091-75.jpg,cracked,1,0.0885162353515625,8.85162353515625,653.6711395993652,6.432863340070091,22.360679774997898,115.33045411548997,12
pavement,083-102.jpg,cracked,1,0.007720947265625,0.7720947265625,61.62741699796952,4.828748960327459,10.0,164.77083303234178,0
pavement,042-117.jpg,cracked,1,0.097686767578125,9.7686767578125,556.842712474619,9.088082088453929,33.1058907144937,49.70976604492378,26
pavement,103-162.jpg,cracked,1,0.022674560546875,2.2674560546875,155.74011537017762,7.269252134912096,21.540659228538015,3.533595466310828,1
pavement,020-123.jpg,cracked,1,0.064300537109375,6.4300537109375,303.5512985522207,8.408408060046877,24.08318915758459,8.927250196894818,5
pavement,007-72.jpg,cracked,1,0.013153076171875,1.3153076171875,122.46803743153546,4.422677269981782,8.94427190999916,146.9267764397982,0
pavement,099-94.jpg,cracked,1,0.0818023681640625,8.18023681640625,468.13203435596427,8.846295560296294,29.732137494637012,166.88248739737455,19
pavement,052-85.jpg,cracked,1,0.105865478515625,10.5865478515625,489.90663761154804,9.989051849366087,36.49657518178932,143.10060934154188,7
pavement,018-104.jpg,cracked,1,0.1207275390625,12.07275390625,476.23253941935263,13.236350408845777,39.395431207184416,164.94037484993342,16
pavement,038-76.jpg,cracked,1,0.1051788330078125,10.51788330078125,502.43354954612926,10.232685871727655,32.0,1.05171826147091,8
pavement,075-80.jpg,cracked,1,0.0631103515625,6.31103515625,274.936074863071,9.395302979383574,32.0,64.97363649167858,0
pavement,011-89.jpg,cracked,1,0.0101318359375,1.01318359375,64.59797974644667,6.111939718742466,14.422205101855956,132.13753444453457,0
pavement,005-153.jpg,cracked,1,0.020111083984375,2.0111083984375,122.01219330881976,9.436516045705018,30.0,106.99530765929494,0
pavement,100-98.jpg,cracked,1,0.1083526611328125,10.83526611328125,663.5290039756343,8.756827540419097,29.732137494637012,12.643695797388943,25
pavement,067-99.jpg,cracked,1,0.016998291015625,1.6998291015625,143.698484809835,7.234562955231111,21.540659228538015,29.454395478478688,1
pavement,056-76.jpg,cracked,1,0.0217437744140625,2.17437744140625,113.22539674441619,10.548720651373875,36.0,76.35566601896451,2
pavement,034-74.jpg,cracked,1,0.055633544921875,5.5633544921875,314.6223663640862,9.124455130852025,28.635642126552707,13.423587452692459,8
pavement,086-96.jpg,cracked,1,0.0130767822265625,1.30767822265625,97.39696961966999,5.980844751750641,17.08800749063506,125.58360829922775,0
pavement,018-74.jpg,cracked,1,0.088958740234375,8.8958740234375,302.68124086713186,11.839505762302922,30.265491900843113,2.8516540488776343,2
pavement,009-80.jpg,cracked,1,0.0009918212890625,0.09918212890625,13.828427124746192,4.712887376491568,10.0,178.85105141426158,0
pavement,018-107.jpg,cracked,1,0.1033935546875,10.33935546875,402.6761902332486,11.97941126604068,32.31098884280702,5.973301711983993,16
pavement,093-11.jpg,cracked,1,0.0193328857421875,1.93328857421875,127.39696961966999,6.355605877996067,18.867962264113206,31.696642545099166,0
pavement,091-140.jpg,cracked,1,0.02801513671875,2.801513671875,188.29646455628168,5.731351062852489,14.560219778561036,14.353797183117024,0
pavement,041-58.jpg,cracked,1,0.0271759033203125,2.71759033203125,151.92388155425118,7.020900663848995,18.973665961010276,54.9896031971723,0
pavement,053-64.jpg,cracked,1,0.04949951171875,4.949951171875,318.3208511739212,6.194776631600514,16.492422502470642,91.67885923046772,1
pavement,062-105.jpg,cracked,1,0.0160369873046875,1.60369873046875,98.62741699796952,12.817657410175482,32.0,1.8859383746504363,2
pavement,008-133.jpg,cracked,1,0.032684326171875,3.2684326171875,279.89444430272835,5.592771699148917,18.439088914585774,1.6701752059926775,19
pavement,032-58.jpg,cracked,1,0.0106201171875,1.06201171875,95.76955262170048,4.613657843862357,10.0,7.934617246214998,0
pavement,020-122.jpg,cracked,1,0.0591278076171875,5.91278076171875,270.6812408671319,8.11804389336537,22.0,10.087152248655428,0
pavement,020-110.jpg,cracked,1,0.05230712890625,5.230712890625,275.82337649086287,8.739488562054675,26.0,9.368131077002658,7
pavement,033-100.jpg,cracked,1,0.035003662109375,3.5003662109375,249.99494936611666,10.18906999467069,28.844410203711913,8.124842601530759,16
pavement,006-152.jpg,cracked,1,0.05224609375,5.224609375,257.69343417595167,8.4018729046727,22.0,155.3427753376047,3
pavement,079-73.jpg,cracked,1,0.04144287109375,4.144287109375,299.48023074035524,5.753415809511703,12.806248474865697,13.298942113826143,5
pavement,072-28.jpg,cracked,1,0.044952392578125,4.4952392578125,402.13203435596427,5.079400222792284,14.142135623730951,118.2826700141786,8
pavement,087-171.jpg,cracked,1,0.042083740234375,4.2083740234375,315.56349186104046,5.381345414570699,11.313708498984761,60.39332586608876,0
pavement,090-74.jpg,cracked,1,0.032501220703125,3.2501220703125,272.88225099390854,4.9482461046612585,12.649110640673518,7.6034896910486225,1
pavement,086-128.jpg,cracked,1,0.0076904296875,0.76904296875,69.42640687119285,6.107376603210658,13.416407864998739,144.70783336314742,5
pavement,099-97.jpg,cracked,1,0.0373382568359375,3.73382568359375,144.49747468305833,11.691070986732885,31.622776601683793,38.24658946487256,3
pavement,065-155.jpg,cracked,1,0.0372314453125,3.72314453125,275.2914139223983,5.421802294197209,11.661903789690601,57.32965366593822,0
pavement,103-80.jpg,cracked,1,0.0371856689453125,3.71856689453125,189.58073580374358,9.22900489764738,34.0,27.448305917616153,1
pavement,048-117.jpg,cracked,1,0.0565032958984375,5.65032958984375,394.90663761154815,5.969005400952164,14.142135623730951,177.84329996916722,8
pavement,076-178.jpg,cracked,1,0.04351806640625,4.351806640625,266.0365799264593,7.6544577150843205,26.076809620810597,21.752364553759065,6
pavement,033-106.jpg,cracked,1,0.011199951171875,1.1199951171875,65.698484809835,12.779506791596063,35.77708763999664,136.48809553745636,3
pavement,033-92.jpg,cracked,1,0.0479888916015625,4.79888916015625,290.06601717798213,6.682313494313072,18.110770276274835,9.249617241381827,1
pavement,022-140.jpg,cracked,1,0.036773681640625,3.6773681640625,225.71067811865476,9.097341889421541,24.413111231467404,25.706165743675967,11
pavement,003-43.jpg,cracked,1,0.039459228515625,3.9459228515625,333.0904037956217,4.9274439294947125,18.0,123.95568477811204,0
pavement,056-171.jpg,cracked,1,0.0189361572265625,1.89361572265625,191.92388155425118,6.49659042468097,18.439088914585774,104.17351500561387,15
pavement,045-156.jpg,cracked,1,0.137237548828125,13.7237548828125,717.2813126546317,9.199291263899628,30.0,163.0278999388179,24
pavement,051-131.jpg,cracked,1,0.1252593994140625,12.52593994140625,494.00209204105306,13.193730509253626,45.254833995939045,22.597317021586463,21
pavement,008-134.jpg,cracked,1,0.027374267578125,2.7374267578125,199.61017305526642,5.517337585294538,12.165525060596439,162.83715039285977,0
pavement,026-64.jpg,cracked,1,0.2157440185546875,21.57440185546875,973.4894654563448,12.008954468885412,39.59797974644666,117.87002878701956,56
pavement,040-85.jpg,cracked,1,0.0248565673828125,2.48565673828125,198.61017305526642,5.284873464828226,12.649110640673518,169.66293128327513,3
pavement,078-88.jpg,cracked,1,0.045654296875,4.5654296875,321.22034611053283,5.796035710277178,16.1245154965971,159.92707358107327,0
pavement,074-63.jpg,cracked,1,0.029052734375,2.9052734375,206.68124086713192,5.571463345182945,15.231546211727817,166.51314250915735,4
pavement,100-147.jpg,cracked,1,0.041839599609375,4.1839599609375,296.651803615609,5.741793060879979,16.0,166.98147897786941,4
pavement,069-119.jpg,cracked,1,0.0446929931640625,4.46929931640625,287.99494936611666,6.206346438204931,14.422205101855956,179.8966675063765,0
pavement,061-103.jpg,cracked,1,0.07958984375,7.958984375,569.9188309203678,5.965931669389369,18.973665961010276,4.492309204793884,0
pavement,088-196.jpg,cracked,1,0.003265380859375,0.3265380859375,30.970562748477143,6.156066467723991,12.806248474865697,40.96170596968665,1
pavement,068-86.jpg,cracked,1,0.024139404296875,2.4139404296875,192.53910524340097,5.874375558452522,17.08800749063506,6.661318575805211,0
pavement,101-210.jpg,cracked,1,0.0331878662109375,3.31878662109375,205.61017305526642,6.287370721285224,19.697715603592208,150.15137471648495,0
pavement,035-78.jpg,cracked,1,0.20159912109375,20.159912109375,887.1219330881975,14.752086694729126,56.462376853972415,122.93136609941706,40
pavement,033-123.jpg,cracked,1,0.123809814453125,12.3809814453125,761.7371567773473,7.895450008713844,25.298221281347036,163.2586435217586,34
pavement,094-119.jpg,cracked,1,0.0430755615234375,4.30755615234375,383.6051224213831,5.535031018862976,26.076809620810597,51.577748007413085,8
pavement,053-210.jpg,cracked,1,0.003204345703125,0.3204345703125,36.21320343559643,3.588139551601616,7.211102550927978,61.43415303937209,0
pavement,010-115.jpg,cracked,1,0.0357513427734375,3.57513427734375,216.48023074035524,7.687547084084586,24.0,13.659580747050256,9
pavement,061-104.jpg,cracked,1,0.1132354736328125,11.32354736328125,480.43354954612926,12.153040530193465,43.9089968002003,24.317567647531234,11
pavement,048-119.jpg,cracked,1,0.0309906005859375,3.09906005859375,230.55129855222071,5.92685419610992,16.0,159.0973384638586,4
pavement,101-175.jpg,cracked,1,0.0964813232421875,9.64813232421875,706.8843430349616,6.745942496409185,32.55764119219941,130.70420928716834,28
pavement,028-156.jpg,cracked,1,0.0999755859375,9.99755859375,342.56349186104046,13.443300437740678,41.23105625617661,21.263442468916423,9
pavement,041-137.jpg,cracked,1,0.0354461669921875,3.54461669921875,277.0365799264593,5.795523466012566,16.0,28.809496300818438,9
pavement,089-158.jpg,cracked,1,0.114288330078125,11.4288330078125,537.0559159102155,9.485738197693772,25.45584412271571,36.81809474372241,12
pavement,028-233.jpg,cracked,1,0.193939208984375,19.3939208984375,628.2518754031088,18.19649571808899,57.723478758647246,42.989188647585706,28
pavement,068-93.jpg,cracked,1,0.050933837890625,5.0933837890625,319.17871555019025,6.868788866835142,24.0,4.294680862615593,5
pavement,055-8.jpg,cracked,1,0.0741729736328125,7.41729736328125,384.27922061357856,9.382199954026765,30.066592756745816,31.564455917003443,11
pavement,038-83.jpg,cracked,1,0.066558837890625,6.6558837890625,381.37972567696687,9.208630459358849,38.2099463490856,16.206530852376005,6
pavement,029-103.jpg,cracked,1,0.0056610107421875,0.56610107421875,55.97056274847714,4.128642996403456,8.246211251235321,167.82410371538214,0
pavement,094-97.jpg,cracked,1,0.0676422119140625,6.76422119140625,488.21529547664954,5.968636107521256,21.633307652783937,65.057996184038,8
pavement,055-117.jpg,cracked,1,0.0536956787109375,5.36956787109375,234.12489168102783,13.544904836786012,43.08131845707603,91.90475244633029,0
pavement,057-117.jpg,cracked,1,0.0970458984375,9.70458984375,316.3919189857867,12.157148813387632,34.0,170.38905156654474,2
pavement,043-75.jpg,cracked,1,0.0654754638671875,6.54754638671875,362.70562748477147,9.324527183663188,30.0,8.07162914741744,12
pavement,027-79_2.jpg,cracked,1,0.033416748046875,3.3416748046875,211.39696961967,9.799130435853716,34.0,4.23452794123304,1
pavement,008-167.jpg,cracked,1,0.026947021484375,2.6947021484375,199.12489168102786,6.024868446423853,16.1245154965971,165.76316329763438,8
pavement,084-231.jpg,cracked,1,0.012420654296875,1.2420654296875,103.76955262170047,4.479163567006821,10.0,86.98370236601619,0
pavement,058-75.jpg,cracked,1,0.04486083984375,4.486083984375,253.69343417595167,12.65488872953596,36.71511950137164,6.408584900587243,9
pavement,076-114.jpg,cracked,1,0.079254150390625,7.9254150390625,540.58787847868,6.6046912154307424,21.540659228538015,166.81502640923426,14
pavement,100-225.jpg,cracked,1,0.0082855224609375,0.82855224609375,84.01219330881976,4.333817235996227,8.94427190999916,21.935717326303205,0
pavement,071-63.jpg,cracked,1,0.009063720703125,0.9063720703125,78.62741699796953,4.529928966464539,10.0,80.65366125628121,0
pavement,094-108.jpg,cracked,1,0.0017242431640625,0.17242431640625,10.485281374238571,3.860835208262022,7.211102550927978,35.982857216435065,0
pavement,088-24.jpg,cracked,1,0.0255889892578125,2.55889892578125,217.36753236814712,4.848164478739371,10.0,98.54467555756021,0
pavement,047-87.jpg,cracked,1,0.042938232421875,4.2938232421875,289.79393923934,5.9983812534278576,16.0,13.658515204125592,1
pavement,102-138.jpg,cracked,1,0.049835205078125,4.9835205078125,285.6812408671319,6.973358660955559,18.439088914585774,7.5608979669612495,5
pavement,072-115.jpg,cracked,1,0.0022430419921875,0.22430419921875,24.38477631085024,3.5434364045807407,7.211102550927978,138.24528988789186,0
pavement,102-114.jpg,cracked,1,0.094573974609375,9.4573974609375,657.2031021678298,7.590593862770709,24.73863375370596,179.26133845138955,32
pavement,062-100.jpg,cracked,1,0.0537872314453125,5.37872314453125,274.4386001800126,10.318703437696373,34.92849839314596,1.5665715260697084,4
pavement,006-150.jpg,cracked,1,0.019866943359375,1.9866943359375,166.16652224137047,4.8024692752519815,10.770329614269007,57.36853695293584,1
pavement,043-66.jpg,cracked,1,0.1160736083984375,11.60736083984375,485.94826817189073,12.590242482911197,44.0,12.402822523447298,14
pavement,057-131.jpg,cracked,1,0.0700225830078125,7.00225830078125,250.49242404917499,11.981481175103143,32.2490309931942,158.08055936015631,7
pavement,057-118.jpg,cracked,1,0.0701446533203125,7.01446533203125,293.1198410471445,9.696305656179346,30.0,150.88005942535457,1
pavement,062-99.jpg,cracked,1,0.0722503662109375,7.22503662109375,349.1076477383248,9.366738789273024,32.0,179.28125703878123,14
pavement,033-98.jpg,cracked,1,0.1449432373046875,14.49432373046875,704.541197284454,10.863183348053317,38.8329756778952,18.955293413536907,30
pavement,081-158.jpg,cracked,1,0.0646209716796875,6.46209716796875,337.91883092036784,7.734009332573008,22.0,35.348468342849344,4
pavement,005-83.jpg,cracked,1,0.108856201171875,10.8856201171875,532.0315292925759,12.841798589375768,52.0,126.72111809963569,29
pavement,033-126.jpg,cracked,1,0.018890380859375,1.8890380859375,163.42640687119285,6.284598621049211,22.360679774997898,174.32176258277988,1
pavement,092-25.jpg,cracked,1,0.0829010009765625,8.29010009765625,242.1959594928933,15.891179554893874,46.04345773288535,23.250506207158338,13
pavement,100-58.jpg,cracked,1,0.02862548828125,2.862548828125,190.8528137423857,6.259995189302297,17.88854381999832,92.42009189551588,8
pavement,087-116.jpg,cracked,1,0.0125274658203125,1.25274658203125,96.01219330881976,5.655795500664881,16.1245154965971,71.8096761370853,0
pavement,019-123.jpg,cracked,1,0.1678466796875,16.78466796875,543.842712474619,17.71480047764851,60.8276253029822,177.0439985116775,18
pavement,103-77.jpg,cracked,1,0.058258056640625,5.8258056640625,309.5756851698602,8.14977435096305,20.591260281974,123.78701600934133,4
pavement,022-74.jpg,cracked,1,0.1116943359375,11.16943359375,604.0437226013956,9.938277630391434,35.77708763999664,123.6685960780607,31
pavement,036-125.jpg,cracked,1,0.088348388671875,8.8348388671875,471.3868683519033,7.778925151720012,26.832815729997478,27.288774730347086,3
pavement,059-73.jpg,cracked,1,0.0156707763671875,1.56707763671875,149.43860018001263,4.406702981984823,10.770329614269007,1.755571928731456,0
pavement,054-99.jpg,cracked,1,0.0123138427734375,1.23138427734375,72.04163056034263,6.018819757479182,15.231546211727817,166.26728317612125,0
pavement,038-99.jpg,cracked,1,0.065704345703125,6.5704345703125,303.6518036156091,8.51596836834633,22.0,172.2083069771618,1
pavement,057-87.jpg,cracked,1,0.0247955322265625,2.47955322265625,202.095454429505,6.67461836886825,25.612496949731394,177.53223197862877,3
pavement,019-131.jpg,cracked,1,0.0814666748046875,8.14666748046875,339.0365799264593,10.98192634964285,33.28663395418648,172.76616561154566,14
pavement,008-159.jpg,cracked,1,0.05206298828125,5.206298828125,330.53405460951757,7.183610302662288,28.635642126552707,20.650886117981145,6
pavement,052-114.jpg,cracked,1,0.0114898681640625,1.14898681640625,84.74011537017762,5.733483273239223,12.806248474865697,133.15180497920184,0
pavement,086-63.jpg,cracked,1,0.0907745361328125,9.07745361328125,637.8549057834388,6.903600980701819,22.360679774997898,149.4503504950233,30
pavement,028-66.jpg,cracked,1,0.0135040283203125,1.35040283203125,112.22539674441619,4.904408888552535,10.770329614269007,127.14212985492989,0
pavement,087-208.jpg,cracked,1,0.0768585205078125,7.68585205078125,605.4701294725886,5.77483483499476,18.0,167.44801103826046,19
pavement,020-121.jpg,cracked,1,0.0741729736328125,7.41729736328125,318.8111831820431,10.216776019289421,30.0,3.6539882995996322,5
pavement,100-167.jpg,cracked,1,0.0555572509765625,5.55572509765625,366.7056274847714,7.178272405543386,22.090722034374522,51.551922251149136,17
pavement,013-30.jpg,cracked,1,0.0601348876953125,6.01348876953125,327.8944443027283,8.138684991489145,24.73863375370596,86.27540497572666,3
pavement,085-110.jpg,cracked,1,0.1024017333984375,10.24017333984375,609.4163056034262,8.997668721754266,32.0,168.80398514398203,19
pavement,069-57.jpg,cracked,1,0.0386505126953125,3.86505126953125,289.37972567696687,5.465038648459032,12.649110640673518,166.72278725025137,1
pavement,058-67.jpg,cracked,1,0.02337646484375,2.337646484375,110.74011537017762,7.842992914159492,27.784887978899608,163.39599324751322,0
pavement,031-41.jpg,cracked,1,0.0163421630859375,1.63421630859375,109.18376618407358,7.737083207169236,20.396078054371138,8.125990769641419,1
pavement,098-124.jpg,cracked,1,0.0383453369140625,3.83453369140625,228.63961030678928,7.483146552421887,18.0,171.61807026200972,0
pavement,012-104.jpg,cracked,1,0.071563720703125,7.1563720703125,374.8772003600252,9.446072285470468,30.0,142.7805242705631,5
pavement,004-115.jpg,cracked,1,0.03533935546875,3.533935546875,309.1370849898476,4.796004061548419,10.0,158.84775085635778,1
pavement,013-29.jpg,cracked,1,0.02337646484375,2.337646484375,135.25483399593904,11.115593337409077,34.92849839314596,168.8745164966514,4
pavement,019-208.jpg,cracked,1,0.0291595458984375,2.91595458984375,235.095454429505,5.314912027898871,14.422205101855956,91.49389198179728,0
pavement,071-102.jpg,cracked,1,0.0063934326171875,0.63934326171875,62.11269837220809,6.434087423601443,16.0,152.54259002126065,5
pavement,095-134.jpg,cracked,1,0.0295562744140625,2.95562744140625,233.23759005323595,5.515891876280027,16.1245154965971,164.49922187371664,5
pavement,099-105.jpg,cracked,1,0.0285186767578125,2.85186767578125,121.12489168102786,9.42206739845355,22.360679774997898,27.46004696579365,9
pavement,085-94.jpg,cracked,1,0.0046234130859375,0.46234130859375,28.727922061357855,5.220045593649412,11.661903789690601,1.814365256550957,0
pavement,050-83.jpg,cracked,1,0.019744873046875,1.9744873046875,155.42640687119285,5.90641238397767,18.110770276274835,1.8112332453620752,1
pavement,028-55.jpg,cracked,1,0.04302978515625,4.302978515625,201.65180361560905,11.247758771309664,42.0,10.605205361742065,2
pavement,049-63.jpg,cracked,1,0.0126495361328125,1.26495361328125,105.1126983722081,5.369794287615301,12.165525060596439,176.64832570690217,3
pavement,076-96.jpg,cracked,1,0.088409423828125,8.8409423828125,647.1686142824235,6.254707013815655,18.439088914585774,111.78007253079629,30
pavement,076-196.jpg,cracked,1,0.011688232421875,1.1688232421875,72.698484809835,7.143367816495917,20.396078054371138,15.994421733085915,0
pavement,098-91.jpg,cracked,1,0.0557708740234375,5.57708740234375,172.15432893255073,13.927309195586183,36.76955262170047,160.99024627855735,4
pavement,068-101.jpg,cracked,1,0.0428619384765625,4.28619384765625,329.45079348883235,5.634961162816224,15.620499351813308,167.43301471462843,6
pavement,047-99.jpg,cracked,1,0.0054931640625,0.54931640625,64.07106781186548,6.73613220024075,14.0,178.89946024925933,1
pavement,029-102.jpg,cracked,1,0.02410888671875,2.410888671875,189.3380951166243,5.217486317430701,11.313708498984761,4.022114857923043,3
pavement,051-49.jpg,cracked,1,0.04302978515625,4.302978515625,314.69343417595167,5.631801339278985,14.0,1.1309978218734784,3
pavement,045-5.jpg,cracked,1,0.0619659423828125,6.19659423828125,464.81832585697947,5.523813885521918,18.0,75.94633042101307,0
pavement,045-230.jpg,cracked,1,0.150177001953125,15.0177001953125,568.570634535977,12.42219897270144,32.55764119219941,70.93280696101635,4
pavement,044-81.jpg,cracked,1,0.12884521484375,12.884521484375,599.3107499061545,11.73768805163014,44.04543109109048,169.30030225107382,25
pavement,049-105.jpg,cracked,1,0.029266357421875,2.9266357421875,211.10764773832474,5.360446204199658,12.165525060596439,51.147887469150376,1
pavement,094-41.jpg,cracked,1,0.02191162109375,2.191162109375,160.36753236814715,5.692386350541421,15.620499351813308,66.76892517880871,3
pavement,058-63.jpg,cracked,1,0.01953125,1.953125,127.5685424949238,6.509495425488905,19.697715603592208,121.21024016539894,3
pavement,006-131.jpg,cracked,1,0.044769287109375,4.4769287109375,333.2031021678298,5.3763211838826415,15.620499351813308,55.833889992600064,0
pavement,047-109.jpg,cracked,1,0.01300048828125,1.300048828125,93.21320343559643,5.517854604180243,12.0,8.965030966088136,0
pavement,058-79.jpg,cracked,1,0.1837921142578125,18.37921142578125,531.872149726142,20.680398343445468,52.61178575186362,105.35562773209583,18
pavement,058-62.jpg,cracked,1,0.0397796630859375,3.97796630859375,162.89444430272835,8.709677307294283,25.059928172283335,159.96918984652444,0
pavement,012-107.jpg,cracked,1,0.0832366943359375,8.32366943359375,428.17871555019025,9.568628567780827,32.802438933713454,170.90542630640059,9
pavement,086-232.jpg,cracked,1,0.085723876953125,8.5723876953125,609.842712474619,6.83905005732732,28.0,129.512671476321,8
pavement,011-112.jpg,cracked,1,0.003204345703125,0.3204345703125,35.38477631085024,3.693297118725099,7.211102550927978,67.41857199262162,0
pavement,022-160.jpg,cracked,1,0.0929412841796875,9.29412841796875,491.6173157302029,8.67878133593712,28.284271247461902,16.997360428056794,25
pavement,060-81.jpg,cracked,1,0.07757568359375,7.757568359375,457.38686835190333,8.090216250994722,28.284271247461902,177.81276773671138,26
pavement,096-218.jpg,cracked,1,0.042633056640625,4.2633056640625,341.46298679765215,6.237412226048539,22.360679774997898,165.82111292039806,20
pavement,066-101.jpg,cracked,1,0.036407470703125,3.6407470703125,254.78174593052023,5.507437513094311,14.0,160.85176236810304,0
pavement,055-26.jpg,cracked,1,0.0743408203125,7.43408203125,278.89444430272835,9.777567228754108,27.85677655436824,77.2624092747151,0
pavement,017-108.jpg,cracked,1,0.051483154296875,5.1483154296875,351.8061325481597,6.604379045440889,18.867962264113206,12.066718528083697,15
pavement,076-137.jpg,cracked,1,0.0400238037109375,4.00238037109375,243.79393923934,6.630563262767689,17.08800749063506,21.255690652091516,0
pavement,047-97.jpg,cracked,1,0.0213165283203125,2.13165283203125,174.9827560572969,6.558187602584099,18.0,177.11261207581023,1
pavement,099-92.jpg,cracked,1,0.0686492919921875,6.86492919921875,473.4751801064719,7.339792892334379,24.73863375370596,172.00588040141008,22
pavement,060-78.jpg,cracked,1,0.006195068359375,0.6195068359375,32.48528137423857,5.486704077996065,16.0,5.059448890090749,0
pavement,090-142.jpg,cracked,1,0.0236968994140625,2.36968994140625,187.095454429505,5.2360684882820046,10.770329614269007,26.48625476233309,1
pavement,095-82.jpg,cracked,1,0.0411376953125,4.11376953125,386.01933598375615,4.583714924142646,12.165525060596439,88.04834707779558,0
pavement,061-100.jpg,cracked,1,0.07757568359375,7.757568359375,359.19090885901,9.65354743515695,27.202941017470888,165.9345831387622,7
pavement,079-76.jpg,cracked,1,0.043365478515625,4.3365478515625,288.7228714274745,5.97854478368366,12.649110640673518,162.95383576212495,1
pavement,071-69.jpg,cracked,1,0.02789306640625,2.789306640625,213.48023074035524,5.963822150851568,16.1245154965971,148.46274703925323,4
pavement,089-2.jpg,cracked,1,0.0390777587890625,3.90777587890625,214.35028842544403,7.558792243974144,22.0,42.74392974875582,4
pavement,072-38.jpg,cracked,1,0.0106201171875,1.06201171875,89.22539674441619,4.821180145354141,11.313708498984761,34.19102126532886,0
pavement,067-74.jpg,cracked,1,0.0613250732421875,6.13250732421875,406.7056274847714,6.084436736671325,17.88854381999832,15.373059426348647,1
pavement,094-156.jpg,cracked,1,0.0524139404296875,5.24139404296875,377.33304448274095,6.370397520514993,25.059928172283335,69.05511609136387,8
pavement,077-88.jpg,cracked,1,0.049530029296875,4.9530029296875,286.6518036156091,7.068943571860654,20.591260281974,166.019511954759,0
pavement,063-100.jpg,cracked,1,0.062744140625,6.2744140625,399.7350647362943,9.33818684763561,27.784887978899608,179.52068325110668,11
pavement,011-103.jpg,cracked,1,0.00811767578125,0.811767578125,75.4558441227157,4.463115257191292,10.0,76.82843914583461,0
pavement,075-81.jpg,cracked,1,0.0276336669921875,2.76336669921875,124.18376618407356,17.51063726407503,46.389654018972806,38.51709954015402,1
pavement,009-83.jpg,cracked,1,0.04205322265625,4.205322265625,281.99494936611666,5.913642080114046,14.0,13.499500915853872,1
pavement,022-159.jpg,cracked,1,0.0615081787109375,6.15081787109375,318.8355697996826,8.275960727587504,23.323807579381203,13.138647849494959,8
pavement,076-139.jpg,cracked,1,0.0621490478515625,6.21490478515625,643.9015869776647,5.892286674641202,17.08800749063506,72.84058093418496,16
pavement,083-99.jpg,cracked,1,0.016021728515625,1.6021728515625,106.84062043356595,5.64224580498461,14.560219778561036,86.35568344372302,3
pavement,104-103.jpg,cracked,1,0.0415191650390625,4.15191650390625,339.6223663640862,5.531967023692846,16.492422502470642,174.14948428313718,15
pavement,049-85.jpg,cracked,1,0.0244903564453125,2.44903564453125,197.2670273047588,5.482066604528503,17.88854381999832,23.179885961796657,1
pavement,014-194.jpg,cracked,1,0.0047454833984375,0.47454833984375,34.45584412271572,5.2146723974436835,12.649110640673518,158.97869051631432,0
pavement,019-185.jpg,cracked,1,0.0406494140625,4.06494140625,311.651803615609,5.435428220325052,14.142135623730951,86.72234997858898,0
pavement,092-121.jpg,cracked,1,0.0125732421875,1.25732421875,97.25483399593904,6.25973279098481,18.973665961010276,133.96298881119637,0
pavement,038-107.jpg,cracked,1,0.1523284912109375,15.23284912109375,661.98484809835,10.773852652356897,35.608987629529715,145.00104460675712,18
pavement,019-148.jpg,cracked,1,0.0554962158203125,5.54962158203125,266.7523086789974,10.75944467673408,32.55764119219941,151.8795186526245,5
pavement,057-105.jpg,cracked,1,0.07318115234375,7.318115234375,372.04877323527904,9.46464557854379,31.622776601683793,145.62953119174074,3
pavement,073-48.jpg,cracked,1,0.0546875,5.46875,343.5340546095176,6.869698786208376,20.8806130178211,178.65295956771735,9
pavement,004-144.jpg,cracked,1,0.00537109375,0.537109375,57.45584412271571,3.9914176578939338,8.246211251235321,17.840508698435997,0
pavement,011-133.jpg,cracked,1,0.0113525390625,1.13525390625,106.38477631085024,4.396743473965476,8.94427190999916,94.68244189759757,0
pavement,029-115.jpg,cracked,1,0.0455322265625,4.55322265625,289.89444430272835,6.349121080444385,18.439088914585774,174.13414577317835,0
pavement,068-114.jpg,cracked,1,0.0345611572265625,3.45611572265625,249.50966799187808,6.820821682527674,25.059928172283335,163.66710885379044,4
pavement,074-60.jpg,cracked,1,0.0715484619140625,7.15484619140625,437.51681066681454,7.719333081701123,26.0,173.68454644095547,16
pavement,101-110.jpg,cracked,1,0.0461273193359375,4.61273193359375,365.3797256769669,5.709466404113514,20.0,165.05956081543644,9
pavement,074-84.jpg,cracked,1,0.04949951171875,4.949951171875,264.59292911256335,8.328432094627479,31.240998703626616,17.97749705298324,3
pavement,084-107.jpg,cracked,1,0.0617828369140625,6.17828369140625,380.0071426749364,7.698100528566911,22.360679774997898,5.726989980340477,18
pavement,005-49.jpg,cracked,1,0.0381317138671875,3.81317138671875,204.79393923933998,8.592329331269466,26.076809620810597,120.38761861630782,4
pavement,090-104.jpg,cracked,1,0.02862548828125,2.862548828125,250.95331880577405,5.069559837876328,16.1245154965971,1.314329504067132,2
pavement,100-142.jpg,cracked,1,0.0650177001953125,6.50177001953125,287.7228714274745,9.541106851229232,26.0,169.7388529748342,10
pavement,029-101.jpg,cracked,1,0.050811767578125,5.0811767578125,426.4041122946064,5.063081054086322,11.661903789690601,26.135874421360967,4
pavement,091-95.jpg,cracked,1,0.0864410400390625,8.64410400390625,571.7422074112307,6.468418692003175,20.396078054371138,25.96003385515411,11
pavement,103-112.jpg,cracked,1,0.1048431396484375,10.48431396484375,458.4579361637688,11.468272581308605,36.05551275463989,134.22096669674642,12
pavement,043-15.jpg,cracked,1,0.105377197265625,10.5377197265625,385.6051224213831,11.314391011732386,35.4400902933387,173.8845885180018,4
pavement,086-48.jpg,cracked,1,0.083404541015625,8.3404541015625,562.4335495461293,6.916782454603085,24.0,149.02779437679715,22
pavement,043-86.jpg,cracked,1,0.0749969482421875,7.49969482421875,328.63455967290594,14.6262856430923,42.941821107167776,167.89685073685618,18
pavement,084-139.jpg,cracked,1,0.0685882568359375,6.85882568359375,395.26197667087547,7.921642334727553,24.0,63.28325611623487,0
pavement,042-78.jpg,cracked,1,0.0141754150390625,1.41754150390625,97.7401153701776,6.455635450003421,19.697715603592208,64.36349026222472,3
pavement,064-103.jpg,cracked,1,0.0402069091796875,4.02069091796875,253.6812408671319,7.248441641970118,22.0,43.131287907997574,4
pavement,101-113.jpg,cracked,1,0.0633392333984375,6.33392333984375,413.5929291125633,6.882278935871048,21.540659228538015,177.88527700176908,8
pavement,004-121.jpg,cracked,1,0.021392822265625,2.1392822265625,231.84062043356593,4.11756259614102,8.94427190999916,176.90420861183568,0
pavement,100-121.jpg,cracked,1,0.035064697265625,3.5064697265625,238.69343417595164,5.936910763390708,16.492422502470642,162.2531021002757,1
pavement,019-209.jpg,cracked,1,0.076263427734375,7.6263427734375,417.889393668845,8.236810383856312,26.90724809414742,59.03078306121818,14
pavement,095-93.jpg,cracked,1,0.070587158203125,7.0587158203125,557.0609665440988,5.936417097123311,18.973665961010276,145.56351945397648,20
pavement,056-174.jpg,cracked,1,0.1150360107421875,11.50360107421875,530.0020920410531,11.301439351616404,31.04834939252005,178.9411076691969,32
pavement,036-80.jpg,cracked,1,0.1607666015625,16.07666015625,885.6660889654819,11.672054075914009,44.94441010848846,179.75775028648386,41
pavement,065-105.jpg,cracked,1,0.008819580078125,0.8819580078125,82.18376618407356,5.558911838341522,16.0,134.6596697173676,3
pavement,071-76.jpg,cracked,1,0.049774169921875,4.9774169921875,332.14927829866735,6.065146094249491,15.620499351813308,24.808881661567113,1
pavement,077-104.jpg,cracked,1,0.0441436767578125,4.41436767578125,338.69343417595167,5.966461476956685,18.973665961010276,2.218091943654059,6
pavement,019-39.jpg,cracked,1,0.01318359375,1.318359375,96.18376618407356,5.113361418662806,12.0,177.91946864652888,0
pavement,021-100.jpg,cracked,1,0.0658721923828125,6.58721923828125,329.8650070512055,8.378172861856449,25.298221281347036,178.10336166206963,13
pavement,077-103.jpg,cracked,1,0.04150390625,4.150390625,289.2375900532359,5.80708152182077,14.422205101855956,168.74382082035012,4
pavement,096-103.jpg,cracked,1,0.05810546875,5.810546875,365.35028842544403,8.461314586883105,27.202941017470888,73.9540170011467,9
pavement,034-102.jpg,cracked,1,0.1001129150390625,10.01129150390625,534.5168106668145,9.81440772509059,31.622776601683793,19.40620729102841,12
pavement,035-99.jpg,cracked,1,0.116546630859375,11.6546630859375,671.1980515339465,8.59302507549686,32.55764119219941,55.11786499568726,15
pavement,093-151.jpg,cracked,1,0.02996826171875,2.996826171875,241.72287142747453,5.1198745548451745,11.661903789690601,66.83683703423937,0
pavement,017-100.jpg,cracked,1,0.0470123291015625,4.70123291015625,231.06601717798213,8.819834478200084,26.68332812825267,3.589204037430136,1
pavement,076-197.jpg,cracked,1,0.076416015625,7.6416015625,405.90158697766475,8.217642144458894,25.45584412271571,39.37836463686759,11
pavement,066-109.jpg,cracked,1,0.0442657470703125,4.42657470703125,294.9066376115481,6.112535935878763,19.697715603592208,2.244041217994493,0
pavement,088-81.jpg,cracked,1,0.0430145263671875,4.30145263671875,282.1198410471445,6.3419798485947725,21.2602916254693,50.64389923254244,0
pavement,102-96.jpg,cracked,1,0.0021514892578125,0.21514892578125,21.31370849898476,4.132609108697358,8.246211251235321,31.205051454335006,0
pavement,029-50.jpg,cracked,1,0.0092926025390625,0.92926025390625,74.84062043356596,4.778834372059175,10.0,152.38867137485292,0
pavement,102-58.jpg,cracked,1,0.008148193359375,0.8148193359375,68.698484809835,4.671468465308496,10.0,15.882816865934473,0
pavement,092-141.jpg,cracked,1,0.0864715576171875,8.64715576171875,410.80108191427644,8.423240791607164,28.635642126552707,49.50663509919468,1
pavement,035-120.jpg,cracked,1,0.087493896484375,8.7493896484375,413.64675298172574,8.66295418233534,26.90724809414742,49.41858648181618,3
pavement,086-198.jpg,cracked,1,0.0159912109375,1.59912109375,147.61017305526642,5.123170081021631,11.313708498984761,124.51326875164088,5
pavement,030-80.jpg,cracked,1,0.118743896484375,11.8743896484375,465.5290039756343,13.527782939349747,38.62641583165593,40.79233342928495,22
pavement,027-120.jpg,cracked,1,0.1504364013671875,15.04364013671875,533.1858582251267,15.08045663161093,46.04345773288535,28.822532346669846,29
pavement,037-80.jpg,cracked,1,0.0721588134765625,7.21588134765625,419.19090885901,8.843054218746882,34.52535300326414,27.74385468418211,4
pavement,095-57.jpg,cracked,1,0.011077880859375,1.1077880859375,118.84062043356595,4.117138130087698,8.48528137423857,164.5325575096109,0
pavement,083-121.jpg,cracked,1,0.023223876953125,2.3223876953125,166.5685424949238,5.861972314908615,17.08800749063506,0.3716235435863666,4
pavement,085-117.jpg,cracked,1,0.0762481689453125,7.62481689453125,318.2081528017131,10.672078711883616,29.5296461204668,5.4270151065176435,4
pavement,040-111.jpg,cracked,1,0.046417236328125,4.6417236328125,303.89444430272835,6.355987582246777,16.1245154965971,169.78248219068556,1
pavement,027-22_2.jpg,cracked,1,0.011260986328125,1.1260986328125,69.18376618407356,8.284972011559121,20.0,34.558989241494004,1
pavement,019-31.jpg,cracked,1,0.014556884765625,1.4556884765625,121.19595949289332,4.800686822095041,10.0,132.1762594553804,0
pavement,045-119.jpg,cracked,1,0.0921630859375,9.21630859375,650.1980515339463,6.725408685256659,20.396078054371138,173.6122037645338,11
pavement,043-60.jpg,cracked,1,0.044036865234375,4.4036865234375,289.7523086789974,10.429016698616598,39.59797974644666,170.4870233999785,5
pavement,048-95.jpg,cracked,1,0.056304931640625,5.6304931640625,388.94826817189073,6.350412266972829,18.0,179.34221056312177,8
pavement,063-147.jpg,cracked,1,0.0209197998046875,2.09197998046875,121.46803743153546,9.914855542224995,26.0,153.22720500145383,2
pavement,056-176.jpg,cracked,1,0.109466552734375,10.9466552734375,433.71782079359116,13.892672126660665,50.0,169.40903344770095,26
pavement,102-110.jpg,cracked,1,0.0498809814453125,4.98809814453125,298.58073580374355,6.774033010394025,22.0,1.0172545257655656,0
pavement,061-89.jpg,cracked,1,0.0041656494140625,0.41656494140625,50.72792206135786,3.682999878954105,7.211102550927978,169.6197907260694,0
pavement,037-56.jpg,cracked,1,0.0789031982421875,7.89031982421875,355.27922061357856,10.313433974391934,31.304951684997057,179.8503781836511,10
pavement,076-79.jpg,cracked,1,0.040130615234375,4.0130615234375,279.01933598375615,5.997713375937574,16.0,128.49565992599565,1
pavement,053-152.jpg,cracked,1,0.03179931640625,3.179931640625,236.3380951166243,5.720013890681109,16.0,111.92812774280362,0
pavement,076-24.jpg,cracked,1,0.0541839599609375,5.41839599609375,427.81832585697947,6.379246658886431,18.867962264113206,29.458384847033585,16
pavement,062-101.jpg,cracked,1,0.060211181640625,6.0211181640625,272.0243866176395,12.120058449248962,49.193495504995376,178.32595138110614,3
pavement,004-145.jpg,cracked,1,0.013671875,1.3671875,107.698484809835,6.3544736427314445,19.697715603592208,2.827381360198899,0
pavement,071-85.jpg,cracked,1,0.043426513671875,4.3426513671875,327.5929291125633,5.539380266062187,12.165525060596439,169.20326318938933,4
pavement,050-81.jpg,cracked,1,0.0330963134765625,3.30963134765625,203.98275605729688,6.436430008926112,20.396078054371138,4.751645178008715,0
pavement,018-207.jpg,cracked,1,0.0147705078125,1.47705078125,94.08326112068524,5.685022745069692,12.649110640673518,111.05029505070294,0
pavement,085-116.jpg,cracked,1,0.056640625,5.6640625,364.2497833620557,8.475725924093567,34.0,176.58371591092677,3
pavement,085-96.jpg,cracked,1,0.014923095703125,1.4923095703125,126.74011537017762,4.753366812573843,12.0,155.3180463239504,0
pavement,047-116.jpg,cracked,1,0.0452880859375,4.52880859375,290.06601717798213,6.781515787796119,22.80350850198276,176.27687748488108,1
pavement,008-166.jpg,cracked,1,0.031829833984375,3.1829833984375,128.9827560572969,12.109822309515085,38.05259518088089,0.5129650866144289,4
pavement,059-100.jpg,cracked,1,0.0232086181640625,2.32086181640625,143.16652224137047,6.790643490931862,19.697715603592208,8.193655943765663,4
pavement,094-118.jpg,cracked,1,0.0158233642578125,1.58233642578125,98.56854249492382,6.52487742435339,18.110770276274835,43.675385587614414,0
pavement,018-69.jpg,cracked,1,0.03033447265625,3.033447265625,152.61017305526644,8.26228636322716,23.40939982143925,76.49471341816171,0
pavement,088-43.jpg,cracked,1,0.0269012451171875,2.69012451171875,240.03657992645927,5.0866381514487085,15.231546211727817,17.697753050978434,5
pavement,019-28.jpg,cracked,1,0.0501251220703125,5.01251220703125,312.27922061357856,6.502709565137136,17.08800749063506,101.56385785212188,1
pavement,096-102.jpg,cracked,1,0.0268096923828125,2.68096923828125,248.50966799187808,5.0539318338006884,14.422205101855956,55.14505857632351,10
pavement,043-80.jpg,cracked,1,0.1038360595703125,10.38360595703125,533.8477631085024,9.428402264424294,32.0,139.72159649944018,11
pavement,020-170.jpg,cracked,1,0.027923583984375,2.7923583984375,144.65180361560903,8.339598934267853,22.80350850198276,141.71429114273897,4
pavement,094-86.jpg,cracked,1,0.0369415283203125,3.69415283203125,237.9655121145938,6.283524563401618,19.697715603592208,45.53591270274852,4
pavement,007-102.jpg,cracked,1,0.0037994384765625,0.37994384765625,45.071067811865476,3.8909006945005897,8.94427190999916,173.89933317460645,0
pavement,030-118.jpg,cracked,1,0.084869384765625,8.4869384765625,243.3208511739212,14.3414001735203,37.73592452822641,48.220856377299604,0
pavement,074-85.jpg,cracked,1,0.075531005859375,7.5531005859375,366.8061325481598,10.761098542717765,40.0,36.796531205215615,10
pavement,003-187.jpg,cracked,1,0.0355377197265625,3.55377197265625,302.6223663640862,5.040792544590054,14.0,84.80157712044912,0
pavement,051-114.jpg,cracked,1,0.0981292724609375,9.81292724609375,693.3351365237941,6.056373543337586,16.492422502470642,128.67863553137997,8
pavement,059-95.jpg,cracked,1,0.005950927734375,0.5950927734375,27.899494936611667,12.782536903362761,29.5296461204668,74.70070842792445,0
pavement,091-62.jpg,cracked,1,0.0026092529296875,0.26092529296875,30.556349186104047,3.4637367674353645,6.324555320336759,109.39827604915409,0
pavement,019-118.jpg,cracked,1,0.06396484375,6.396484375,363.77669529663683,7.204866664784794,22.360679774997898,51.254154519611774,5
pavement,044-122.jpg,cracked,1,0.0503997802734375,5.03997802734375,175.02438661763952,10.935021334151456,32.0,20.15003878208978,0
pavement,093-173.jpg,cracked,1,0.014617919921875,1.4617919921875,85.18376618407358,6.210753851325964,14.142135623730951,68.97618854898421,0
pavement,088-60.jpg,cracked,1,0.0068511962890625,0.68511962890625,71.08326112068524,5.08583130563656,12.165525060596439,129.2882559319588,5
pavement,071-75.jpg,cracked,1,0.0450897216796875,4.50897216796875,302.8355697996826,5.917001106401244,15.620499351813308,19.975398263563648,1
pavement,038-84.jpg,cracked,1,0.1121826171875,11.21826171875,510.4041122946064,12.328723170476168,58.0,175.90461708365018,9
pavement,057-146.jpg,cracked,1,0.0133514404296875,1.33514404296875,92.66904755831214,6.0282587980326765,19.697715603592208,16.282464294734837,0
pavement,011-86.jpg,cracked,1,0.0166015625,1.66015625,119.49747468305833,5.566179003085031,16.0,122.60210997906452,0
pavement,075-137.jpg,cracked,1,0.0052490234375,0.52490234375,36.14213562373095,12.457350547007326,34.058772731852805,43.023261252730805,0
pavement,036-79.jpg,cracked,1,0.1816253662109375,18.16253662109375,888.7249634685277,10.196239165815925,35.608987629529715,174.41196186778572,24
pavement,092-83.jpg,cracked,1,0.0833282470703125,8.33282470703125,415.6295090390226,7.734453492585513,21.540659228538015,117.97233510758909,0
pavement,099-96.jpg,cracked,1,0.008056640625,0.8056640625,29.556349186104047,7.622063653156952,18.973665961010276,27.500961825226682,0
pavement,080-190.jpg,cracked,1,0.049224853515625,4.9224853515625,328.6639969244288,6.6667440891395495,17.88854381999832,110.38371387992008,1
pavement,052-83.jpg,cracked,1,0.05279541015625,5.279541015625,324.3797256769669,6.58784287614955,18.0,163.90482112038998,0
pavement,071-71.jpg,cracked,1,0.040496826171875,4.0496826171875,322.26197667087547,5.3947242949992065,13.416407864998739,157.47236154417132,3
pavement,017-101.jpg,cracked,1,0.045745849609375,4.5745849609375,300.936074863071,6.236608699264515,16.1245154965971,2.7266684715686154,4
pavement,059-131.jpg,cracked,1,0.0233001708984375,2.33001708984375,158.8528137423857,6.337423301305455,22.0,115.34436613816901,0
pavement,035-59.jpg,cracked,1,0.0512237548828125,5.12237548828125,298.27922061357856,8.662810677334956,27.202941017470888,131.5052124905517,10
pavement,054-97.jpg,cracked,1,0.008148193359375,0.8148193359375,60.14213562373095,5.1301344052458155,12.0,178.66373378312792,0
pavement,020-187.jpg,cracked,1,0.0244903564453125,2.44903564453125,151.8528137423857,7.079051126697147,17.88854381999832,131.09792879550162,3
pavement,063-103.jpg,cracked,1,0.099853515625,9.9853515625,569.8721497261419,8.39630022276344,26.832815729997478,37.649642810041854,21
pavement,050-77.jpg,cracked,1,0.0277557373046875,2.77557373046875,179.61017305526644,6.269432109458623,17.08800749063506,17.412455083953716,1
pavement,046-83.jpg,cracked,1,0.0067901611328125,0.67901611328125,41.941125496954285,5.504614541253274,11.313708498984761,135.13229124081064,0
pavement,080-172.jpg,cracked,1,0.0248870849609375,2.48870849609375,136.88225099390854,7.685558707669268,20.0,56.97109908047541,3
pavement,028-79.jpg,cracked,1,0.0962371826171875,9.62371826171875,359.1614716074871,14.949380031176178,48.82622246293481,24.403244870997156,12
pavement,068-88.jpg,cracked,1,0.0413818359375,4.13818359375,293.2375900532359,5.745653759130291,13.416407864998739,7.182870872247122,0
pavement,006-113.jpg,cracked,1,0.0145721435546875,1.45721435546875,105.29646455628166,6.236486736524902,19.79898987322333,64.85213299916056,1
pavement,006-20.jpg,cracked,1,0.00384521484375,0.384521484375,26.627416997969522,4.705866070476984,8.94427190999916,47.802748978391655,0
pavement,003-97.jpg,cracked,1,0.01092529296875,1.092529296875,80.698484809835,5.903293595243416,14.142135623730951,101.50562305335572,4
pavement,091-94.jpg,cracked,1,0.031341552734375,3.1341552734375,208.9655121145938,5.911917095135676,12.649110640673518,19.58548484918913,0
pavement,078-71.jpg,cracked,1,0.0409393310546875,4.09393310546875,279.56349186104046,5.809733122944617,12.0,150.72963695672777,0
pavement,093-197.jpg,cracked,1,0.0226898193359375,2.26898193359375,102.81118318204308,8.021004629019634,21.2602916254693,3.0935049093762643,0
pavement,061-99.jpg,cracked,1,0.0486297607421875,4.86297607421875,277.99494936611666,10.775794660007953,48.041648597857254,1.0198209954670006,3
pavement,095-107.jpg,cracked,1,0.0011749267578125,0.11749267578125,75.0,2.0,2.0,90.0,0
pavement,068-100.jpg,cracked,1,0.0738525390625,7.38525390625,403.2497833620557,8.481925426931927,31.622776601683793,22.126367485415273,9
pavement,085-93.jpg,cracked,1,0.0116119384765625,1.16119384765625,92.14213562373095,8.43914768033894,22.80350850198276,0.9031331438392272,0
pavement,101-48.jpg,cracked,1,0.01495361328125,1.495361328125,132.91168824543144,5.763722827392488,13.416407864998739,14.435742008770433,0
pavement,020-222.jpg,cracked,1,0.009246826171875,0.9246826171875,61.76955262170047,8.200579866086246,20.09975124224178,116.66128343928628,1
pavement,088-119.jpg,cracked,1,0.0090789794921875,0.90789794921875,64.84062043356596,6.3998112677851875,16.0,37.83487462130037,0
pavement,040-113.jpg,cracked,1,0.031494140625,3.1494140625,201.40916292848976,8.31413821166814,28.071337695236398,45.64095775775611,10
pavement,085-113.jpg,cracked,1,0.0803070068359375,8.03070068359375,316.76450198781714,11.029359100867092,32.55764119219941,16.15530990214512,4
pavement,023-154.jpg,cracked,1,0.018768310546875,1.8768310546875,98.01219330881975,11.947641783421439,33.94112549695428,106.12323332118126,4
pavement,006-137.jpg,cracked,1,0.0951080322265625,9.51080322265625,422.889393668845,10.945403320407946,34.9857113690718,123.68805465105848,9
pavement,096-192.jpg,cracked,1,0.014190673828125,1.4190673828125,102.63961030678928,5.313488259494853,10.770329614269007,58.15018514957655,0
pavement,005-42.jpg,cracked,1,0.00848388671875,0.848388671875,77.59797974644667,4.376394846697896,8.94427190999916,20.14550418266782,0
pavement,037-101.jpg,cracked,1,0.1198272705078125,11.98272705078125,544.6761902332486,12.795180733500821,44.721359549995796,64.32321372081506,18
pavement,095-113.jpg,cracked,1,0.0144195556640625,1.44195556640625,103.76955262170048,7.930242078414616,30.528675044947494,165.24987185526354,0
pavement,031-81.jpg,cracked,1,0.008392333984375,0.8392333984375,64.59797974644667,5.688509184340888,14.142135623730951,31.17410218246249,1
pavement,048-101.jpg,cracked,1,0.011566162109375,1.1566162109375,102.5269119345812,4.9707687480294105,12.806248474865697,175.32648827050247,1
pavement,068-72.jpg,cracked,1,0.0092926025390625,0.92926025390625,73.21320343559643,5.7763451840297035,16.1245154965971,169.3648403881509,0
pavement,019-154.jpg,cracked,1,0.074371337890625,7.4371337890625,389.8061325481597,9.622967201801671,32.0,79.83140142935305,11
pavement,006-75.jpg,cracked,1,0.0208892822265625,2.08892822265625,168.7228714274745,5.417725842954289,18.0,52.21813198979501,0
pavement,018-76.jpg,cracked,1,0.07720947265625,7.720947265625,272.2253967444162,15.971316322655829,50.99019513592785,19.51988288265551,6
pavement,071-70.jpg,cracked,1,0.044921875,4.4921875,325.2497833620557,5.662277563568713,15.620499351813308,162.03748863510313,4
pavement,103-94.jpg,cracked,1,0.0012359619140625,0.12359619140625,15.82842712474619,3.126278310585939,6.0,174.09878289610822,0
pavement,103-25.jpg,cracked,1,0.06549072265625,6.549072265625,267.9655121145938,11.61000380566166,34.0,108.8908718232993,14
pavement,072-100.jpg,cracked,1,0.0383758544921875,3.83758544921875,279.49242404917504,5.8015977306966,16.97056274847714,34.47594894722408,3
pavement,005-14.jpg,cracked,1,0.07135009765625,7.135009765625,334.8599564173221,8.881785860647502,25.612496949731394,123.64856295528449,0
pavement,043-58.jpg,cracked,1,0.0494842529296875,4.94842529296875,196.5269119345812,15.072211093347738,40.0,178.40348920003183,0
pavement,088-44.jpg,cracked,1,0.0075531005859375,0.75531005859375,68.76955262170048,6.144346140165924,15.231546211727817,47.456243716789174,1
pavement,087-80.jpg,cracked,1,0.04071044921875,4.071044921875,357.06601717798213,5.0698224419808,12.649110640673518,88.26965880330563,8
pavement,082-121.jpg,cracked,1,0.023284912109375,2.3284912109375,147.59797974644667,7.306630837332558,22.0,0.015501277287540915,4
pavement,057-103.jpg,cracked,1,0.0769500732421875,7.69500732421875,326.9360748630709,9.74806600766949,26.90724809414742,160.59174828648997,15
pavement,063-83.jpg,cracked,1,0.0418243408203125,4.18243408203125,262.68124086713186,9.381647173345293,32.0,0.2300566601144567,4
pavement,005-25.jpg,cracked,1,0.0165863037109375,1.65863037109375,157.63961030678928,4.4471759284327685,12.0,16.857771962830498,0
pavement,017-97.jpg,cracked,1,0.0166015625,1.66015625,119.5685424949238,5.802536609145256,15.231546211727817,163.77810727030223,1
pavement,031-140.jpg,cracked,1,0.0536956787109375,5.36956787109375,300.63455967290594,7.055074790253647,18.439088914585774,23.500803904569977,0
pavement,043-78.jpg,cracked,1,0.067138671875,6.7138671875,331.7228714274745,10.854930014168431,42.37924020083418,109.1016496940163,12
pavement,058-23.jpg,cracked,1,0.0114898681640625,1.14898681640625,40.384776310850235,8.926509413781769,22.360679774997898,83.57643496504957,0
pavement,061-123.jpg,cracked,1,0.077911376953125,7.7911376953125,389.9360748630709,10.956563701065184,37.73592452822641,16.85662559428002,13
pavement,057-129.jpg,cracked,1,0.060821533203125,6.0821533203125,365.66399692442883,7.340629166527209,22.0,149.85981186745116,8
pavement,004-120.jpg,cracked,1,0.0332183837890625,3.32183837890625,301.63455967290594,4.582666408647368,10.0,18.212885955471222,0
pavement,101-81.jpg,cracked,1,0.02862548828125,2.862548828125,229.82337649086287,5.298108111093468,14.0,176.37571390940667,0
pavement,028-118.jpg,cracked,1,0.0597686767578125,5.97686767578125,262.17871555019025,11.83227519402929,34.058772731852805,63.10325489927252,8
pavement,088-120.jpg,cracked,1,0.0513458251953125,5.13458251953125,355.51681066681454,5.8778597385561735,14.560219778561036,43.48001982325124,1
pavement,002-109.jpg,cracked,1,0.012908935546875,1.2908935546875,115.59797974644667,4.70450896808507,10.0,108.07712775324747,0
pavement,023-208.jpg,cracked,1,0.1865692138671875,18.65692138671875,878.9676041556469,9.880107222063982,32.0,120.63466610372258,28
pavement,094-138.jpg,cracked,1,0.00830078125,0.830078125,51.28427124746191,5.493998197990755,14.142135623730951,126.674910071782,0
pavement,047-86.jpg,cracked,1,0.04644775390625,4.644775390625,291.30865786510145,6.24908507635564,15.231546211727817,1.5215417458758793,0
pavement,093-198.jpg,cracked,1,0.0664520263671875,6.64520263671875,271.8061325481598,10.975968547078292,33.94112549695428,42.33482914299506,2
pavement,050-76.jpg,cracked,1,0.0429534912109375,4.29534912109375,309.0365799264593,5.6668977877944915,14.0,22.14716889728234,1
pavement,069-149.jpg,cracked,1,0.01629638671875,1.629638671875,95.49747468305833,6.529405011695809,18.0,176.25971021935578,0
pavement,078-116.jpg,cracked,1,0.035003662109375,3.5003662109375,248.99494936611666,6.337517716658453,21.540659228538015,163.9932361815861,4
pavement,065-89.jpg,cracked,1,0.0558013916015625,5.58013916015625,412.4751801064719,6.152795888203148,18.973665961010276,149.4280687384213,14
pavement,046-97.jpg,cracked,1,0.0342254638671875,3.42254638671875,228.59292911256333,5.9560611276279545,14.422205101855956,144.49521426140518,0
pavement,031-61.jpg,cracked,1,0.0229644775390625,2.29644775390625,176.7228714274745,5.706981959989524,14.0,33.35793448849009,1
pavement,071-60.jpg,cracked,1,0.0351104736328125,3.51104736328125,268.4213562373095,5.228172167680483,11.313708498984761,162.89191827387114,0
pavement,100-229.jpg,cracked,1,0.0109405517578125,1.09405517578125,64.18376618407356,6.608891911805693,16.0,57.701693690090345,0
pavement,070-103.jpg,cracked,1,0.041839599609375,4.1839599609375,286.9238815542512,6.135630446407193,16.0,5.437257425766433,1
pavement,064-157.jpg,cracked,1,0.099212646484375,9.9212646484375,514.5046173579948,8.697213734491335,26.68332812825267,78.58817288606353,10
pavement,005-43.jpg,cracked,1,0.0160980224609375,1.60980224609375,153.78174593052026,5.252078916369503,16.97056274847714,29.120545068079252,5
pavement,019-45.jpg,cracked,1,0.0338592529296875,3.38592529296875,234.7523086789974,6.738446691784035,20.0,32.07866011108328,3
pavement,037-58.jpg,cracked,1,0.1158447265625,11.58447265625,478.03152929257595,12.972273547167042,42.0,170.10492662818172,20
pavement,082-103.jpg,cracked,1,0.02069091796875,2.069091796875,130.1543289325507,6.612892488238028,20.0,4.79792003773008,3
pavement,092-77.jpg,cracked,1,0.0598602294921875,5.98602294921875,424.6589462905455,6.19873853405364,22.0,144.40865055999936,14
pavement,041-97.jpg,cracked,1,0.066680908203125,6.6680908203125,414.4751801064719,6.843940441287972,21.2602916254693,33.55659361310265,9
pavement,044-79.jpg,cracked,1,0.0431365966796875,4.31365966796875,243.3797256769669,7.330485626594346,26.0,28.011104114524187,2
pavement,059-76.jpg,cracked,1,0.0210418701171875,2.10418701171875,138.95331880577405,5.839616524395701,16.97056274847714,8.430301536155866,0
pavement,087-190.jpg,cracked,1,0.0008392333984375,0.08392333984375,17.242640687119284,4.7286958142167554,11.661903789690601,78.89524947082738,1
pavement,048-110.jpg,cracked,1,0.0405120849609375,4.05120849609375,292.40916292848976,5.61744562561707,12.649110640673518,173.1618670278639,1
pavement,074-106.jpg,cracked,1,0.0761871337890625,7.61871337890625,453.7888886054567,8.207308244861224,32.55764119219941,20.23634397597462,24
pavement,059-124.jpg,cracked,1,0.0453033447265625,4.53033447265625,196.82337649086284,10.344570433023662,36.0,131.03948931943248,0
pavement,012-91.jpg,cracked,1,0.103271484375,10.3271484375,497.43354954612926,10.188864765056964,30.0,5.032009236432771,18
pavement,100-59.jpg,cracked,1,0.0695343017578125,6.95343017578125,477.93102422918764,5.944498643987909,19.697715603592208,105.22200872789526,10
pavement,095-135.jpg,cracked,1,0.010345458984375,1.0345458984375,102.01219330881975,4.595352505329196,14.0,20.72251810936305,0
pavement,012-92.jpg,cracked,1,0.099090576171875,9.9090576171875,462.8061325481597,9.404421136736271,32.55764119219941,11.015415039362296,1
pavement,057-71.jpg,cracked,1,0.0769500732421875,7.69500732421875,199.40916292848976,20.315046267735095,62.80127387243033,133.88603799107787,1
pavement,086-234.jpg,cracked,1,0.0029449462890625,0.29449462890625,60.48528137423857,3.348574942705828,8.246211251235321,102.32524431601092,1
pavement,086-111.jpg,cracked,1,0.05755615234375,5.755615234375,387.0071426749364,7.037789824637898,24.166091947189145,161.8290985586756,17
pavement,027-62_2.jpg,cracked,1,0.0135345458984375,1.35345458984375,90.42640687119285,6.448920174122557,20.0,169.7176504933934,0
pavement,017-94.jpg,cracked,1,0.073822021484375,7.3822021484375,288.16652224137044,10.053224841757853,27.784887978899608,173.31241613294338,6
pavement,040-96.jpg,cracked,1,0.0794525146484375,7.94525146484375,471.6467529817257,7.779504013345881,26.90724809414742,22.9902786158209,14
pavement,062-121.jpg,cracked,1,0.066650390625,6.6650390625,337.1076477383248,9.294237586018406,28.284271247461902,1.0760682203057286,7
pavement,083-140.jpg,cracked,1,0.0250244140625,2.50244140625,201.78174593052026,5.193387223326934,12.806248474865697,13.695002417429492,3
pavement,023-48.jpg,cracked,1,0.00555419921875,0.555419921875,70.48528137423857,3.5449124025256404,6.0,94.54541151352556,0
pavement,032-143.jpg,cracked,1,0.03448486328125,3.448486328125,259.2497833620557,5.435325341858808,12.165525060596439,30.626079690764527,0
pavement,028-214.jpg,cracked,1,0.1004180908203125,10.04180908203125,450.2031021678297,14.696420213435543,52.03844732503075,32.63149306238171,16
pavement,082-100.jpg,cracked,1,0.00347900390625,0.347900390625,33.14213562373095,4.771512722819815,12.0,16.18083950908425,0
pavement,063-101.jpg,cracked,1,0.0445709228515625,4.45709228515625,235.0538238691624,9.97768197359114,30.463092423455635,176.56126829969702,0
pavement,067-98.jpg,cracked,1,0.0069427490234375,0.69427490234375,37.04163056034262,6.1426187083304145,16.0,45.68227414518096,0
pavement,071-100.jpg,cracked,1,0.057464599609375,5.7464599609375,407.3746750430836,6.394700769514231,17.08800749063506,159.58920553800283,18
pavement,067-88.jpg,cracked,1,0.0422515869140625,4.22515869140625,306.2497833620557,6.955836687076131,22.090722034374522,139.44742668277715,12
pavement,062-94.jpg,cracked,1,0.0765533447265625,7.65533447265625,495.10259710444143,7.449601332578995,28.0,3.1006652279178013,11
pavement,101-102.jpg,cracked,1,0.0348358154296875,3.48358154296875,337.56349186104046,4.664543136593137,13.416407864998739,153.6064617012061,8
pavement,058-66.jpg,cracked,1,0.0427703857421875,4.27703857421875,194.16652224137047,10.23362438005331,34.92849839314596,18.212566500077486,7
pavement,043-77.jpg,cracked,1,0.01953125,1.953125,130.39696961967,6.061305208016769,16.1245154965971,45.823910175786295,4
pavement,037-122.jpg,cracked,1,0.07550048828125,7.550048828125,362.0904037956216,11.530304446401267,32.55764119219941,60.89653717668218,20
pavement,030-138.jpg,cracked,1,0.0586700439453125,5.86700439453125,199.3797256769669,16.413613423854546,41.7612260356422,36.59608208078137,12
pavement,017-92.jpg,cracked,1,0.0562896728515625,5.62896728515625,298.9655121145938,8.017285836919429,26.076809620810597,3.6575225463044774,0
pavement,099-107.jpg,cracked,1,0.05072021484375,5.072021484375,286.43860018001266,7.532876836535807,22.360679774997898,16.201507553328156,0
pavement,043-59.jpg,cracked,1,0.1072998046875,10.72998046875,500.04877323527904,11.35097618267138,35.38361202590826,42.40741065750208,17
pavement,007-83.jpg,cracked,1,0.039093017578125,3.9093017578125,226.5096679918781,9.053063216939702,24.413111231467404,79.58764623159256,12
pavement,021-99.jpg,cracked,1,0.0789031982421875,7.89031982421875,327.237590053236,13.184773807474937,50.0,10.883983212702702,10
pavement,008-136.jpg,cracked,1,0.0212554931640625,2.12554931640625,189.08326112068525,4.862322420792748,10.770329614269007,1.1664134454802024,0
pavement,068-95.jpg,cracked,1,0.0275421142578125,2.75421142578125,160.22539674441617,6.8938014658410385,20.0,170.62946830164793,1
pavement,099-103.jpg,cracked,1,0.085418701171875,8.5418701171875,362.17871555019025,11.711163984704433,31.04834939252005,176.17014436120354,7
pavement,082-126.jpg,cracked,1,0.0405120849609375,4.05120849609375,262.3675323681471,6.2222938393588025,16.0,5.52476969104049,1
pavement,094-106.jpg,cracked,1,0.0108795166015625,1.08795166015625,86.25483399593905,4.832918783847766,12.649110640673518,26.890934282707377,0
pavement,047-114.jpg,cracked,1,0.0350189208984375,3.50189208984375,253.40916292848976,6.302816128333182,24.0,157.8745337440602,3
pavement,023-46.jpg,cracked,1,0.0095367431640625,0.95367431640625,53.526911934581186,6.852592094480632,16.1245154965971,164.2524857221417,0
pavement,020-120.jpg,cracked,1,0.09033203125,9.033203125,371.69343417595167,11.389205880761045,31.04834939252005,2.102675493726906,17
pavement,101-52.jpg,cracked,1,0.027496337890625,2.7496337890625,211.45079348883237,5.104722430951487,12.0,154.32987960494657,0
pavement,062-98.jpg,cracked,1,0.0176239013671875,1.76239013671875,151.21320343559643,10.309589912370349,39.59797974644666,178.47425928427552,0
pavement,011-58.jpg,cracked,1,0.0229339599609375,2.29339599609375,185.09545442950497,4.985998878461213,11.313708498984761,79.32432841106328,0
pavement,037-124.jpg,cracked,1,0.2379608154296875,23.79608154296875,1023.2346314604057,16.394832671418623,64.77653896280658,148.46203955972518,44
pavement,036-58.jpg,cracked,1,0.1120147705078125,11.20147705078125,444.0904037956217,13.057545607276008,45.60701700396552,1.2058917803267377,9
pavement,031-79.jpg,cracked,1,0.0254364013671875,2.54364013671875,165.61017305526644,6.840907712353521,20.0,23.483834758607003,4
pavement,096-107.jpg,cracked,1,0.0406494140625,4.06494140625,348.1198410471445,5.646466603429383,16.0,152.74263324762222,25
pavement,083-123.jpg,cracked,1,0.0146484375,1.46484375,100.87005768508881,5.553518093926444,13.416407864998739,9.79935415679472,0
pavement,040-35.jpg,cracked,1,0.03875732421875,3.875732421875,306.84776310850236,5.286839265403605,14.560219778561036,138.57827946542105,4
pavement,011-164.jpg,cracked,1,0.011077880859375,1.1077880859375,94.35533905932738,4.71189083012071,12.0,120.96294470937106,0
pavement,072-79.jpg,cracked,1,0.044281005859375,4.4281005859375,302.86500705120545,6.085543579847157,16.1245154965971,12.475783906571394,2
pavement,070-101.jpg,cracked,1,0.0379791259765625,3.79791259765625,222.93607486307096,6.907111390019651,18.110770276274835,29.086801395643306,0
pavement,075-159.jpg,cracked,1,0.048675537109375,4.8675537109375,315.5340546095176,7.438796657629943,23.40939982143925,29.114086510349637,14
pavement,044-7.jpg,cracked,1,0.005096435546875,0.5096435546875,41.48528137423857,4.779401501939929,10.0,89.01728259250916,0
pavement,101-119.jpg,cracked,1,0.029754638671875,2.9754638671875,240.82337649086284,5.921744368570761,22.360679774997898,147.5885162576601,1
pavement,069-56.jpg,cracked,1,0.0445098876953125,4.45098876953125,341.69343417595167,5.859795558359102,17.88854381999832,177.50213704243893,9
pavement,033-125.jpg,cracked,1,0.0439300537109375,4.39300537109375,323.27922061357856,6.260542002308609,18.0,179.77197148496538,12
pavement,098-125.jpg,cracked,1,0.0590057373046875,5.90057373046875,298.48023074035524,7.700673963484577,18.439088914585774,18.44264094841631,1
pavement,054-86.jpg,cracked,1,0.0574188232421875,5.74188232421875,308.69343417595167,7.903167908154119,23.323807579381203,170.55737032432268,7
pavement,029-113.jpg,cracked,1,0.0523834228515625,5.23834228515625,358.3208511739212,6.169333692564139,17.08800749063506,1.0290639032502042,4
pavement,047-66.jpg,cracked,1,0.1081085205078125,10.81085205078125,483.43354954612926,11.543357779797685,38.0,82.35299544574964,21
pavement,067-86.jpg,cracked,1,0.05584716796875,5.584716796875,351.7056274847714,6.974894410647366,24.0,1.8985546286090766,14
pavement,033-119.jpg,cracked,1,0.0869903564453125,8.69903564453125,495.30360723121805,8.553216622652696,26.0,13.331964335548292,29
pavement,090-122.jpg,cracked,1,0.020904541015625,2.0904541015625,171.29646455628168,4.927556929458081,11.661903789690601,47.20152497901416,0
pavement,029-110.jpg,cracked,1,0.0835418701171875,8.35418701171875,439.9482681718907,9.243327170787413,26.30589287593181,177.3913783670473,14
pavement,006-153.jpg,cracked,1,0.0794677734375,7.94677734375,336.3746750430836,9.884895851536603,30.463092423455635,148.05436963632977,4
pavement,086-110.jpg,cracked,1,0.0396881103515625,3.96881103515625,274.8355697996826,6.117423520757799,17.88854381999832,156.69507759018876,4
pavement,064-24.jpg,cracked,1,0.025146484375,2.5146484375,157.4386001800126,6.051200110322193,18.867962264113206,36.60514326484497,0
pavement,004-119.jpg,cracked,1,0.0257568359375,2.57568359375,239.82337649086284,4.524678175264819,10.0,20.140350691593653,0
pavement,006-31.jpg,cracked,1,0.0057220458984375,0.57220458984375,50.04163056034262,5.001695953168239,12.649110640673518,156.0615485664837,0
pavement,040-52.jpg,cracked,1,0.0266265869140625,2.66265869140625,217.20815280171308,5.790546529748399,26.0,117.24269343023131,6
pavement,007-67.jpg,cracked,1,0.0302886962890625,3.02886962890625,217.53910524340094,5.612609685283715,15.231546211727817,10.026393253005779,0
pavement,048-124.jpg,cracked,1,0.0382843017578125,3.82843017578125,298.99494936611666,5.462453262928264,12.649110640673518,169.34724615192056,3
pavement,094-155.jpg,cracked,1,0.0183563232421875,1.83563232421875,183.40916292848974,4.522470549131022,10.0,114.71454063079582,4
pavement,083-118.jpg,cracked,1,0.0136260986328125,1.36260986328125,114.91168824543142,5.7289256088941425,18.439088914585774,33.80735790692995,4
pavement,101-95.jpg,cracked,1,0.0314788818359375,3.14788818359375,217.6223663640862,5.932328861908961,18.973665961010276,142.0315238617511,0
pavement,051-91.jpg,cracked,1,0.0393524169921875,3.93524169921875,261.56349186104046,6.947002161939472,22.80350850198276,107.62815948551734,4
pavement,101-133.jpg,cracked,1,0.0076141357421875,0.76141357421875,81.01219330881976,4.021653087937828,8.94427190999916,150.48704537907696,1
pavement,033-91.jpg,cracked,1,0.04193115234375,4.193115234375,281.06601717798213,6.210474746734657,14.142135623730951,18.311999511584816,0
pavement,051-64.jpg,cracked,1,0.0316925048828125,3.16925048828125,231.79393923934,5.692220330804317,12.165525060596439,160.14016826018363,5
pavement,006-168.jpg,cracked,1,0.09423828125,9.423828125,496.57063453597686,9.895706184485167,32.2490309931942,94.68010717077745,20
pavement,071-74.jpg,cracked,1,0.02203369140625,2.203369140625,109.61017305526642,7.944324842022199,20.0,49.41131101176235,3
pavement,006-8.jpg,cracked,1,0.0062713623046875,0.62713623046875,37.798989873223334,5.451249486519968,11.661903789690601,23.895663193189222,0
pavement,037-82.jpg,cracked,1,0.1948394775390625,19.48394775390625,955.3351365237941,11.339315142899668,38.2099463490856,22.696303794001665,49
pavement,006-96.jpg,cracked,1,0.003509521484375,0.3509521484375,27.556349186104047,7.0567584933667185,18.110770276274835,57.77251621965157,1
pavement,100-168.jpg,cracked,1,0.017486572265625,1.7486572265625,149.71067811865476,5.2150274990993415,14.0,165.4647514330721,7
pavement,091-161.jpg,cracked,1,0.042236328125,4.2236328125,320.26197667087547,5.47908745018112,14.422205101855956,40.714552777896614,1
pavement,004-123.jpg,cracked,1,0.007293701171875,0.7293701171875,78.97056274847715,4.0381975758569295,8.246211251235321,174.34080538582504,0
pavement,014-62.jpg,cracked,1,0.01568603515625,1.568603515625,128.25483399593904,4.955457971634357,11.661903789690601,8.006360575012195,0
pavement,051-52.jpg,cracked,1,0.041229248046875,4.1229248046875,280.7228714274745,5.959379313915154,14.0,164.01584447691485,4
pavement,086-62.jpg,cracked,1,0.0069732666015625,0.69732666015625,60.45584412271572,4.9963151280375175,14.142135623730951,167.7073486191578,0
pavement,100-74.jpg,cracked,1,0.0465087890625,4.65087890625,282.8233764908628,7.5893888375671805,22.360679774997898,179.01757114686,12
pavement,059-126.jpg,cracked,1,0.000457763671875,0.0457763671875,6.82842712474619,2.538071187457698,4.0,158.22510814546672,0
pavement,001-145.jpg,cracked,1,0.0381011962890625,3.81011962890625,273.48023074035524,5.580129090378133,12.165525060596439,7.848625277556209,0
pavement,079-104.jpg,cracked,1,0.064361572265625,6.4361572265625,496.6883835420683,5.851844631235107,17.88854381999832,21.004419944658622,11
pavement,065-92.jpg,cracked,1,0.0276031494140625,2.76031494140625,173.0538238691624,6.59822706763448,14.142135623730951,5.2692855876908595,1
pavement,018-102.jpg,cracked,1,0.118255615234375,11.8255615234375,508.8599564173221,11.284413716956514,33.52610922848042,23.200135200902338,17
pavement,059-123.jpg,cracked,1,0.0466766357421875,4.66766357421875,215.16652224137047,10.479204043521861,34.0,6.662147291756156,4
pavement,045-82.jpg,cracked,1,0.0640411376953125,6.40411376953125,447.889393668845,6.352341693514309,20.0,107.26850468939062,1
pavement,048-145.jpg,cracked,1,0.0523529052734375,5.23529052734375,387.4213562373095,6.4819690113035415,20.09975124224178,179.45159762847229,17
pavement,092-61.jpg,cracked,1,0.0319671630859375,3.19671630859375,199.58073580374355,7.642395243082145,22.360679774997898,62.53656820615528,9
pavement,100-218.jpg,cracked,1,0.0307159423828125,3.07159423828125,256.7056274847714,4.690237994944393,12.0,124.39319760151935,0
pavement,057-115.jpg,cracked,1,0.0343017578125,3.43017578125,145.95331880577405,13.87175744430897,42.0,164.65658277990752,3
pavement,090-101.jpg,cracked,1,0.0365447998046875,3.65447998046875,289.9238815542512,4.930698630163798,12.0,158.47474179412518,0
pavement,069-61.jpg,cracked,1,0.063507080078125,6.3507080078125,459.84776310850236,6.552324042374024,18.973665961010276,12.805545960429924,19
pavement,073-43.jpg,cracked,1,0.0654296875,6.54296875,332.8061325481598,9.939137881945413,30.528675044947494,170.46015787812675,22
pavement,011-66.jpg,cracked,1,0.024627685546875,2.4627685546875,218.3380951166243,5.161224423700249,14.142135623730951,102.09380151046597,7
pavement,078-129.jpg,cracked,1,0.0054779052734375,0.54779052734375,38.31370849898476,10.030198171178393,22.090722034374522,4.126993598804205,0
pavement,060-77.jpg,cracked,1,0.0758514404296875,7.58514404296875,351.56349186104046,10.05934068869734,31.304951684997057,51.10882589245475,10
pavement,036-57.jpg,cracked,1,0.0753021240234375,7.53021240234375,392.1198410471445,8.696868501078242,26.832815729997478,2.0787944243080005,7
pavement,068-87.jpg,cracked,1,0.0452423095703125,4.52423095703125,301.8944443027283,6.695002109906229,18.0,178.75696447810077,3
pavement,018-97.jpg,cracked,1,0.06243896484375,6.243896484375,330.4213562373095,9.105239364171224,29.120439557122072,177.78542010782604,11
pavement,095-112.jpg,cracked,1,0.015655517578125,1.5655517578125,158.19595949289334,4.532395520679282,12.806248474865697,4.698454182317761,4
pavement,030-40.jpg,cracked,1,0.03668212890625,3.668212890625,204.96551211459382,7.210116805735212,18.0,27.04282405306799,0
pavement,071-46.jpg,cracked,1,0.00872802734375,0.872802734375,73.45584412271572,4.7251980710161785,10.0,164.36061779404267,0
pavement,018-83.jpg,cracked,1,0.0229644775390625,2.29644775390625,186.43860018001263,6.500541151270274,22.80350850198276,166.61082032920604,5
pavement,002-110.jpg,cracked,1,0.005096435546875,0.5096435546875,43.21320343559643,4.538118898706335,8.94427190999916,159.66401385979805,0
pavement,087-28.jpg,cracked,1,0.016326904296875,1.6326904296875,133.2670273047588,5.050080482172282,10.0,129.88567295341232,0
pavement,052-96.jpg,cracked,1,0.037261962890625,3.7261962890625,265.97770542341357,5.667441038564295,12.649110640673518,150.69688176242624,0
pavement,034-81.jpg,cracked,1,0.0543670654296875,5.43670654296875,276.09545442950497,7.831732384860736,20.0,7.736395269650643,0
pavement,066-100.jpg,cracked,1,0.04547119140625,4.547119140625,289.89444430272835,6.367223672867861,18.973665961010276,4.617467026031392,1
pavement,056-113.jpg,cracked,1,0.100677490234375,10.0677490234375,410.6883835420683,11.26459581825209,32.55764119219941,63.51512710212504,8
pavement,009-77.jpg,cracked,1,0.001983642578125,0.1983642578125,14.071067811865476,5.1664397833283235,10.198039027185569,33.65724615193113,1
pavement,103-130.jpg,cracked,1,0.0168914794921875,1.68914794921875,58.35533905932738,14.910759709741743,32.0,125.3283821334626,0
pavement,047-94.jpg,cracked,1,0.02899169921875,2.899169921875,202.4386001800126,6.341399395309693,18.439088914585774,160.76497797226835,3
pavement,082-124.jpg,cracked,1,0.03277587890625,3.277587890625,238.71067811865476,6.579144065241411,30.265491900843113,2.3235448160870646,4
pavement,099-25.jpg,cracked,1,0.0124969482421875,1.24969482421875,81.94112549695429,5.634615169511362,12.806248474865697,173.68566199550372,0
pavement,019-10.jpg,cracked,1,0.054901123046875,5.4901123046875,350.5218613006979,7.727970544590417,30.0,102.92944908066333,7
pavement,020-221.jpg,cracked,1,0.0676116943359375,6.76116943359375,282.73506473629425,9.735138217328407,24.413111231467404,119.05409717650879,0
pavement,021-122.jpg,cracked,1,0.05328369140625,5.328369140625,265.39696961967,11.569357692119274,34.23448553724738,1.7017387733474152,12
pavement,095-218.jpg,cracked,1,0.0020751953125,0.20751953125,24.556349186104047,3.6125579976532176,7.211102550927978,133.808175588648,0
pavement,013-11.jpg,cracked,1,0.0344696044921875,3.44696044921875,260.0832611206853,6.627618441789163,19.697715603592208,82.84798319032768,0
pavement,092-198.jpg,cracked,1,0.0491790771484375,4.91790771484375,269.48023074035524,7.692309620475683,26.076809620810597,112.09203776304498,7
pavement,085-115.jpg,cracked,1,0.096282958984375,9.6282958984375,367.6467529817257,10.891739373190395,32.2490309931942,27.24622228315434,5
pavement,047-112.jpg,cracked,1,0.025909423828125,2.5909423828125,195.46803743153546,6.557237126334742,22.0,168.4894123037451,3
pavement,029-112.jpg,cracked,1,0.059234619140625,5.9234619140625,364.2497833620557,7.318587672309378,24.0,4.545582353965727,11
pavement,092-123.jpg,cracked,1,0.0487060546875,4.87060546875,251.5512985522207,9.85384161613743,34.92849839314596,138.5298708297213,6
pavement,011-165.jpg,cracked,1,0.01416015625,1.416015625,75.84062043356595,7.31285944485421,20.396078054371138,67.22154908956881,0
pavement,058-68.jpg,cracked,1,0.0243072509765625,2.43072509765625,106.32590180780451,9.307480335150242,31.04834939252005,12.21278473263564,0
pavement,100-166.jpg,cracked,1,0.0852203369140625,8.52203369140625,663.8254685319159,5.91603308827877,25.059928172283335,63.0428915254061,13
pavement,083-94.jpg,cracked,1,0.0368194580078125,3.68194580078125,284.89444430272835,5.249746823365336,13.416407864998739,9.485306905839735,0
pavement,100-169.jpg,cracked,1,0.0329132080078125,3.29132080078125,288.59292911256335,4.888065205226043,16.97056274847714,55.893945745672696,0
pavement,004-122.jpg,cracked,1,0.02740478515625,2.740478515625,279.8528137423857,4.2895668803664755,8.94427190999916,151.38508441157236,1
pavement,048-122.jpg,cracked,1,0.0238189697265625,2.38189697265625,189.65180361560905,5.292577442528978,12.0,22.65701213929924,0
pavement,013-229.jpg,cracked,1,0.04376220703125,4.376220703125,350.78174593052023,6.803821117075833,27.202941017470888,135.39459879114494,1
pavement,020-6.jpg,cracked,1,0.088470458984375,8.8470458984375,356.71782079359116,11.128210220879582,37.73592452822641,50.72073273765799,4
pavement,006-88.jpg,cracked,1,0.1104278564453125,11.04278564453125,469.30360723121805,11.063027492589606,40.44749683231337,150.80443380324826,6
pavement,087-23.jpg,cracked,1,0.0364532470703125,3.64532470703125,268.07821048680194,5.996417446216052,21.2602916254693,33.38588851318204,1
pavement,056-152.jpg,cracked,1,0.2613525390625,26.13525390625,699.126983722081,19.426609749319436,52.0,37.65865155672182,25
pavement,061-102.jpg,cracked,1,0.151214599609375,15.1214599609375,728.5828278447966,11.791455016810533,42.941821107167776,177.0460703941123,32
pavement,066-96.jpg,cracked,1,0.0499725341796875,4.99725341796875,337.6518036156091,6.142589857218039,17.08800749063506,164.74976091772373,3
pavement,094-135.jpg,cracked,1,0.0130157470703125,1.30157470703125,120.39696961967,5.828018962062142,20.0,64.55088922470986,6
pavement,010-118.jpg,cracked,1,0.034423828125,3.4423828125,201.46803743153546,8.104618353194967,22.80350850198276,13.551274444359251,9
pavement,006-202.jpg,cracked,1,0.087005615234375,8.7005615234375,377.4873734152917,9.71575320945573,27.784887978899608,139.50527279893,3
pavement,023-68.jpg,cracked,1,0.0028228759765625,0.28228759765625,23.899494936611667,7.310479624178836,18.0,172.94220411192083,3
pavement,071-65.jpg,cracked,1,0.01116943359375,1.116943359375,110.15432893255071,4.347967496696665,8.94427190999916,21.76688467669777,0
pavement,056-132.jpg,cracked,1,0.1353302001953125,13.53302001953125,444.73001410241096,13.738141900465306,42.04759208325728,38.494878053412066,15
pavement,091-118.jpg,cracked,1,0.00982666015625,0.982666015625,78.94112549695429,4.827783046006714,10.770329614269007,11.956413780601991,0
pavement,085-95.jpg,cracked,1,0.015838623046875,1.5838623046875,138.79898987322332,9.083266510956335,28.284271247461902,2.2310758479834476,2
pavement,029-86.jpg,cracked,1,0.0203704833984375,2.03704833984375,179.6812408671319,4.685143731507613,10.770329614269007,22.20899076334726,0
pavement,065-137.jpg,cracked,1,0.05474853515625,5.474853515625,638.1787155501902,5.557833653716902,16.0,124.96397196057823,10
pavement,056-178.jpg,cracked,1,0.049346923828125,4.9346923828125,224.6223663640862,14.82611802657654,46.51881339845203,145.37583151217873,14
pavement,090-79.jpg,cracked,1,0.040313720703125,4.0313720703125,347.7228714274745,4.886554505972401,11.661903789690601,177.33018073815688,0
pavement,076-159.jpg,cracked,1,0.012939453125,1.2939453125,78.08326112068524,6.512111279420701,14.142135623730951,30.224382733181187,1
pavement,021-108.jpg,cracked,1,0.04052734375,4.052734375,284.61017305526644,6.61049375657056,19.697715603592208,176.77812049775486,11
pavement,081-97.jpg,cracked,1,0.1133880615234375,11.33880615234375,430.333044482741,13.387591511174653,42.42640687119285,4.361965005039508,13
pavement,098-104.jpg,cracked,1,0.0895233154296875,8.95233154296875,540.6173157302028,8.739209073752928,31.622776601683793,7.86591082379681,28
pavement,055-99.jpg,cracked,1,0.1131591796875,11.31591796875,341.19090885901,14.295345593469051,46.389654018972806,68.59705252687196,7
pavement,076-112.jpg,cracked,1,0.0695343017578125,6.95343017578125,542.0315292925759,5.991165709666809,18.439088914585774,169.48449397004785,17
pavement,061-34.jpg,cracked,1,0.0008087158203125,0.08087158203125,15.071067811865476,2.7088997907163903,4.47213595499958,160.1669821156459,0
pavement,003-169.jpg,cracked,1,0.0269317626953125,2.69317626953125,256.8528137423857,5.789841169414273,17.08800749063506,91.17994979785674,9
pavement,036-106.jpg,cracked,1,0.04644775390625,4.644775390625,272.0071426749364,8.390472573925376,22.360679774997898,168.96183827873048,8
pavement,046-80.jpg,cracked,1,0.010009765625,1.0009765625,82.91168824543142,5.053413612478362,13.416407864998739,148.5102590097044,0
pavement,019-172.jpg,cracked,1,0.0743255615234375,7.43255615234375,484.23253941935263,7.692755280537946,26.0,76.72176238619326,15
pavement,073-62.jpg,cracked,1,0.0435791015625,4.35791015625,254.2081528017131,7.644233979564858,20.396078054371138,2.5200449170431227,7
pavement,047-111.jpg,cracked,1,0.0492095947265625,4.92095947265625,349.22034611053283,5.8228371818750615,15.620499351813308,155.52114325153863,4
pavement,021-106.jpg,cracked,1,0.0652923583984375,6.52923583984375,331.37972567696687,8.528246237188416,22.80350850198276,1.7553106544039565,11
pavement,095-156.jpg,cracked,1,0.06781005859375,6.781005859375,450.49242404917504,8.895620590177913,36.0,98.03036800367354,15
pavement,091-64.jpg,cracked,1,0.0103607177734375,1.03607177734375,79.42640687119285,5.055819354315134,10.198039027185569,150.5241841362098,0
pavement,046-95.jpg,cracked,1,0.110748291015625,11.0748291015625,346.58787847867995,12.521046950931872,32.0,126.02444164669015,1
pavement,086-95.jpg,cracked,1,0.08978271484375,8.978271484375,678.097546470558,6.1274832402757315,19.79898987322333,146.81955000181952,22
pavement,008-132.jpg,cracked,1,0.01904296875,1.904296875,174.92388155425118,4.839595722310539,14.0,43.204680938396876,3
pavement,029-209.jpg,cracked,1,0.034759521484375,3.4759521484375,217.06601717798213,9.363076857565675,28.635642126552707,139.36020851954197,11
pavement,029-99.jpg,cracked,1,0.042205810546875,4.2205810546875,291.651803615609,6.037843391995314,16.1245154965971,177.93592780228337,6
pavement,007-94.jpg,cracked,1,0.009979248046875,0.9979248046875,82.97056274847714,4.767773604635254,10.198039027185569,179.8209827834769,0
pavement,056-131.jpg,cracked,1,0.0583038330078125,5.83038330078125,233.06601717798213,13.896200706793708,46.51881339845203,22.02398790843671,11
pavement,047-67.jpg,cracked,1,0.037078857421875,3.7078857421875,284.7523086789974,5.591271984865214,14.0,7.115094722781976,5
pavement,042-59.jpg,cracked,1,0.009735107421875,0.9735107421875,69.4558441227157,6.608227631637832,15.231546211727817,73.49736418249128,0
pavement,087-46.jpg,cracked,1,0.0279693603515625,2.79693603515625,234.00714267493643,5.142207239868005,12.806248474865697,153.6103891255067,3
pavement,058-65.jpg,cracked,1,0.0051727294921875,0.51727294921875,51.62741699796952,4.532536692016602,10.770329614269007,85.41440526626282,0
pavement,023-25.jpg,cracked,1,0.0995635986328125,9.95635986328125,364.61731573020285,10.740542744688144,29.732137494637012,55.41560458441711,4
pavement,048-116.jpg,cracked,1,0.046783447265625,4.6783447265625,305.5218613006978,6.098403484097834,13.416407864998739,20.61091901439528,5
pavement,006-89.jpg,cracked,1,0.096160888671875,9.6160888671875,306.4629867976521,12.28559326556135,40.496913462633174,150.07897425421658,0
pavement,036-56.jpg,cracked,1,0.0885162353515625,8.85162353515625,559.0731598529185,7.788796209318991,24.73863375370596,173.36738377646222,22
pavement,006-121.jpg,cracked,1,0.0442962646484375,4.42962646484375,238.83556979968262,8.21503441264296,24.0,148.24310271623636,4
pavement,063-89.jpg,cracked,1,0.083465576171875,8.3465576171875,312.45079348883235,11.205828100422579,34.92849839314596,166.29810595897445,3
pavement,028-83.jpg,cracked,1,0.00042724609375,0.042724609375,18.48528137423857,2.366825922436533,4.47213595499958,137.3033777569536,4
pavement,100-57.jpg,cracked,1,0.0516357421875,5.16357421875,396.43354954612926,5.6180426119043805,16.0,23.36531439173845,5
pavement,036-105.jpg,cracked,1,0.1148223876953125,11.48223876953125,572.6000717874997,9.206752468120582,26.076809620810597,25.666134309669985,10
pavement,023-190.jpg,cracked,1,0.1944732666015625,19.44732666015625,584.6295090390227,18.130327664316265,50.039984012787215,101.98631159148589,20
pavement,034-101.jpg,cracked,1,0.146331787109375,14.6331787109375,805.2518754031088,9.019635948343211,31.240998703626616,6.221994472014927,27
pavement,100-97.jpg,cracked,1,0.0891265869140625,8.91265869140625,367.01933598375615,12.521353982858818,36.71511950137164,24.242854642769032,9
pavement,052-145.jpg,cracked,1,0.046295166015625,4.6295166015625,316.69343417595167,6.290246106917547,15.620499351813308,168.70123360608875,11
pavement,078-103.jpg,cracked,1,0.0337677001953125,3.37677001953125,263.09545442950497,6.429355415302166,22.0,22.984675903133848,1
pavement,029-194.jpg,cracked,1,0.0109100341796875,1.09100341796875,92.74011537017762,4.804010028037469,10.0,143.66050018234208,0
pavement,068-94.jpg,cracked,1,0.038848876953125,3.8848876953125,330.1370849898476,6.203104852896505,15.231546211727817,38.38765391013172,6
pavement,101-226.jpg,cracked,1,0.0400390625,4.00390625,275.3086578651014,6.790856248906513,22.360679774997898,82.77835356196205,5
pavement,043-79.jpg,cracked,1,0.184814453125,18.4814453125,714.7544007200504,12.91582500327848,45.60701700396552,4.277369073233928,17
pavement,051-35.jpg,cracked,1,0.0063934326171875,0.63934326171875,57.21320343559643,5.802864484764061,16.0,163.54126385737231,0
pavement,088-42.jpg,cracked,1,0.0538330078125,5.38330078125,451.8599564173221,5.136143077315392,12.806248474865697,130.66421338720434,6
pavement,093-142.jpg,cracked,1,0.0782318115234375,7.82318115234375,230.095454429505,12.6391140270183,33.28663395418648,77.82927282948559,0
pavement,069-165.jpg,cracked,1,0.0337677001953125,3.37677001953125,257.0365799264593,5.777937910081059,14.142135623730951,74.74838353962176,11
pavement,089-40.jpg,cracked,1,0.0247802734375,2.47802734375,133.49747468305833,9.183237918780565,30.0,7.627215926077184,3
pavement,095-220.jpg,cracked,1,0.007904052734375,0.7904052734375,63.59797974644666,4.772196462104898,10.0,149.95406894851075,0
pavement,101-9.jpg,cracked,1,0.0028839111328125,0.28839111328125,26.899494936611667,4.293713541648111,8.94427190999916,17.496010099279317,0
pavement,094-3.jpg,cracked,1,0.0294036865234375,2.94036865234375,212.89444430272835,5.9683990333910115,15.620499351813308,38.48883956604797,7
pavement,023-83.jpg,cracked,1,0.109344482421875,10.9344482421875,589.0142853498728,10.787426289721168,32.55764119219941,34.0767695115899,40
pavement,061-15.jpg,cracked,1,0.018280029296875,1.8280029296875,105.59797974644667,6.745526854744732,21.2602916254693,103.18874945351938,0
pavement,044-101.jpg,cracked,1,0.073150634765625,7.3150634765625,352.22034611053283,10.208897717011409,29.732137494637012,172.40167281808954,14
pavement,083-141.jpg,cracked,1,0.0341339111328125,3.41339111328125,271.17871555019025,5.323422520421511,14.142135623730951,27.07300867022903,5
pavement,054-112.jpg,cracked,1,0.015869140625,1.5869140625,112.08326112068525,6.112473047809445,16.0,157.33316133182902,4
pavement,094-131.jpg,cracked,1,0.007476806640625,0.7476806640625,51.76955262170048,4.95273378116767,10.770329614269007,29.785449320129118,0
pavement,092-60.jpg,cracked,1,0.1027374267578125,10.27374267578125,598.2274887854693,8.40997376014944,32.2490309931942,132.93064578581848,27
pavement,044-100.jpg,cracked,1,0.0948638916015625,9.48638916015625,488.9310242291876,10.156827331665754,37.20215047547655,18.98391931154228,25
pavement,010-133.jpg,cracked,1,0.021270751953125,2.1270751953125,128.9827560572969,7.44936434361523,24.331050121192877,22.598137968605442,0
pavement,073-41.jpg,cracked,1,0.019744873046875,1.9744873046875,89.18376618407356,10.824660659218981,28.635642126552707,21.53039768420399,3
pavement,100-99.jpg,cracked,1,0.090087890625,9.0087890625,435.14927829866735,10.734865136739417,34.52535300326414,133.57835176547943,5
pavement,021-98.jpg,cracked,1,0.078369140625,7.8369140625,349.0071426749364,9.552236904294546,27.85677655436824,12.673041355698814,11
pavement,045-118.jpg,cracked,1,0.1212921142578125,12.12921142578125,807.494516090228,6.793060552522697,31.04834939252005,40.4978411530592,12
pavement,071-96.jpg,cracked,1,0.05218505859375,5.218505859375,340.0071426749364,6.626456027696945,19.697715603592208,16.07366189958489,11
pavement,093-120.jpg,cracked,1,0.0584716796875,5.84716796875,428.8183258569795,6.738972856074062,22.0,170.009727679789,14
pavement,042-175.jpg,cracked,1,0.0410308837890625,4.10308837890625,224.92388155425118,9.61131988458839,38.2099463490856,19.25802007234182,2
pavement,017-93.jpg,cracked,1,0.033294677734375,3.3294677734375,189.95331880577405,7.00703176081134,21.540659228538015,179.54778737927887,1
pavement,095-109.jpg,cracked,1,0.1665191650390625,16.65191650390625,799.033621333629,11.644422390323312,42.190046219457976,39.46302830519389,30
pavement,090-76.jpg,cracked,1,0.0189208984375,1.89208984375,162.53910524340097,5.443390609900174,14.142135623730951,21.863722016194345,5
pavement,055-173.jpg,cracked,1,0.200042724609375,20.0042724609375,780.1391770309008,15.38825239699262,50.635955604688654,61.1814568366664,31
pavement,088-139.jpg,cracked,1,0.046295166015625,4.6295166015625,364.87720036002526,5.329010977755125,12.0,49.348270640032766,1
pavement,005-224.jpg,cracked,1,0.0685577392578125,6.85577392578125,218.48023074035524,14.225694120115756,36.22154055254967,42.97918841503798,1
pavement,022-96.jpg,cracked,1,0.1554107666015625,15.54107666015625,789.5828278447966,12.8667882058702,40.496913462633174,14.566392440967576,59
pavement,063-148.jpg,cracked,1,0.0953369140625,9.53369140625,441.3036072312181,10.061486380199145,31.622776601683793,145.34871283397993,11
pavement,051-97.jpg,cracked,1,0.0673675537109375,6.73675537109375,434.87214972614186,6.330955226620469,15.231546211727817,147.30501729412472,8
pavement,008-145.jpg,cracked,1,0.0107879638671875,1.07879638671875,94.35533905932738,4.509400940869189,10.770329614269007,157.81996410503547,0
pavement,045-155.jpg,cracked,1,0.1243438720703125,12.43438720703125,770.7665940288703,6.835226415705551,19.697715603592208,140.61951153981943,8
pavement,103-60.jpg,cracked,1,0.1033935546875,10.33935546875,511.51681066681454,9.122803495056257,24.331050121192877,78.27334963304124,14
pavement,060-75.jpg,cracked,1,0.0225982666015625,2.25982666015625,152.53910524340094,6.475781521729281,20.0,34.05766411289946,0
pavement,062-92.jpg,cracked,1,0.040557861328125,4.0557861328125,289.8528137423857,7.362617906810235,20.396078054371138,170.06881017888517,4
pavement,096-119.jpg,cracked,1,0.0268707275390625,2.68707275390625,198.36753236814712,6.789882451166542,20.8806130178211,69.32866883129782,0
pavement,084-123.jpg,cracked,1,0.1406097412109375,14.06097412109375,681.6122650963196,11.963361132604643,41.617304093369626,164.60920294248263,29
pavement,042-60.jpg,cracked,1,0.0649871826171875,6.49871826171875,371.3036072312181,7.543281364899025,26.90724809414742,41.10694846242188,8
pavement,101-124.jpg,cracked,1,0.082977294921875,8.2977294921875,465.61731573020285,7.8505895911540025,28.0,138.8947085584247,8
pavement,020-44.jpg,cracked,1,0.0265960693359375,2.65960693359375,253.96551211459382,6.244151449286561,20.396078054371138,117.96084312873093,19
pavement,005-10.jpg,cracked,1,0.0142822265625,1.42822265625,142.63961030678928,4.298366293145054,11.313708498984761,137.8736957277356,0
pavement,060-79.jpg,cracked,1,0.0695648193359375,6.95648193359375,433.3746750430836,9.194871740760869,34.058772731852805,52.865990326295076,21
pavement,070-78.jpg,cracked,1,0.0387420654296875,3.87420654296875,289.4213562373095,5.988953108585854,22.0,23.07857508144778,0
pavement,027-20_2.jpg,cracked,1,0.064361572265625,6.4361572265625,277.29141392239836,11.006660206263254,30.0,44.62000697482614,9
pavement,079-75.jpg,cracked,1,0.04217529296875,4.217529296875,291.09545442950497,6.242210094818977,14.142135623730951,9.744884436587995,6
pavement,099-93.jpg,cracked,1,0.035247802734375,3.5247802734375,291.4680374315355,4.976032631425647,12.0,178.48220530797423,0
pavement,037-103.jpg,cracked,1,0.12774658203125,12.774658203125,528.6173157302029,12.758497857848484,52.15361924162119,24.244836346295443,17
pavement,082-128.jpg,cracked,1,0.071533203125,7.1533203125,434.3746750430836,8.186342782440082,26.832815729997478,154.33911553366843,19
pavement,101-115.jpg,cracked,1,0.0802459716796875,8.02459716796875,398.8772003600252,9.97421267941269,36.49657518178932,7.429053039244934,11
pavement,027-40_2.jpg,cracked,1,0.0450897216796875,4.50897216796875,260.0243866176395,7.384234193096615,21.540659228538015,10.598440843461475,3
pavement,052-112.jpg,cracked,1,0.0368804931640625,3.68804931640625,247.52186130069785,6.4335849105033125,15.620499351813308,150.50142819941513,1
pavement,093-100.jpg,cracked,1,0.042999267578125,4.2999267578125,322.94826817189073,5.600381683069427,16.0,69.65822444033164,5
pavement,056-153.jpg,cracked,1,0.0854644775390625,8.54644775390625,314.5512985522207,19.051853933908742,56.0,3.2596180753593273,7
pavement,013-192.jpg,cracked,1,0.074554443359375,7.4554443359375,299.71067811865476,9.899698194684685,26.0,87.66210690966737,4
pavement,072-78.jpg,cracked,1,0.061370849609375,6.1370849609375,436.04877323527904,6.484064202135332,18.110770276274835,167.59258532802474,13
pavement,094-111.jpg,cracked,1,0.006988525390625,0.6988525390625,56.627416997969526,4.607856720685378,10.198039027185569,14.776901924339342,0
pavement,022-180.jpg,cracked,1,0.0751495361328125,7.51495361328125,362.8944443027283,9.441009849147564,37.36308338453881,19.158529960740765,12
pavement,071-64.jpg,cracked,1,0.0447845458984375,4.47845458984375,371.36248173426384,4.9899314630457505,12.0,135.3505036452925,5
pavement,056-173.jpg,cracked,1,0.090911865234375,9.0911865234375,426.1198410471445,11.228768271003366,34.23448553724738,176.47064088784157,18
pavement,006-218.jpg,cracked,1,0.0434417724609375,4.34417724609375,208.27922061357856,8.738163470231711,23.323807579381203,147.1618031952547,1
pavement,080-208.jpg,cracked,1,0.074066162109375,7.4066162109375,410.30360723121805,7.5712996028511395,22.360679774997898,102.05616806942999,5
pavement,066-98.jpg,cracked,1,0.0453033447265625,4.53033447265625,315.7766952966369,5.690098733807109,11.661903789690601,15.069152748440274,1
pavement,036-85.jpg,cracked,1,0.0681915283203125,6.81915283203125,396.2914139223983,7.2469549233887145,36.22154055254967,163.96499239267493,4
pavement,039-173.jpg,cracked,1,0.1381378173828125,13.81378173828125,956.1341263970173,9.440641894389099,38.0,34.92399777809234,66
pavement,071-101.jpg,cracked,1,0.0508270263671875,5.08270263671875,342.01933598375615,6.0503604561860636,17.08800749063506,168.15725169460453,1
pavement,057-132.jpg,cracked,1,0.097076416015625,9.7076416015625,435.43354954612926,11.271068935035114,30.066592756745816,178.72875223140701,27
pavement,092-44.jpg,cracked,1,0.0217132568359375,2.17132568359375,160.12489168102786,6.793239389090679,24.0,98.36824502260143,9
pavement,066-111.jpg,cracked,1,0.032958984375,3.2958984375,231.30865786510142,5.884944587150864,14.142135623730951,173.26888794694565,1
pavement,043-65.jpg,cracked,1,0.04296875,4.296875,227.92388155425118,12.864870268446447,40.0,25.6764217663995,9
pavement,043-67.jpg,cracked,1,0.0577545166015625,5.77545166015625,292.6639969244288,11.124154826182115,44.0,99.35626468098049,5
pavement,092-76.jpg,cracked,1,0.01519775390625,1.519775390625,87.35533905932738,9.310640390080119,26.90724809414742,134.36424544876004,9
pavement,089-22.jpg,cracked,1,0.0920867919921875,9.20867919921875,598.0092347159896,7.161751813837077,18.867962264113206,42.946915059536195,18
pavement,089-139.jpg,cracked,1,0.0779876708984375,7.79876708984375,419.3452377915607,8.453948848632873,27.784887978899608,36.581414048702754,9
pavement,037-81.jpg,cracked,1,0.1685638427734375,16.85638427734375,695.98484809835,13.26019740345948,41.23105625617661,18.802928198219888,24
pavement,008-161.jpg,cracked,1,0.03704833984375,3.704833984375,290.5096679918781,6.171358160786492,22.360679774997898,172.47929441161244,1
pavement,087-41.jpg,cracked,1,0.0182952880859375,1.82952880859375,134.4386001800126,5.543559078836453,14.0,59.74678220268776,0
pavement,040-100.jpg,cracked,1,0.0487213134765625,4.87213134765625,308.4507934888324,6.742480131610635,18.439088914585774,161.42551932394187,4
pavement,045-174.jpg,cracked,1,0.077178955078125,7.7178955078125,631.3574311003804,5.555600074302999,16.0,73.48993225948537,12
pavement,051-80.jpg,cracked,1,0.044036865234375,4.4036865234375,274.7056274847714,6.6767747333492355,18.0,140.78908416980534,0
pavement,063-88.jpg,cracked,1,0.0653533935546875,6.53533935546875,364.1198410471445,7.952090246611537,28.42534080710379,158.73008535142407,5
pavement,044-104.jpg,cracked,1,0.033477783203125,3.3477783203125,122.12489168102786,18.880047363746574,45.34313619501854,42.352147451630344,5
pavement,020-24.jpg,cracked,1,0.0276031494140625,2.76031494140625,132.7523086789974,9.079175640131304,25.612496949731394,50.37910719222814,0
pavement,033-95.jpg,cracked,1,0.106414794921875,10.6414794921875,471.9898987322333,11.629957870447708,34.0,177.5917403096451,13
pavement,072-106.jpg,cracked,1,0.0044708251953125,0.44708251953125,52.38477631085024,5.307383033203999,12.806248474865697,21.136882179221942,1
pavement,080-171.jpg,cracked,1,0.096160888671875,9.6160888671875,548.6589462905454,8.165938673179475,24.08318915758459,59.49432530083646,20
pavement,093-122.jpg,cracked,1,0.0987091064453125,9.87091064453125,637.1564209736038,8.503203441723796,30.066592756745816,167.27184303782116,30
pavement,023-120.jpg,cracked,1,0.0490264892578125,4.90264892578125,329.0365799264593,9.60676639884369,29.120439557122072,56.77669349022104,33
pavement,005-119.jpg,cracked,1,0.0237884521484375,2.37884521484375,140.0538238691624,11.538363917718115,36.05551275463989,108.70296436123488,4
pavement,072-57.jpg,cracked,1,0.0283203125,2.83203125,195.02438661763955,6.162039772771393,16.1245154965971,21.054853888618794,0
pavement,075-141.jpg,cracked,1,0.0530853271484375,5.30853271484375,398.4507934888324,6.058024274853125,17.08800749063506,163.65987708296936,8
pavement,099-100.jpg,cracked,1,0.0644989013671875,6.44989013671875,443.5046173579948,7.58904206759441,22.80350850198276,179.0343143132763,22
pavement,062-110.jpg,cracked,1,0.0186309814453125,1.86309814453125,124.79898987322333,11.015895423510102,26.0,178.83061112309576,0
pavement,026-173.jpg,cracked,1,0.0539093017578125,5.39093017578125,282.79393923934,10.09979075686706,35.38361202590826,77.84881750029312,7
pavement,043-85.jpg,cracked,1,0.059722900390625,5.9722900390625,298.16652224137044,10.924869675888651,37.36308338453881,42.993348779378294,1
pavement,088-6.jpg,cracked,1,0.0356292724609375,3.56292724609375,289.1370849898476,5.140370906156136,12.0,73.03061952274196,0
pavement,030-22.jpg,cracked,1,0.0214691162109375,2.14691162109375,119.66904755831213,7.892233157223482,18.867962264113206,17.150811305116235,1
pavement,098-126.jpg,cracked,1,0.039642333984375,3.9642333984375,266.0243866176395,6.197407837453213,17.88854381999832,4.084544834108129,4
pavement,062-118.jpg,cracked,1,0.0326995849609375,3.26995849609375,190.22539674441617,11.335741810456529,38.0,179.85748031403304,8
pavement,045-25.jpg,cracked,1,0.068359375,6.8359375,545.8010819142764,5.256075260595823,19.697715603592208,28.740461316422767,1
pavement,096-100.jpg,cracked,1,0.0593109130859375,5.93109130859375,424.1198410471446,7.4015629907582055,31.04834939252005,108.74102333537517,6
pavement,080-96.jpg,cracked,1,0.1089324951171875,10.89324951171875,561.541197284454,10.204279692922066,31.304951684997057,12.728310477696311,24
pavement,034-73.jpg,cracked,1,0.05731201171875,5.731201171875,366.6223663640862,7.149808608769433,19.697715603592208,174.43158212241485,5
pavement,056-172.jpg,cracked,1,0.0596160888671875,5.96160888671875,304.76450198781714,9.559406623622687,32.2490309931942,139.95636412663026,0
pavement,066-88.jpg,cracked,1,0.056549072265625,5.6549072265625,378.01933598375615,7.217135577305731,24.0,179.29436379261327,16
pavement,103-199.jpg,cracked,1,0.0185699462890625,1.85699462890625,97.46803743153546,7.372722703986738,18.0,138.12175242506854,0
pavement,019-120.jpg,cracked,1,0.0442047119140625,4.42047119140625,188.15432893255073,17.268765601006255,55.71355310873648,179.39630547562734,0
pavement,044-74.jpg,cracked,1,0.069610595703125,6.9610595703125,395.6051224213831,7.776698429084955,23.323807579381203,172.9617302445909,11
pavement,035-123.jpg,cracked,1,0.165802001953125,16.5802001953125,680.2274887854693,12.456220152332131,40.496913462633174,106.9361968974655,14
pavement,059-113.jpg,cracked,1,0.0153350830078125,1.53350830078125,120.36753236814714,5.323374536518315,12.0,127.82653232352243,0
pavement,070-82.jpg,cracked,1,0.042144775390625,4.2144775390625,298.2081528017131,5.788347990023607,14.0,15.03204543994849,1
pavement,043-151.jpg,cracked,1,0.0069732666015625,0.69732666015625,66.2842712474619,4.262419348145018,8.94427190999916,129.43711829074084,0
pavement,100-75.jpg,cracked,1,0.07611083984375,7.611083984375,591.0437226013956,6.106407038656198,18.110770276274835,172.71166886382773,25
pavement,002-125.jpg,cracked,1,0.0295257568359375,2.95257568359375,266.0365799264593,4.855557953689818,10.198039027185569,156.33693475961013,5
pavement,100-91.jpg,cracked,1,0.0318450927734375,3.18450927734375,238.53910524340094,5.797500775309682,16.0,18.027871029331095,0
pavement,018-103.jpg,cracked,1,0.109161376953125,10.9161376953125,323.651803615609,14.119422359396474,43.86342439892262,169.23835947685532,8
pavement,067-106.jpg,cracked,1,0.0342254638671875,3.42254638671875,202.0365799264593,6.8414969030106825,18.439088914585774,32.36271141035985,0
pavement,093-124.jpg,cracked,1,0.0733184814453125,7.33184814453125,514.1025971044414,6.461697424800064,20.591260281974,52.94356259057134,15
pavement,074-59.jpg,cracked,1,0.027618408203125,2.7618408203125,217.6223663640862,5.517113943271335,18.0,5.049420590075783,6
pavement,100-95.jpg,cracked,1,0.1314849853515625,13.14849853515625,689.0559159102155,9.702542975464757,34.0,100.60973102075715,7
pavement,006-104.jpg,cracked,1,0.0707244873046875,7.07244873046875,321.36248173426384,8.623151872075672,27.85677655436824,152.3586056445098,3
pavement,042-118.jpg,cracked,1,0.0106201171875,1.06201171875,74.14213562373095,11.044229961650482,26.0,3.895037975898788,1
pavement,078-112.jpg,cracked,1,0.0585784912109375,5.85784912109375,319.634559672906,7.767139338031372,22.360679774997898,154.87266801056242,4
pavement,055-172.jpg,cracked,1,0.037353515625,3.7353515625,122.32590180780453,13.122444217706633,36.76955262170047,76.8422659832992,4
pavement,020-116.jpg,cracked,1,0.0220947265625,2.20947265625,161.8111831820431,5.980510171018867,16.0,30.338421157759,6
pavement,047-119.jpg,cracked,1,0.0551910400390625,5.51910400390625,332.9238815542512,7.699855003912017,25.298221281347036,6.80000289034686,4
pavement,100-120.jpg,cracked,1,0.0610198974609375,6.10198974609375,302.56349186104046,9.824369780924531,34.0,41.735065550134124,3
pavement,007-101.jpg,cracked,1,0.007598876953125,0.7598876953125,88.35533905932738,5.273006323843393,17.08800749063506,2.501644526528537,0
pavement,065-118.jpg,cracked,1,0.0276947021484375,2.76947021484375,407.29646455628165,5.081142457033447,15.231546211727817,39.712481302458855,10
pavement,094-129.jpg,cracked,1,0.0096893310546875,0.96893310546875,52.59797974644666,7.317562218081716,19.697715603592208,43.05576162982888,0
pavement,003-26.jpg,cracked,1,0.0280914306640625,2.80914306640625,226.16652224137047,5.35521253899701,14.422205101855956,95.7065144248592,1
pavement,100-144.jpg,cracked,1,0.056182861328125,5.6182861328125,284.5807358037436,8.833042538399157,24.331050121192877,7.275267894498882,5
pavement,023-81.jpg,cracked,1,0.0169219970703125,1.69219970703125,78.87005768508881,19.05244053599897,50.99019513592785,25.632963138221015,0
pavement,059-103.jpg,cracked,1,0.0066375732421875,0.66375732421875,50.2842712474619,4.664190581341198,10.0,14.840539841882588,0
pavement,068-97.jpg,cracked,1,0.00830078125,0.830078125,35.071067811865476,11.769430386381668,28.0,175.68479193324347,0
pavement,069-60.jpg,cracked,1,0.04180908203125,4.180908203125,299.5218613006978,5.655349910596113,12.649110640673518,12.605236225929474,1
pavement,096-117.jpg,cracked,1,0.106689453125,10.6689453125,592.7594513539339,9.514132877042446,34.0,78.07722700325235,33
pavement,065-133.jpg,cracked,1,0.0645294189453125,6.45294189453125,720.9188309203679,5.512423850385504,18.110770276274835,167.8554960307924,24
pavement,049-103.jpg,cracked,1,0.0072784423828125,0.72784423828125,49.62741699796952,5.356867990330904,11.313708498984761,16.402385733436205,0
pavement,077-96.jpg,cracked,1,0.0770721435546875,7.70721435546875,415.78888860545663,8.87416027044527,26.0,171.34521674383566,9
pavement,095-94.jpg,cracked,1,0.0926055908203125,9.26055908203125,682.2152954766495,6.287391164879018,24.0,135.12538296247894,6
pavement,064-121.jpg,cracked,1,0.0621185302734375,6.21185302734375,328.2203461105329,8.572768215948662,34.0,113.14535200630537,6
pavement,053-82.jpg,cracked,1,0.044403076171875,4.4403076171875,299.1370849898476,6.180239902957811,19.697715603592208,94.091023120077,0
pavement,004-116.jpg,cracked,1,0.03411865234375,3.411865234375,292.095454429505,4.858138312972736,10.0,179.95372327209867,1
pavement,034-125.jpg,cracked,1,0.058807373046875,5.8807373046875,317.6934341759516,7.780483459212689,22.80350850198276,3.648223417773835,4
pavement,041-78.jpg,cracked,1,0.04168701171875,4.168701171875,241.39191898578665,6.4339459690289065,18.0,28.51867272008309,0
pavement,089-60.jpg,cracked,1,0.0914764404296875,9.14764404296875,448.1147904132612,8.756271898659042,22.627416997969522,35.57435978480811,2
pavement,066-89.jpg,cracked,1,0.066650390625,6.6650390625,393.94826817189073,6.990877988173728,21.2602916254693,158.6487081806462,4
pavement,030-119.jpg,cracked,1,0.0754852294921875,7.54852294921875,322.3208511739212,16.145694841778198,45.60701700396552,61.37668844155341,17
pavement,048-96.jpg,cracked,1,0.04571533203125,4.571533203125,314.4213562373095,5.9501196344521,20.09975124224178,163.84070368225997,1
pavement,050-84.jpg,cracked,1,0.017547607421875,1.7547607421875,114.18376618407358,7.523024251533222,17.88854381999832,177.7182520548905,0
pavement,101-111.jpg,cracked,1,0.0678863525390625,6.78863525390625,378.492424049175,9.048844806905482,28.42534080710379,175.13311218264707,18
pavement,089-138.jpg,cracked,1,0.1293792724609375,12.93792724609375,704.9676041556469,9.785656630357707,37.73592452822641,36.82159718860672,22
pavement,050-80.jpg,cracked,1,0.0385284423828125,3.85284423828125,281.6223663640862,5.757704082688295,14.142135623730951,7.594980676357125,5
pavement,072-103.jpg,cracked,1,0.0424957275390625,4.24957275390625,328.1198410471445,5.551928158926645,13.416407864998739,6.9695164267028815,8
pavement,028-58.jpg,cracked,1,0.0025787353515625,0.25787353515625,35.071067811865476,5.76749359242061,14.0,179.46240318556912,1
pavement,052-128.jpg,cracked,1,0.022857666015625,2.2857666015625,173.95331880577405,5.6945952977505625,14.422205101855956,157.88092779745102,0
pavement,094-123.jpg,cracked,1,0.0109100341796875,1.09100341796875,97.63961030678928,4.594834607275375,8.48528137423857,41.8354968872672,0
pavement,060-73.jpg,cracked,1,0.0267333984375,2.67333984375,146.5096679918781,7.848876254642367,28.284271247461902,138.81938626882473,1
pavement,088-100.jpg,cracked,1,0.014739990234375,1.4739990234375,104.29646455628166,5.765492768009849,12.806248474865697,34.39706217018795,1
pavement,026-153.jpg,cracked,1,0.010986328125,1.0986328125,62.62741699796952,7.460938561370154,18.867962264113206,14.923415012885783,0
pavement,014-40.jpg,cracked,1,0.01275634765625,1.275634765625,103.74011537017762,4.964520994279923,10.0,22.793147663123165,0
pavement,045-161.jpg,cracked,1,0.0074462890625,0.74462890625,70.25483399593904,4.874117578495346,12.0,59.544164860581716,1
pavement,019-101.jpg,cracked,1,0.0364990234375,3.64990234375,258.48023074035524,6.0147966641320485,17.08800749063506,94.42763295947593,7
pavement,050-96.jpg,cracked,1,0.0134735107421875,1.34735107421875,111.49747468305833,5.980403909324052,16.1245154965971,163.42054885868745,6
pavement,088-59.jpg,cracked,1,0.0128173828125,1.28173828125,120.61017305526643,4.401041345546015,8.48528137423857,149.86051223932847,0
pavement,053-28.jpg,cracked,1,0.0998382568359375,9.98382568359375,446.7350647362943,9.934180800930632,30.066592756745816,11.350887888350087,17
pavement,032-162.jpg,cracked,1,0.0652313232421875,6.52313232421875,390.33304448274095,8.14647600854646,25.298221281347036,34.89096386092956,23
pavement,065-113.jpg,cracked,1,0.010528564453125,1.0528564453125,288.3553390593274,3.610354538020471,10.0,88.62187198666695,18
pavement,079-123.jpg,cracked,1,0.0624237060546875,6.24237060546875,422.5462479183374,6.551628319683574,20.591260281974,28.898884193187286,18
pavement,045-6.jpg,cracked,1,0.1122894287109375,11.22894287109375,977.0214280248092,5.143681452989412,24.413111231467404,24.575017886987467,7
pavement,047-120.jpg,cracked,1,0.090972900390625,9.0972900390625,513.8305191657993,8.8543388683506,29.5296461204668,70.51724423250303,30
pavement,091-117.jpg,cracked,1,0.0144195556640625,1.44195556640625,115.18376618407356,4.976391276346895,10.198039027185569,14.417026584694895,0
pavement,028-98.jpg,cracked,1,0.2006683349609375,20.06683349609375,563.6122650963194,23.27385680741636,72.80109889280519,19.298994143857698,16
pavement,035-58.jpg,cracked,1,0.11761474609375,11.761474609375,520.144227664784,11.835118211219493,44.0,39.64546084223883,20
pavement,044-76.jpg,cracked,1,0.0565185546875,5.65185546875,320.48023074035524,7.305053725989517,22.360679774997898,47.373191819230385,7
pavement,049-42.jpg,cracked,1,0.0066375732421875,0.66375732421875,50.35533905932738,4.8577404619686115,10.0,54.346340445610835,0
pavement,074-103.jpg,cracked,1,0.019439697265625,1.9439697265625,78.25483399593904,10.093814036702382,24.0,27.89397115915625,0
pavement,091-124.jpg,cracked,1,0.0203704833984375,2.03704833984375,173.6812408671319,4.974059282394082,13.416407864998739,15.992221851069218,7
pavement,005-80.jpg,cracked,1,0.0146636962890625,1.46636962890625,140.71067811865476,4.7239227565069974,11.313708498984761,145.59844806439128,0
pavement,073-40.jpg,cracked,1,0.05377197265625,5.377197265625,269.8355697996826,8.034588941999628,26.68332812825267,168.32315802255985,8
pavement,029-174.jpg,cracked,1,0.0040435791015625,0.40435791015625,38.45584412271571,3.9936481981326977,8.0,143.3407596570079,1
pavement,005-101.jpg,cracked,1,0.066619873046875,6.6619873046875,328.048773235279,8.566339984133204,29.732137494637012,113.87538204660484,7
pavement,076-177.jpg,cracked,1,0.05908203125,5.908203125,331.4041122946064,8.01769427107724,25.45584412271571,42.797580114647815,3
pavement,051-50.jpg,cracked,1,0.029876708984375,2.9876708984375,232.58073580374355,5.221370031072732,11.661903789690601,165.70812743734226,0
pavement,056-162.jpg,cracked,1,0.12261962890625,12.261962890625,363.9360748630709,15.175102777927055,39.293765408777,161.86993847302716,9
pavement,086-127.jpg,cracked,1,0.0509033203125,5.09033203125,334.6761902332486,6.140638786132278,18.439088914585774,142.83100881677294,0
pavement,062-111.jpg,cracked,1,0.0253143310546875,2.53143310546875,159.2670273047588,7.179934739979371,20.0,1.832415510686559,0
pavement,036-59.jpg,cracked,1,0.1144256591796875,11.44256591796875,514.3452377915607,14.633939134460478,49.51767361255979,165.7490611299078,19
pavement,058-74.jpg,cracked,1,0.0615081787109375,6.15081787109375,366.40411229460636,7.274879617232542,19.79898987322333,26.26590860604722,4
pavement,033-99.jpg,cracked,1,0.0713653564453125,7.13653564453125,279.58073580374355,10.801061678938648,34.0,2.7972923765963174,1
pavement,013-102.jpg,cracked,1,0.0504608154296875,5.04608154296875,264.71067811865476,9.489448475517293,31.04834939252005,86.78393332061874,0
pavement,004-130.jpg,cracked,1,0.0468597412109375,4.68597412109375,343.0904037956217,5.5467009658141055,14.422205101855956,146.07161552244236,1
pavement,084-157.jpg,cracked,1,0.01416015625,1.416015625,118.8111831820431,5.081269060142594,12.0,62.794209447829886,0
pavement,073-63.jpg,cracked,1,0.0217742919921875,2.17742919921875,200.8528137423857,5.6105233509510555,18.0,95.08959732947484,8
pavement,050-102.jpg,cracked,1,0.034912109375,3.4912109375,248.79393923933998,6.304760212749662,21.633307652783937,9.245710196347403,1
pavement,071-45.jpg,cracked,1,0.004852294921875,0.4852294921875,43.72792206135786,3.9870933096523022,8.246211251235321,37.183460439360715,0
pavement,028-97.jpg,cracked,1,0.079254150390625,7.9254150390625,408.30360723121805,12.657575270545191,47.53945729601885,60.66517151314635,11
pavement,013-12.jpg,cracked,1,0.011505126953125,1.1505126953125,37.55634918610404,9.42931833759273,22.090722034374522,69.77843582139857,0
pavement,060-80.jpg,cracked,1,0.12451171875,12.451171875,690.1980515339465,9.77067906330221,42.0,142.11007804360673,25
pavement,078-113.jpg,cracked,1,0.0538787841796875,5.38787841796875,328.8944443027283,7.04785038682885,22.80350850198276,6.625070485503102,3
pavement,035-39.jpg,cracked,1,0.0569305419921875,5.69305419921875,362.91883092036784,7.240624418761413,26.0,63.23813505465461,3
pavement,092-160.jpg,cracked,1,0.109588623046875,10.9588623046875,505.60007178749976,9.692414235419562,32.984845004941285,37.88262113990021,11
pavement,091-137.jpg,cracked,1,0.0031585693359375,0.31585693359375,25.72792206135786,7.254478940034181,17.08800749063506,23.28577427068103,0
pavement,091-79.jpg,cracked,1,0.00054931640625,0.054931640625,3.8284271247461903,2.9492448629850063,5.656854249492381,121.717474411461,0
pavement,080-134.jpg,cracked,1,0.006134033203125,0.6134033203125,47.798989873223334,8.855412661215679,19.79898987322333,54.48441496069964,1
pavement,018-105.jpg,cracked,1,0.0781097412109375,7.81097412109375,323.2081528017131,10.386081855788174,29.732137494637012,176.0488403300392,7
pavement,103-61.jpg,cracked,1,0.0159912109375,1.59912109375,108.15432893255071,7.780010262662344,26.90724809414742,8.736134930567374,4
pavement,026-154.jpg,cracked,1,0.0935516357421875,9.35516357421875,336.2914139223983,12.187740747524403,28.635642126552707,27.366346270417523,11
pavement,095-108.jpg,cracked,1,0.0054168701171875,0.54168701171875,95.48528137423857,4.71568974608699,11.661903789690601,30.235682010158456,0
pavement,093-160.jpg,cracked,1,0.011016845703125,1.1016845703125,40.72792206135786,13.120342428676151,33.1058907144937,76.88892854102303,0
pavement,081-178.jpg,cracked,1,0.0481414794921875,4.81414794921875,265.43354954612926,7.117177624593724,16.97056274847714,36.1118667759753,0
pavement,080-227.jpg,cracked,1,0.0411376953125,4.11376953125,159.3380951166243,11.788009267751075,34.0,39.573959751905875,1
pavement,101-114.jpg,cracked,1,0.07916259765625,7.916259765625,408.73506473629425,8.52982808670174,30.463092423455635,13.035584023312055,7
pavement,071-84.jpg,cracked,1,0.027923583984375,2.7923583984375,244.9827560572969,5.566906840662309,18.439088914585774,177.20296544727722,0
pavement,029-139.jpg,cracked,1,0.0271759033203125,2.71759033203125,226.2670273047588,5.082351354556177,13.416407864998739,4.72844412198765,4
pavement,085-121.jpg,cracked,1,0.0878753662109375,8.78753662109375,606.7594513539337,8.59615140209909,36.05551275463989,15.774750975400508,29
pavement,053-170.jpg,cracked,1,0.1988525390625,19.88525390625,917.9797974644666,14.897035526740192,44.94441010848846,133.5029779884667,47
pavement,065-91.jpg,cracked,1,0.0211029052734375,2.11029052734375,127.49747468305833,6.259207266794288,14.142135623730951,17.51735987850134,0
pavement,028-157.jpg,cracked,1,0.01812744140625,1.812744140625,115.84062043356595,8.769941563846185,24.166091947189145,51.04588696308273,9
pavement,094-168.jpg,cracked,1,0.0083770751953125,0.83770751953125,76.87005768508881,4.609256758484019,10.0,153.57500613938646,0
pavement,049-19.jpg,cracked,1,0.012908935546875,1.2908935546875,87.46803743153548,5.844291585665753,12.649110640673518,38.78547203187219,0
pavement,032-142.jpg,cracked,1,0.0340118408203125,3.40118408203125,219.00714267493643,6.356013560227208,16.1245154965971,35.110164155141604,6
pavement,047-108.jpg,cracked,1,0.035369873046875,3.5369873046875,261.0071426749364,5.634953605267202,14.422205101855956,47.64295969575157,0
pavement,098-95.jpg,cracked,1,0.0114288330078125,1.14288330078125,129.59797974644667,4.518606623478292,14.0,154.378067994758,5
pavement,029-100.jpg,cracked,1,0.0441436767578125,4.41436767578125,305.97770542341357,6.079082028810944,18.973665961010276,152.0488219479348,1
pavement,028-213.jpg,cracked,1,0.2257232666015625,22.57232666015625,833.6904755831214,20.30582850453133,65.11528238439882,18.395261485384225,45
pavement,071-44.jpg,cracked,1,0.012054443359375,1.2054443359375,103.35533905932738,4.697894581377471,10.198039027185569,146.0611973330687,0
pavement,006-90.jpg,cracked,1,0.058685302734375,5.8685302734375,430.78888860545663,7.897741683852591,37.73592452822641,32.4035429494194,12
pavement,019-84.jpg,cracked,1,0.0203704833984375,2.03704833984375,171.3380951166243,5.291415603353597,17.08800749063506,29.740889204529537,1
pavement,030-60.jpg,cracked,1,0.05120849609375,5.120849609375,173.1665222413705,12.769748572810135,39.84971769034255,23.219861187663327,4
pavement,092-63.jpg,cracked,1,0.011474609375,1.1474609375,58.798989873223334,15.415432772052775,38.62641583165593,15.2941064813987,0
pavement,093-105.jpg,cracked,1,0.0893096923828125,8.93096923828125,474.6589462905455,12.59255061171263,42.04759208325728,97.81288722038875,39
pavement,057-120.jpg,cracked,1,0.0413818359375,4.13818359375,159.88225099390857,9.269747109971524,22.627416997969522,161.3829727821686,0
pavement,017-104.jpg,cracked,1,0.04986572265625,4.986572265625,285.8944443027283,8.11134530904104,28.0,176.57966058225236,4
pavement,071-95.jpg,cracked,1,0.049560546875,4.9560546875,338.66399692442883,6.343351247509581,17.08800749063506,11.714305568287358,6
pavement,019-134.jpg,cracked,1,0.128326416015625,12.8326416015625,501.9604614807105,12.622026758394862,37.36308338453881,160.67056646974754,19
pavement,008-160.jpg,cracked,1,0.0364837646484375,3.64837646484375,289.237590053236,5.331298856553511,12.649110640673518,4.8521069290391665,1
pavement,095-75.jpg,cracked,1,0.007415771484375,0.7415771484375,72.5269119345812,3.9682009039711206,8.94427190999916,67.94989495176753,0
pavement,062-106.jpg,cracked,1,0.091400146484375,9.1400146484375,364.0904037956217,13.62875345021723,38.47076812334269,154.1391301876486,12
pavement,040-97.jpg,cracked,1,0.0457763671875,4.57763671875,301.6639969244288,6.336326408124167,16.492422502470642,169.67943918154705,9
pavement,081-138.jpg,cracked,1,0.029693603515625,2.9693603515625,189.30865786510142,6.5900389965506925,18.973665961010276,38.684870901645496,0
pavement,072-126.jpg,cracked,1,0.0377960205078125,3.77960205078125,270.97770542341357,5.882254612369433,16.0,157.98291185515177,1
pavement,065-87.jpg,cracked,1,0.0222015380859375,2.22015380859375,181.22539674441617,5.130312048690953,16.1245154965971,176.52945943812065,0
pavement,103-146.jpg,cracked,1,0.081268310546875,8.1268310546875,315.61731573020285,10.25324928705982,30.0,128.70384019404034,0
pavement,030-195.jpg,cracked,1,0.017486572265625,1.7486572265625,71.76955262170047,17.201852274774208,56.0,21.166744676262567,1
pavement,054-146.jpg,cracked,1,0.0276336669921875,2.76336669921875,176.29646455628165,7.137197780727353,22.360679774997898,1.6173913955956039,2
pavement,102-136.jpg,cracked,1,0.0366668701171875,3.66668701171875,282.1248916810278,5.405668288551721,12.0,9.316636301887542,1
pavement,033-96.jpg,cracked,1,0.10089111328125,10.089111328125,614.0142853498728,9.620290306295571,33.94112549695428,11.095612970656418,39
pavement,033-108.jpg,cracked,1,0.011810302734375,1.1810302734375,71.76955262170048,8.8870787255478,28.284271247461902,88.90174356615074,0
pavement,044-61.jpg,cracked,1,0.0557098388671875,5.57098388671875,240.1370849898476,9.03104098412136,27.202941017470888,15.518591339722235,12
pavement,041-115.jpg,cracked,1,0.0403900146484375,4.03900146484375,236.10764773832477,7.516786139926284,22.80350850198276,94.91844568734302,3
pavement,103-137.jpg,cracked,1,0.06646728515625,6.646728515625,301.0193359837562,9.367578586131428,31.11269837220809,36.40041371907574,3
pavement,013-174.jpg,cracked,1,0.0947418212890625,9.47418212890625,354.79393923934,10.948063194035656,32.0,115.26940417661662,0
pavement,061-98.jpg,cracked,1,0.045928955078125,4.5928955078125,253.71067811865476,13.544018586754449,44.40720662234904,53.87128737538538,0
pavement,048-111.jpg,cracked,1,0.0442962646484375,4.42962646484375,313.0365799264593,5.956026625268736,16.0,175.8598735836852,5
pavement,069-120.jpg,cracked,1,0.0474090576171875,4.74090576171875,319.0071426749364,6.211852065935757,18.0,13.321143279221616,7
pavement,019-137.jpg,cracked,1,0.09344482421875,9.344482421875,324.2914139223983,14.487474340888957,48.33218389437829,148.46677021172604,12
pavement,067-87.jpg,cracked,1,0.0632476806640625,6.32476806640625,363.4335495461293,8.006114547183692,33.52610922848042,28.697546941738807,7
pavement,028-49.jpg,cracked,1,0.0137481689453125,1.37481689453125,137.49747468305833,4.377239652029588,10.0,120.61298888334917,0
pavement,011-122.jpg,cracked,1,0.0046539306640625,0.46539306640625,62.04163056034261,3.465183598526573,7.211102550927978,104.21279240391557,0
pavement,079-81.jpg,cracked,1,0.048858642578125,4.8858642578125,300.99494936611666,6.792304481075219,17.88854381999832,8.731223894592063,4
pavement,089-119.jpg,cracked,1,0.10345458984375,10.345458984375,451.7594513539338,9.433711175494443,27.784887978899608,31.90745965332374,5
pavement,075-143.jpg,uncracked,1,0.0009765625,0.09765625,9.0,3.2366152783740216,6.0,90.0,0
pavement,060-159.jpg,uncracked,1,0.0271453857421875,2.71453857421875,107.15432893255071,11.467848248086892,34.9857113690718,79.61808826020824,3
pavement,076-27.jpg,uncracked,1,0.01129150390625,1.129150390625,256.65685424949237,3.926333139954655,6.0,90.01282748969085,4
pavement,042-203.jpg,uncracked,1,0.008453369140625,0.8453369140625,51.941125496954285,7.4021178358834305,18.973665961010276,131.31891189514127,3
pavement,097-11.jpg,uncracked,1,0.07916259765625,7.916259765625,573.3868683519033,7.324020984572619,22.360679774997898,7.014821001461144,35
pavement,045-55.jpg,uncracked,1,0.000823974609375,0.0823974609375,8.242640687119286,3.2063588484432843,6.0,67.70910497074856,0
pavement,041-45.jpg,uncracked,1,0.0052337646484375,0.52337646484375,49.89949493661167,4.254227600671634,8.0,89.4095785982688,0
pavement,027-53.jpg,uncracked,1,0.0123291015625,1.23291015625,106.78174593052023,4.833728580031909,12.806248474865697,37.39454607354455,0
pavement,096-125.jpg,uncracked,1,0.013397216796875,1.3397216796875,105.18376618407356,5.072447751712183,11.313708498984761,32.71889419357473,0
pavement,069-188.jpg,uncracked,1,0.002197265625,0.2197265625,22.72792206135786,3.678627076086314,7.211102550927978,157.63626774901732,0
pavement,034-59.jpg,uncracked,1,0.0362701416015625,3.62701416015625,140.40916292848976,11.347198538214046,26.832815729997478,138.0284940997124,1
pavement,038-226.jpg,uncracked,1,0.0394287109375,3.94287109375,248.76450198781714,6.201729945625932,16.0,166.04344152114015,7
pavement,092-98.jpg,uncracked,1,0.0117950439453125,1.17950439453125,79.62741699796952,8.28536241051677,26.076809620810597,58.38521088199743,1
pavement,059-27.jpg,uncracked,1,0.0243072509765625,2.43072509765625,106.8111831820431,8.085959214053894,20.0,40.26632641704484,4
pavement,016-16.jpg,uncracked,1,0.02545166015625,2.545166015625,160.36753236814712,8.016554709205202,22.360679774997898,118.51284188160172,20
pavement,020-28.jpg,uncracked,1,0.0317230224609375,3.17230224609375,149.12489168102786,10.080355276360045,32.0624390837628,109.697496822347,5
pavement,029-160.jpg,uncracked,1,0.0355377197265625,3.55377197265625,267.81118318204307,5.401528162538576,18.0,80.849473367557,0
pavement,022-177.jpg,uncracked,1,0.0056915283203125,0.56915283203125,51.28427124746191,4.212814429365672,10.0,28.789262059363722,0
pavement,066-233.jpg,uncracked,1,0.0053253173828125,0.53253173828125,32.21320343559643,6.5754685924409095,16.1245154965971,18.153261545442888,0
pavement,024-233.jpg,uncracked,1,0.0503082275390625,5.03082275390625,289.46298679765215,7.98476092307259,24.08318915758459,30.37112192106241,12
pavement,080-183.jpg,uncracked,1,0.0293426513671875,2.93426513671875,68.18376618407358,12.852938342564533,35.4400902933387,40.571674877839655,4
pavement,100-181.jpg,uncracked,1,0.0011444091796875,0.11444091796875,8.242640687119286,4.360259458678981,10.0,120.95922363816254,0
pavement,073-1.jpg,uncracked,1,0.025848388671875,2.5848388671875,175.19595949289334,6.606208004890403,22.360679774997898,21.20456576182636,7
pavement,023-145.jpg,uncracked,1,0.004608154296875,0.4608154296875,31.79898987322333,5.358373297969618,14.0,120.55827014951392,0
pavement,010-202.jpg,uncracked,1,0.0062255859375,0.62255859375,43.798989873223334,5.1718955917655505,10.770329614269007,160.57442100454205,0
pavement,034-66.jpg,uncracked,1,0.01177978515625,1.177978515625,85.5269119345812,5.7196619247604925,14.0,168.83986628654677,5
pavement,018-160.jpg,uncracked,1,0.01910400390625,1.910400390625,143.78174593052023,5.641453359218226,17.88854381999832,123.42021101668766,3
pavement,058-48.jpg,uncracked,1,0.0256805419921875,2.56805419921875,121.88225099390857,10.146418365727033,25.059928172283335,173.12026866228794,4
pavement,035-44.jpg,uncracked,1,0.0441741943359375,4.41741943359375,301.32085117392114,6.38044749725207,19.697715603592208,174.87766105194817,5
pavement,056-226.jpg,uncracked,1,0.00592041015625,0.592041015625,60.62741699796952,4.325710104640449,10.0,144.12648695452526,0
pavement,025-15.jpg,uncracked,1,0.1827239990234375,18.27239990234375,504.6883835420683,19.021103860209326,50.99019513592785,58.765259146969704,14
pavement,025-192.jpg,uncracked,1,0.00201416015625,0.201416015625,4.82842712474619,8.055820717400367,20.0,112.5,0
pavement,092-233.jpg,uncracked,1,0.036102294921875,3.6102294921875,291.48023074035524,6.814574722178139,24.73863375370596,85.79206079706695,16
pavement,042-154.jpg,uncracked,1,0.0122528076171875,1.22528076171875,77.5269119345812,6.024116017838617,16.97056274847714,35.18112972203667,0
pavement,024-181.jpg,uncracked,1,0.086090087890625,8.6090087890625,539.3746750430836,6.81446822955086,20.8806130178211,43.48535288926291,10
pavement,036-35.jpg,uncracked,1,0.02783203125,2.783203125,229.3797256769669,5.342488161214818,14.142135623730951,22.681783934025532,4
pavement,001-44.jpg,uncracked,1,0.001190185546875,0.1190185546875,17.242640687119284,4.754976403795551,10.0,5.658208782526145,1
pavement,042-232.jpg,uncracked,1,0.0058746337890625,0.58746337890625,55.87005768508881,9.228116615305655,20.09975124224178,37.66552401574742,6
pavement,063-161.jpg,uncracked,1,0.0006103515625,0.06103515625,5.656854249492381,3.0282558099174595,5.656854249492381,45.0,0
pavement,040-64.jpg,uncracked,1,0.0052337646484375,0.52337646484375,28.31370849898476,9.042255782204508,23.323807579381203,177.8270334122615,0
pavement,060-218.jpg,uncracked,1,0.000946044921875,0.0946044921875,4.82842712474619,3.4044267920352542,6.324555320336759,112.5,0
pavement,040-25.jpg,uncracked,1,0.00677490234375,0.677490234375,42.798989873223334,5.920185002812137,13.416407864998739,115.7269286285868,0
pavement,045-231.jpg,uncracked,1,0.0413970947265625,4.13970947265625,281.66399692442883,5.782536143567401,14.142135623730951,90.16269800424317,0
pavement,045-56.jpg,uncracked,1,0.0028533935546875,0.28533935546875,29.31370849898476,3.929748808930686,8.0,72.89277665903545,0
pavement,043-208.jpg,uncracked,1,0.0004730224609375,0.04730224609375,6.82842712474619,2.5893911557491265,4.47213595499958,152.838204110931,0
pavement,017-151.jpg,uncracked,1,0.007598876953125,0.7598876953125,49.698484809834994,6.905785371101381,20.0,2.283630785965869,0
pavement,012-23.jpg,uncracked,1,0.0153350830078125,1.53350830078125,77.84062043356595,10.698345705865583,34.0,84.97947127110717,0
pavement,026-112.jpg,uncracked,1,0.0572967529296875,5.72967529296875,269.53910524340097,9.239562582580659,26.0,4.481980729863011,8
pavement,039-22.jpg,uncracked,1,0.003326416015625,0.3326416015625,32.656854249492376,4.0011363386125165,8.0,5.368499443455562,0
pavement,037-176.jpg,uncracked,1,0.0809326171875,8.09326171875,308.0315292925759,10.384185503534082,26.0,136.685677121172,3
pavement,033-179.jpg,uncracked,1,0.037750244140625,3.7750244140625,219.94826817189073,7.124824438926779,16.97056274847714,131.3307824406088,5
pavement,023-95.jpg,uncracked,1,0.0018310546875,0.18310546875,8.242640687119286,5.825946121113972,14.0,109.37819382384016,0
pavement,101-154.jpg,uncracked,1,0.044403076171875,4.4403076171875,362.22034611053283,5.852289349210637,16.97056274847714,127.07594693019269,16
pavement,055-94.jpg,uncracked,1,0.0061187744140625,0.61187744140625,59.87005768508881,6.241007663744705,17.88854381999832,38.85636423084375,6
pavement,067-61.jpg,uncracked,1,0.1494903564453125,14.94903564453125,923.5189027078675,8.455176242710968,32.802438933713454,164.37348825317676,49
pavement,101-225.jpg,uncracked,1,0.0133209228515625,1.33209228515625,100.1543289325507,5.600144140006675,14.142135623730951,178.9653210881851,3
pavement,035-61.jpg,uncracked,1,0.0675201416015625,6.75201416015625,403.46298679765215,6.929849728127437,22.627416997969522,139.28814982612872,13
pavement,058-102.jpg,uncracked,1,0.0335235595703125,3.35235595703125,82.76955262170048,12.615102098310812,32.31098884280702,73.22499085501875,0
pavement,037-77.jpg,uncracked,1,0.013946533203125,1.3946533203125,89.42640687119285,6.011863316840204,17.08800749063506,161.53704658716265,0
pavement,042-159.jpg,uncracked,1,0.0098724365234375,0.98724365234375,37.97056274847714,8.052560014006433,24.0,11.596284741680648,5
pavement,081-206.jpg,uncracked,1,0.060333251953125,6.0333251953125,236.6223663640862,11.150736570454251,26.0,64.03736210061581,4
pavement,031-64.jpg,uncracked,1,0.0038604736328125,0.38604736328125,43.72792206135786,6.792646064614233,18.439088914585774,1.920874368166949,1
pavement,057-179.jpg,uncracked,1,0.014862060546875,1.4862060546875,70.21320343559643,8.24186026938546,18.439088914585774,102.67743791775645,0
pavement,037-170.jpg,uncracked,1,0.0079803466796875,0.79803466796875,72.698484809835,4.5944594330664,10.0,56.478277845474196,0
pavement,067-207.jpg,uncracked,1,0.07537841796875,7.537841796875,549.9015869776647,6.955955449136414,27.202941017470888,163.0303575696689,9
pavement,038-12.jpg,uncracked,1,0.0538330078125,5.38330078125,214.4213562373095,10.829746671918969,30.463092423455635,36.72376191378956,1
pavement,031-181.jpg,uncracked,1,0.0032196044921875,0.32196044921875,22.414213562373096,4.638030298354045,10.0,0.6232710508423338,0
pavement,057-80.jpg,uncracked,1,0.0053863525390625,0.53863525390625,36.97056274847714,6.203068046440699,14.142135623730951,101.85185750107263,3
pavement,025-203.jpg,uncracked,1,0.022491455078125,2.2491455078125,111.35533905932738,7.247991724087136,17.08800749063506,2.2052406340815764,0
pavement,055-59.jpg,uncracked,1,0.0045013427734375,0.45013427734375,27.213203435596427,5.414050856147666,12.165525060596439,51.62755434001512,0
pavement,094-92.jpg,uncracked,1,0.0049285888671875,0.49285888671875,25.556349186104047,6.418011211587775,13.416407864998739,34.064684583148676,0
pavement,018-78.jpg,uncracked,1,0.001312255859375,0.1312255859375,18.242640687119287,5.2771772268787265,11.661903789690601,179.9176688466933,1
pavement,096-133.jpg,uncracked,1,0.055023193359375,5.5023193359375,342.9655121145938,9.02862196162236,29.732137494637012,1.5067374662758652,22
pavement,016-107.jpg,uncracked,1,0.0185394287109375,1.85394287109375,126.15432893255071,6.187178175394738,18.0,54.472813597395984,0
pavement,057-27.jpg,uncracked,1,0.0028839111328125,0.28839111328125,28.556349186104047,6.742629897880802,17.08800749063506,19.18438019408032,3
pavement,099-122.jpg,uncracked,1,0.0103759765625,1.03759765625,80.8700576850888,7.098891962742004,21.633307652783937,90.24423989223106,4
pavement,092-210.jpg,uncracked,1,0.004669189453125,0.4669189453125,31.627416997969522,4.461372867673943,10.0,106.34741102649649,0
pavement,060-117.jpg,uncracked,1,0.0523681640625,5.23681640625,229.52186130069788,10.62099601206652,36.05551275463989,166.26174181022995,4
pavement,015-46.jpg,uncracked,1,0.054351806640625,5.4351806640625,308.76450198781714,8.20963944027343,30.528675044947494,179.64024903672262,6
pavement,101-104.jpg,uncracked,1,0.0288238525390625,2.88238525390625,230.89444430272832,5.875209342487352,18.0,66.78347077542604,1
pavement,070-192.jpg,uncracked,1,0.077667236328125,7.7667236328125,466.9726547895302,7.3553723108809095,24.166091947189145,165.95713601946127,21
pavement,043-229.jpg,uncracked,1,0.014892578125,1.4892578125,98.98275605729691,6.100449697362043,18.0,92.57853888203108,0
pavement,054-142.jpg,uncracked,1,0.013214111328125,1.3214111328125,69.18376618407358,7.660124268327829,19.697715603592208,17.031055056016385,0
pavement,021-48.jpg,uncracked,1,0.0127716064453125,1.27716064453125,49.55634918610404,7.499556685757337,16.0,103.36887179411467,0
pavement,042-173.jpg,uncracked,1,0.0027923583984375,0.27923583984375,30.485281374238568,6.549730782123477,17.88854381999832,177.01164880854142,0
pavement,044-12.jpg,uncracked,1,0.00311279296875,0.311279296875,17.242640687119284,4.724673634606256,10.0,87.00207820417316,0
pavement,087-197.jpg,uncracked,1,0.04351806640625,4.351806640625,301.23253941935263,5.8824673427579155,15.231546211727817,58.85867082423298,0
pavement,092-23.jpg,uncracked,1,0.0398712158203125,3.98712158203125,230.78174593052023,8.230301222635811,26.832815729997478,176.551825119758,2
pavement,027-141.jpg,uncracked,1,0.0555267333984375,5.55267333984375,264.0904037956217,8.897682249659614,21.2602916254693,128.95882239537465,3
pavement,025-132.jpg,uncracked,1,0.0157318115234375,1.57318115234375,84.76955262170048,10.471944507975278,38.62641583165593,91.74599461074274,0
pavement,038-146.jpg,uncracked,1,0.0159759521484375,1.59759521484375,91.01219330881975,6.477171906446718,15.620499351813308,57.11453798097146,0
pavement,092-95.jpg,uncracked,1,0.0027313232421875,0.27313232421875,28.899494936611667,8.554641502587975,22.360679774997898,154.1111781556954,1
pavement,032-151.jpg,uncracked,1,0.0010833740234375,0.10833740234375,8.82842712474619,3.525595767697516,7.211102550927978,163.90213303264338,0
pavement,094-192.jpg,uncracked,1,0.0126953125,1.26953125,68.01219330881976,6.731151933378602,17.88854381999832,116.52552937014042,0
pavement,060-180.jpg,uncracked,1,0.0020751953125,0.20751953125,7.656854249492381,4.757608272288318,11.661903789690601,141.40213303264338,0
pavement,100-129.jpg,uncracked,1,0.0138397216796875,1.38397216796875,122.88225099390857,4.613529771068274,12.649110640673518,134.0533471880131,2
pavement,077-66.jpg,uncracked,1,0.003936767578125,0.3936767578125,28.79898987322333,5.286174438616799,10.0,135.61340293584047,0
pavement,015-90.jpg,uncracked,1,0.00592041015625,0.592041015625,27.38477631085024,5.886458978871064,16.0,151.60739510919564,0
pavement,012-43.jpg,uncracked,1,0.011688232421875,1.1688232421875,83.42640687119285,5.543154696630153,12.0,162.44227095665315,0
pavement,017-157.jpg,uncracked,1,0.0032958984375,0.32958984375,29.213203435596427,4.476130561986718,8.94427190999916,123.55916771678714,0
pavement,016-22.jpg,uncracked,1,0.00994873046875,0.994873046875,73.62741699796952,9.128024099509588,28.844410203711913,26.098815190465785,4
pavement,057-234.jpg,uncracked,1,0.0012969970703125,0.12969970703125,14.242640687119286,3.3756379090579025,6.0,76.42633177116547,0
pavement,044-52.jpg,uncracked,1,0.0058746337890625,0.58746337890625,44.14213562373095,11.774166464017577,32.55764119219941,53.72012542481463,1
pavement,037-63.jpg,uncracked,1,0.004638671875,0.4638671875,35.97056274847714,5.049844940076362,11.661903789690601,97.07663549875497,0
pavement,080-213.jpg,uncracked,1,0.0114898681640625,1.14898681640625,253.4142135623731,3.9704991294209617,6.0,89.9488115612399,1
pavement,070-127.jpg,uncracked,1,0.000457763671875,0.0457763671875,3.8284271247461903,3.362408399590481,6.0,126.0905555427386,0
pavement,096-74.jpg,uncracked,1,0.024139404296875,2.4139404296875,212.7523086789974,4.764540210978241,12.0,40.575013509493544,4
pavement,017-191.jpg,uncracked,1,0.010711669921875,1.0711669921875,85.76955262170047,4.855099506246357,12.0,63.827535285408494,0
pavement,044-156.jpg,uncracked,1,0.000518798828125,0.0518798828125,7.242640687119286,2.582323231565392,4.0,115.44122279504768,0
pavement,025-36.jpg,uncracked,1,0.004547119140625,0.4547119140625,17.72792206135786,5.035915371042062,13.416407864998739,121.46892125391939,0
pavement,050-233.jpg,uncracked,1,0.0025634765625,0.25634765625,19.071067811865476,6.1356406354501045,15.231546211727817,20.761733232735764,0
pavement,060-26.jpg,uncracked,1,0.03271484375,3.271484375,144.61017305526642,9.15524462254963,28.635642126552707,96.53566754337939,7
pavement,100-89.jpg,uncracked,1,0.0059967041015625,0.59967041015625,50.45584412271571,6.0093164200358675,16.1245154965971,160.70021446030918,1
pavement,062-183.jpg,uncracked,1,0.0038909912109375,0.38909912109375,34.071067811865476,4.65510941542648,10.0,80.21392184767011,0
pavement,058-118.jpg,uncracked,1,0.001373291015625,0.1373291015625,18.82842712474619,5.0732227894472,10.770329614269007,0.0,0
pavement,092-8.jpg,uncracked,1,0.02581787109375,2.581787109375,202.0538238691624,6.456843646868355,18.867962264113206,150.4146130085174,4
pavement,026-111.jpg,uncracked,1,0.0506134033203125,5.06134033203125,272.1126983722081,7.494585264361636,16.0,0.9533111728197241,3
pavement,002-165.jpg,uncracked,1,0.000396728515625,0.0396728515625,3.414213562373095,2.665911865345568,4.0,72.39120351590364,0
pavement,102-186.jpg,uncracked,1,0.0009613037109375,0.09613037109375,7.656854249492381,3.5313122851976306,7.211102550927978,55.48987660136755,0
pavement,020-139.jpg,uncracked,1,0.008026123046875,0.8026123046875,65.76955262170048,4.763355095724501,10.0,73.75535271718637,0
pavement,094-48.jpg,uncracked,1,0.0023651123046875,0.23651123046875,20.72792206135786,4.195121825757962,8.94427190999916,30.571206062013772,0
pavement,015-138.jpg,uncracked,1,0.0008697509765625,0.08697509765625,20.071067811865476,2.615781630753844,4.47213595499958,15.3549338010437,0
pavement,096-123.jpg,uncracked,1,0.025909423828125,2.5909423828125,221.8528137423857,4.708726041264195,12.0,10.793546018781086,0
pavement,060-41.jpg,uncracked,1,0.0129852294921875,1.29852294921875,75.7401153701776,6.263405125664959,14.142135623730951,34.070534945717924,0
pavement,039-102.jpg,uncracked,1,0.035614013671875,3.5614013671875,160.02438661763952,9.933008892443233,25.059928172283335,23.636171214604644,6
pavement,042-200.jpg,uncracked,1,0.01251220703125,1.251220703125,71.15432893255071,6.53490348581382,18.439088914585774,62.19545204428689,0
pavement,103-206.jpg,uncracked,1,0.007232666015625,0.7232666015625,52.72792206135785,8.209549685077498,23.323807579381203,96.75609008190331,0
pavement,025-174.jpg,uncracked,1,0.001922607421875,0.1922607421875,10.65685424949238,6.156711922248365,14.142135623730951,0.0,0
pavement,037-208.jpg,uncracked,1,0.0220489501953125,2.20489501953125,152.8111831820431,5.474325594181761,15.231546211727817,61.688463911259774,0
pavement,043-50.jpg,uncracked,1,0.0185394287109375,1.85394287109375,139.9827560572969,5.490624659303332,14.142135623730951,47.88165403098977,3
pavement,035-112.jpg,uncracked,1,0.1181640625,11.81640625,694.2274887854692,7.9533124160466135,35.608987629529715,115.39001081834333,27
pavement,093-208.jpg,uncracked,1,0.01544189453125,1.544189453125,136.15432893255073,5.289270582041414,16.97056274847714,105.13691648087136,0
pavement,018-14.jpg,uncracked,1,0.014739990234375,1.4739990234375,121.94112549695429,5.545352126423431,16.1245154965971,160.70766764034258,0
pavement,031-186.jpg,uncracked,1,0.0038299560546875,0.38299560546875,29.899494936611667,7.198259417196904,16.492422502470642,94.47021903828244,0
pavement,056-51.jpg,uncracked,1,0.0106353759765625,1.06353759765625,72.66904755831214,10.782766879486323,33.28663395418648,91.8651431911993,5
pavement,005-30.jpg,uncracked,1,0.002655029296875,0.2655029296875,24.485281374238568,7.29808675818335,18.0,1.4480472861947078,0
pavement,094-158.jpg,uncracked,1,0.061553955078125,6.1553955078125,438.17871555019025,6.763908815408497,19.697715603592208,99.75455845764944,15
pavement,060-115.jpg,uncracked,1,0.0426788330078125,4.26788330078125,123.63961030678928,13.641219784447301,40.792156108742276,86.07020211909446,0
pavement,091-115.jpg,uncracked,1,0.0071563720703125,0.71563720703125,79.01219330881976,3.9134100480896814,8.0,153.32699730866528,0
pavement,080-84.jpg,uncracked,1,0.0004730224609375,0.04730224609375,4.82842712474619,2.717999368031739,4.47213595499958,152.8769436272184,0
pavement,064-128.jpg,uncracked,1,0.008087158203125,0.8087158203125,65.42640687119285,4.847202941609457,10.0,149.11550669838525,0
pavement,024-190.jpg,uncracked,1,0.0608978271484375,6.08978271484375,399.04877323527904,6.761230747133002,26.0,97.92098442833539,11
pavement,057-164.jpg,uncracked,1,0.000518798828125,0.0518798828125,5.82842712474619,2.776087370984585,4.47213595499958,112.33048783777427,0
pavement,092-133.jpg,uncracked,1,0.0268096923828125,2.68096923828125,157.78174593052023,6.676885402428144,19.79898987322333,84.52469889955982,1
pavement,090-46.jpg,uncracked,1,0.002777099609375,0.2777099609375,27.48528137423857,3.763208832177726,8.0,178.54242412265882,0
pavement,073-13.jpg,uncracked,1,0.012725830078125,1.2725830078125,73.59797974644667,6.3799222156104785,15.231546211727817,104.98907088154142,0
pavement,097-54.jpg,uncracked,1,0.0725555419921875,7.25555419921875,336.22034611053283,9.950595552184724,28.0,113.276849152215,14
pavement,024-188.jpg,uncracked,1,0.06591796875,6.591796875,440.50461735799473,6.5894913219410505,18.867962264113206,157.12240770203937,24
pavement,097-159.jpg,uncracked,1,0.0255126953125,2.55126953125,92.25483399593904,11.186866892913828,36.05551275463989,123.25835589720378,0
pavement,041-72.jpg,uncracked,1,0.0032196044921875,0.32196044921875,20.38477631085024,4.924557711345984,10.0,136.58957933132683,0
pavement,057-64.jpg,uncracked,1,0.0853271484375,8.53271484375,427.7888886054567,11.603978960261655,37.20215047547655,92.4835034145711,24
pavement,069-155.jpg,uncracked,1,0.00506591796875,0.506591796875,40.79898987322333,4.688569961688917,10.198039027185569,87.41363394495147,2
pavement,044-175.jpg,uncracked,1,0.14508056640625,14.508056640625,460.41630560342617,15.375352529205076,41.036569057366385,154.99554371398978,11
pavement,024-178.jpg,uncracked,1,0.0709075927734375,7.09075927734375,373.1614716074871,8.491447632500215,25.059928172283335,122.41111992812783,22
pavement,094-221.jpg,uncracked,1,0.0127105712890625,1.27105712890625,87.49747468305833,5.403305255137272,11.661903789690601,46.94812797222817,0
pavement,025-57.jpg,uncracked,1,0.0620269775390625,6.20269775390625,329.7228714274745,8.194455530649808,22.627416997969522,167.21196735940964,13
pavement,041-191.jpg,uncracked,1,0.0021514892578125,0.21514892578125,18.071067811865476,6.752585623805012,16.492422502470642,5.010784940858059,0
pavement,018-42.jpg,uncracked,1,0.0069122314453125,0.69122314453125,57.384776310850235,5.100838094725552,12.0,73.97815874830368,4
pavement,059-192.jpg,uncracked,1,0.0449066162109375,4.49066162109375,182.92388155425118,12.914478691343385,38.47076812334269,84.123936392875,6
pavement,029-125.jpg,uncracked,1,0.0104827880859375,1.04827880859375,104.76955262170048,4.756583013058209,11.661903789690601,167.9563101550285,3
pavement,041-189.jpg,uncracked,1,0.0024871826171875,0.24871826171875,19.899494936611667,4.286676393837167,10.0,111.90363167429982,0
pavement,017-131.jpg,uncracked,1,0.007781982421875,0.7781982421875,56.89949493661167,9.36297623272365,21.540659228538015,178.6245044436414,0
pavement,036-173.jpg,uncracked,1,0.0647430419921875,6.47430419921875,510.3036072312181,5.753349247326127,19.697715603592208,124.64423749604032,17
pavement,052-157.jpg,uncracked,1,0.032501220703125,3.2501220703125,157.25483399593907,12.336316137168515,36.87817782917155,99.2599939303051,8
pavement,036-216.jpg,uncracked,1,0.0340728759765625,3.40728759765625,252.37972567696687,5.8686408127938146,14.422205101855956,53.023442239020234,15
pavement,025-94.jpg,uncracked,1,0.02484130859375,2.484130859375,166.53910524340094,5.9699713123778615,16.97056274847714,162.08678770893712,5
pavement,035-55.jpg,uncracked,1,0.0211181640625,2.11181640625,187.85281374238573,5.13981724364756,16.1245154965971,66.53679733255447,0
pavement,039-93.jpg,uncracked,1,0.0806121826171875,8.06121826171875,411.43354954612926,8.972720080734593,28.844410203711913,156.97796847302888,12
pavement,043-94.jpg,uncracked,1,0.03253173828125,3.253173828125,237.3797256769669,5.673149864872115,18.0,132.3562126497281,0
pavement,038-131.jpg,uncracked,1,0.040496826171875,4.0496826171875,284.2081528017131,6.71604477719258,24.413111231467404,123.58225540091111,12
pavement,039-77.jpg,uncracked,1,0.1009674072265625,10.09674072265625,479.747258045114,16.262776202291953,64.89992295835181,165.2792044293497,15
pavement,093-218.jpg,uncracked,1,0.00457763671875,0.457763671875,38.798989873223334,8.094764767522433,22.0,17.508446486051128,3
pavement,016-46.jpg,uncracked,1,0.0522003173828125,5.22003173828125,306.22034611053283,7.816859912387305,26.68332812825267,155.48102454212628,8
pavement,017-166.jpg,uncracked,1,0.0128326416015625,1.28326416015625,102.59797974644667,5.786652044033395,15.620499351813308,173.843518522874,5
pavement,042-67.jpg,uncracked,1,0.0082244873046875,0.82244873046875,39.798989873223334,10.459129167558432,26.30589287593181,179.07699604882248,0
pavement,012-233.jpg,uncracked,1,0.0016021728515625,0.16021728515625,16.48528137423857,4.553147709857751,10.0,28.361428548498083,0
pavement,100-44.jpg,uncracked,1,0.029693603515625,2.9693603515625,251.6223663640862,5.059540065445095,14.0,119.93909137108407,8
pavement,100-187.jpg,uncracked,1,0.01336669921875,1.336669921875,102.22539674441619,5.238930477697128,14.142135623730951,175.399882578317,0
pavement,094-7.jpg,uncracked,1,0.0026092529296875,0.26092529296875,18.899494936611667,4.2324511108727405,8.94427190999916,61.12052584244511,0
pavement,013-193.jpg,uncracked,1,0.0008087158203125,0.08087158203125,4.82842712474619,3.4373557452174306,7.211102550927978,62.87694362721838,0
pavement,080-11.jpg,uncracked,1,0.0063934326171875,0.63934326171875,52.2842712474619,5.164161898113085,12.0,158.60536985204564,3
pavement,027-170.jpg,uncracked,1,0.00634765625,0.634765625,191.65685424949237,3.527921908103214,6.0,89.75280008068371,4
pavement,074-87.jpg,uncracked,1,0.0157318115234375,1.57318115234375,40.21320343559643,9.509399368645983,23.40939982143925,62.71882158998932,0
pavement,055-72.jpg,uncracked,1,0.00262451171875,0.262451171875,21.556349186104047,3.6691578745238633,7.211102550927978,159.17887058593263,0
pavement,062-232.jpg,uncracked,1,0.0036163330078125,0.36163330078125,18.242640687119287,5.3635351379148215,13.416407864998739,1.1360141872246459,0
pavement,001-36.jpg,uncracked,1,0.000518798828125,0.0518798828125,6.242640687119286,2.7865665230359555,5.656854249492381,151.1378221572888,0
pavement,058-97.jpg,uncracked,1,0.142974853515625,14.2974853515625,347.5512985522207,19.212999820177448,52.3450093132096,96.75323950345012,11
pavement,067-28.jpg,uncracked,1,0.034210205078125,3.4210205078125,159.46803743153546,7.618950842511441,22.80350850198276,152.7383447728379,0
pavement,087-224.jpg,uncracked,1,0.0130767822265625,1.30767822265625,104.46803743153548,4.879309253353967,12.165525060596439,153.80859058568169,0
pavement,096-31.jpg,uncracked,1,0.0206298828125,2.06298828125,132.3259018078045,7.122725560780344,22.360679774997898,166.89232831023313,4
pavement,080-221.jpg,uncracked,1,0.008331298828125,0.8331298828125,66.94112549695429,5.468184704482079,14.142135623730951,13.73207223929063,4
pavement,064-11.jpg,uncracked,1,0.00738525390625,0.738525390625,49.79898987322333,7.141501709553444,18.0,73.04167822178046,0
pavement,067-11.jpg,uncracked,1,0.0012054443359375,0.12054443359375,13.313708498984761,3.4504730244185575,7.211102550927978,35.49564643968074,0
pavement,097-57.jpg,uncracked,1,0.0092010498046875,0.92010498046875,47.62741699796952,10.10380748411383,27.202941017470888,82.1521739737663,0
pavement,037-110.jpg,uncracked,1,0.001556396484375,0.1556396484375,19.82842712474619,3.4102236738842313,6.0,5.468221486812155,0
pavement,044-41.jpg,uncracked,1,0.00799560546875,0.799560546875,65.04163056034261,5.217342163916364,14.0,103.96573406729972,0
pavement,008-7.jpg,uncracked,1,0.0115814208984375,1.15814208984375,62.698484809834994,6.893011878307858,17.88854381999832,21.735225882916808,1
pavement,103-189.jpg,uncracked,1,0.0089874267578125,0.89874267578125,37.55634918610404,6.859559358875246,15.231546211727817,93.06602625079157,0
pavement,043-120.jpg,uncracked,1,0.00445556640625,0.445556640625,26.14213562373095,5.201770132891842,12.649110640673518,114.1947195991728,0
pavement,066-74.jpg,uncracked,1,0.0068511962890625,0.68511962890625,57.384776310850235,4.754785205887976,10.198039027185569,6.284342770182576,1
pavement,093-207.jpg,uncracked,1,0.00775146484375,0.775146484375,74.87005768508881,4.486258498830948,12.0,50.69879337141179,0
pavement,032-51.jpg,uncracked,1,0.029571533203125,2.9571533203125,159.61017305526642,7.9057880889778716,23.323807579381203,29.728645023929573,4
pavement,012-13.jpg,uncracked,1,0.002044677734375,0.2044677734375,16.48528137423857,4.476089657921506,8.94427190999916,153.46424612624847,0
pavement,042-13.jpg,uncracked,1,0.085357666015625,8.5357666015625,307.16652224137044,11.180618603070046,29.120439557122072,168.6282323920133,9
pavement,058-139.jpg,uncracked,1,0.0145111083984375,1.45111083984375,48.384776310850235,9.273028068622635,22.80350850198276,112.36094865810072,0
pavement,036-102.jpg,uncracked,1,0.0947723388671875,9.47723388671875,619.7838379715733,6.423345181543421,17.204650534085253,176.22054934718687,13
pavement,063-16.jpg,uncracked,1,0.228363037109375,22.8363037109375,642.9381669041239,23.416528544974437,57.201398584300364,60.18018282915761,30
pavement,015-23.jpg,uncracked,1,0.0535430908203125,5.35430908203125,300.0071426749364,10.154676783963,33.1058907144937,13.01764089203877,22
pavement,043-157.jpg,uncracked,1,0.0121002197265625,1.21002197265625,95.76955262170047,4.822083314976161,11.313708498984761,164.5505368320761,3
pavement,035-46.jpg,uncracked,1,0.0569915771484375,5.69915771484375,387.889393668845,6.3519717663733415,20.396078054371138,120.98316372616372,20
pavement,063-158.jpg,uncracked,1,0.1412811279296875,14.12811279296875,669.4701294725885,11.780828059024012,44.94441010848846,65.620808381024,33
pavement,067-193.jpg,uncracked,1,0.00164794921875,0.164794921875,11.071067811865476,4.10265142748228,8.246211251235321,28.544709397569335,0
pavement,056-142.jpg,uncracked,1,0.004180908203125,0.4180908203125,36.21320343559643,4.545576328203419,10.770329614269007,57.65443900358484,0
pavement,018-19.jpg,uncracked,1,0.020721435546875,2.0721435546875,138.05382386916236,6.910675764834352,22.360679774997898,151.97066942934129,3
pavement,096-64.jpg,uncracked,1,0.0072784423828125,0.72784423828125,54.798989873223334,4.866211060621987,10.0,171.88498130965843,0
pavement,103-4.jpg,uncracked,1,0.0007476806640625,0.07476806640625,3.0,3.199736462167158,6.0,90.0,0
pavement,024-91.jpg,uncracked,1,0.0860748291015625,8.60748291015625,534.445742854949,7.117501469040602,25.45584412271571,125.66982836525918,9
pavement,043-150.jpg,uncracked,1,0.01971435546875,1.971435546875,132.36753236814712,5.563408952596581,13.416407864998739,25.412648409320923,0
pavement,066-200.jpg,uncracked,1,0.0035858154296875,0.35858154296875,37.04163056034262,3.814209201111923,7.211102550927978,152.31375092835364,0
pavement,019-49.jpg,uncracked,1,0.0008087158203125,0.08087158203125,6.242640687119286,3.3036424818180494,6.324555320336759,121.53616107447976,0
pavement,037-90.jpg,uncracked,1,0.0241851806640625,2.41851806640625,159.88225099390857,5.658085430243664,16.0,14.36428010986441,1
pavement,013-26.jpg,uncracked,1,0.00030517578125,0.030517578125,3.8284271247461903,2.465685424949238,4.0,121.717474411461,0
pavement,099-225.jpg,uncracked,1,0.054229736328125,5.4229736328125,261.2670273047588,15.392815972026725,50.0,175.08583194275613,7
pavement,076-190.jpg,uncracked,1,0.009857177734375,0.9857177734375,256.4852813742386,3.7464857358353987,6.0,90.17051192671443,6
pavement,011-101.jpg,uncracked,1,0.00030517578125,0.030517578125,4.414213562373095,2.465685424949238,4.0,78.25071716202396,0
pavement,054-203.jpg,uncracked,1,0.0046844482421875,0.46844482421875,47.14213562373095,4.068055546421686,8.0,170.248754701717,0
pavement,061-11.jpg,uncracked,1,0.0257415771484375,2.57415771484375,190.82337649086287,6.677535596956986,22.360679774997898,119.86402867681241,8
pavement,039-36.jpg,uncracked,1,0.003021240234375,0.3021240234375,27.970562748477143,3.785376469562955,8.246211251235321,101.92244507312041,0
pavement,042-28.jpg,uncracked,1,0.11712646484375,11.712646484375,412.3919189857866,12.26091406834983,35.4400902933387,162.3165341234064,21
pavement,065-41.jpg,uncracked,1,0.0052032470703125,0.52032470703125,255.8284271247462,2.633937874098124,6.0,89.985082391334,2
pavement,067-37.jpg,uncracked,1,0.0008392333984375,0.08392333984375,4.82842712474619,3.415465610226471,7.211102550927978,152.8769436272184,0
pavement,055-195.jpg,uncracked,1,0.0111083984375,1.11083984375,70.11269837220809,7.391280251326492,20.591260281974,135.09206834090205,0
pavement,100-107.jpg,uncracked,1,0.002197265625,0.2197265625,23.970562748477143,3.5724039349517915,7.211102550927978,139.7248568177163,0
pavement,023-150.jpg,uncracked,1,0.0087432861328125,0.87432861328125,23.72792206135786,7.404850464913959,18.439088914585774,49.872798931359206,0
pavement,035-24.jpg,uncracked,1,0.003021240234375,0.3021240234375,18.556349186104047,4.8203189197520855,10.0,37.542624130229825,0
pavement,025-60.jpg,uncracked,1,0.0625762939453125,6.25762939453125,333.99494936611666,9.17036868485688,33.52610922848042,79.98786459562582,1
pavement,037-31.jpg,uncracked,1,0.00177001953125,0.177001953125,13.656854249492381,4.017007231159162,8.0,11.208351187638073,0
pavement,038-164.jpg,uncracked,1,0.0084686279296875,0.84686279296875,50.38477631085024,6.541269194043705,15.620499351813308,168.610282131472,0
pavement,040-142.jpg,uncracked,1,0.0058746337890625,0.58746337890625,56.45584412271572,4.671260976390553,11.313708498984761,158.43382107787178,0
pavement,035-153.jpg,uncracked,1,0.1306610107421875,13.06610107421875,712.8082245892128,8.948224365218321,36.87817782917155,56.53811888407209,26
pavement,077-129.jpg,uncracked,1,0.016448974609375,1.6448974609375,125.95331880577405,5.6062009316699974,12.806248474865697,137.36703799594582,0
pavement,040-62.jpg,uncracked,1,0.0030975341796875,0.30975341796875,33.72792206135786,3.7620896422199634,8.0,80.09124980338547,0
pavement,070-153.jpg,uncracked,1,0.01678466796875,1.678466796875,42.87005768508881,10.666091971494563,28.0,28.158959946452626,0
pavement,017-127.jpg,uncracked,1,0.0107269287109375,1.07269287109375,77.5269119345812,6.264531198781622,14.142135623730951,153.11365852074476,4
pavement,098-111.jpg,uncracked,1,0.0029296875,0.29296875,32.071067811865476,3.7558108261351513,8.0,1.6711027908075096,0
pavement,011-201.jpg,uncracked,1,0.02130126953125,2.130126953125,110.42640687119285,7.055333786228279,18.867962264113206,69.19149860092432,0
pavement,050-210.jpg,uncracked,1,0.000885009765625,0.0885009765625,14.242640687119286,2.9177335027148454,6.0,176.32091916374233,0
pavement,047-184.jpg,uncracked,1,0.001739501953125,0.1739501953125,15.242640687119286,3.952231596402994,8.246211251235321,168.38508714173022,0
pavement,056-101.jpg,uncracked,1,0.002593994140625,0.2593994140625,21.899494936611664,4.628625692283385,10.198039027185569,111.65955819857852,0
pavement,016-59.jpg,uncracked,1,0.0142364501953125,1.42364501953125,83.84062043356596,8.263905430051164,22.0,18.993114938917756,4
pavement,037-99.jpg,uncracked,1,0.0239715576171875,2.39715576171875,155.95331880577405,6.099865981979193,16.1245154965971,42.9632286731252,0
pavement,054-9.jpg,uncracked,1,0.006805419921875,0.6805419921875,48.76955262170047,5.043842267250162,10.0,43.008278685520565,0
pavement,078-145.jpg,uncracked,1,0.0029296875,0.29296875,27.14213562373095,3.6112190695788455,7.211102550927978,166.86736389919048,0
pavement,096-39.jpg,uncracked,1,0.0274658203125,2.74658203125,156.3259018078045,8.526932110602267,25.612496949731394,13.006882094717326,4
pavement,025-187.jpg,uncracked,1,0.0044708251953125,0.44708251953125,34.38477631085024,5.255748083893436,12.165525060596439,123.30872753003348,0
pavement,092-87.jpg,uncracked,1,0.065338134765625,6.5338134765625,355.8061325481598,8.998154757119103,28.0,125.43312952557555,10
pavement,077-36.jpg,uncracked,1,0.0098724365234375,0.98724365234375,92.59797974644667,4.4362905973142,10.0,160.92961104195408,0
pavement,055-105.jpg,uncracked,1,0.0024871826171875,0.24871826171875,17.48528137423857,5.841008443818724,14.0,139.00816226754634,0
pavement,103-202.jpg,uncracked,1,0.0206756591796875,2.06756591796875,126.5685424949238,7.858527843166637,22.090722034374522,82.25397679230356,7
pavement,093-30.jpg,uncracked,1,0.0099945068359375,0.99945068359375,60.698484809834994,7.824725283378581,25.298221281347036,72.31867723587978,1
pavement,100-5.jpg,uncracked,1,0.0094451904296875,0.94451904296875,74.25483399593905,4.786082399813603,11.313708498984761,0.7570082228580759,0
pavement,081-133.jpg,uncracked,1,0.0368804931640625,3.68804931640625,170.92388155425118,11.202636227052519,27.202941017470888,62.35190875456926,9
pavement,060-216.jpg,uncracked,1,0.0023956298828125,0.23956298828125,17.556349186104047,4.2895910137850475,8.94427190999916,51.181246207857164,0
pavement,080-32.jpg,uncracked,1,0.101715087890625,10.1715087890625,291.7594513539338,13.526924266462428,30.0,47.691344510056794,0
pavement,058-130.jpg,uncracked,1,0.0101318359375,1.01318359375,62.49747468305833,5.732363280677892,11.661903789690601,37.392406085050794,0
pavement,076-172.jpg,uncracked,1,0.01043701171875,1.043701171875,256.31370849898474,3.8160009064446543,6.0,89.95774749135042,8
pavement,017-203.jpg,uncracked,1,0.00946044921875,0.946044921875,76.59797974644667,6.165372510596332,20.0,179.47904981198602,0
pavement,038-173.jpg,uncracked,1,0.035675048828125,3.5675048828125,211.33809511662426,6.3332225279115155,18.973665961010276,177.3194894404363,3
pavement,039-130.jpg,uncracked,1,0.019439697265625,1.9439697265625,130.2670273047588,5.600341343857852,12.649110640673518,93.14259740545738,6
pavement,092-188.jpg,uncracked,1,0.002960205078125,0.2960205078125,26.38477631085024,3.791842793644864,8.48528137423857,147.41559392214862,0
pavement,037-66.jpg,uncracked,1,0.0400543212890625,4.00543212890625,313.66399692442883,5.715368446981387,16.492422502470642,55.53429989586297,6
pavement,034-117.jpg,uncracked,1,0.0013427734375,0.13427734375,21.071067811865476,2.944661731780663,5.656854249492381,167.61011627689112,0
pavement,096-68.jpg,uncracked,1,0.0220184326171875,2.20184326171875,156.50966799187808,5.392763043984513,13.416407864998739,81.75553517344807,4
pavement,055-33.jpg,uncracked,1,0.0038299560546875,0.38299560546875,36.97056274847714,4.146252545731971,8.246211251235321,108.74321080712957,0
pavement,044-155.jpg,uncracked,1,0.0040740966796875,0.40740966796875,33.48528137423857,6.063119952510913,14.560219778561036,125.47164467920322,0
pavement,015-98.jpg,uncracked,1,0.0496826171875,4.96826171875,301.5512985522207,9.77430535794272,30.463092423455635,61.872027389586876,11
pavement,024-129.jpg,uncracked,1,0.0312042236328125,3.12042236328125,134.9827560572969,12.328889585795105,38.0,32.478227437114896,8
pavement,016-202.jpg,uncracked,1,0.0617828369140625,6.17828369140625,345.4335495461293,8.39896975067139,26.0,64.31627847829321,11
pavement,037-116.jpg,uncracked,1,0.031768798828125,3.1768798828125,241.16652224137047,5.886822618742565,18.439088914585774,119.7204561109836,0
pavement,074-107.jpg,uncracked,1,0.009979248046875,0.9979248046875,35.72792206135786,8.979491393874927,22.0,80.08759965029374,0
pavement,037-26.jpg,uncracked,1,0.0257720947265625,2.57720947265625,178.8528137423857,5.184360125199628,12.649110640673518,0.31050567311888244,1
pavement,102-76.jpg,uncracked,1,0.014923095703125,1.4923095703125,83.01219330881975,7.310449528909819,19.697715603592208,158.18917971921815,0
pavement,011-120.jpg,uncracked,1,0.0019683837890625,0.19683837890625,26.071067811865476,3.2731173191085268,7.211102550927978,111.12556483669616,0
pavement,008-150.jpg,uncracked,1,0.008941650390625,0.8941650390625,49.14213562373095,6.108277707336793,16.0,159.4995902639554,0
pavement,089-107.jpg,uncracked,1,0.0024261474609375,0.24261474609375,22.656854249492383,6.353373761466891,14.560219778561036,3.616739798749336,0
pavement,091-22.jpg,uncracked,1,0.0134124755859375,1.34124755859375,128.71067811865476,5.676867369816383,17.08800749063506,110.75255330476892,4
pavement,008-1.jpg,uncracked,1,0.0055999755859375,0.55999755859375,58.14213562373095,4.074216384219694,8.0,173.36440568730404,0
pavement,045-210.jpg,uncracked,1,0.0710601806640625,7.10601806640625,530.2447327281724,5.811784868641065,20.0,58.25296280914191,0
pavement,057-107.jpg,uncracked,1,0.0042877197265625,0.42877197265625,46.55634918610404,4.428329143031572,12.0,165.19100172013458,0
pavement,080-62.jpg,uncracked,1,0.0656280517578125,6.56280517578125,373.1614716074871,8.301242906097078,28.844410203711913,144.5414797673146,24
pavement,085-68.jpg,uncracked,1,0.006500244140625,0.6500244140625,59.38477631085024,4.706315846811458,10.0,84.01604657034702,0
pavement,046-25.jpg,uncracked,1,0.012481689453125,1.2481689453125,58.87005768508881,13.373438958241367,32.0624390837628,122.55244290596262,0
pavement,005-59.jpg,uncracked,1,0.001739501953125,0.1739501953125,12.071067811865476,5.103916105061399,11.661903789690601,25.965678399157895,0
pavement,025-134.jpg,uncracked,1,0.00042724609375,0.042724609375,6.242640687119286,2.740830777972232,5.656854249492381,118.86217784271119,0
pavement,011-183.jpg,uncracked,1,0.0112762451171875,1.12762451171875,98.71067811865476,5.322288782269398,13.416407864998739,127.23296193587488,3
pavement,019-107.jpg,uncracked,1,0.012237548828125,1.2237548828125,64.62741699796952,7.000449816821677,15.231546211727817,79.25894249797366,0
pavement,042-44.jpg,uncracked,1,0.011871337890625,1.1871337890625,93.62741699796952,7.820883940588138,20.591260281974,65.24285230372305,0
pavement,043-96.jpg,uncracked,1,0.0015716552734375,0.15716552734375,19.656854249492383,5.519818724729657,12.0,178.67609235250885,0
pavement,037-15.jpg,uncracked,1,0.019500732421875,1.9500732421875,136.36753236814712,5.487094979008078,14.0,150.75365938272498,0
pavement,100-88.jpg,uncracked,1,0.0105438232421875,1.05438232421875,98.18376618407356,4.657470720348492,11.661903789690601,174.48628864447997,3
pavement,011-15.jpg,uncracked,1,0.008636474609375,0.8636474609375,74.2842712474619,5.580187523815394,15.231546211727817,92.59625049866746,3
pavement,096-76.jpg,uncracked,1,0.00811767578125,0.811767578125,71.18376618407358,4.550906312018041,10.0,54.63662589641497,0
pavement,035-151.jpg,uncracked,1,0.039459228515625,3.9459228515625,280.79393923934003,6.069773355805104,18.973665961010276,56.84180319398566,8
pavement,069-207.jpg,uncracked,1,0.008758544921875,0.8758544921875,70.11269837220809,4.714627976011527,10.0,172.32991591822358,0
pavement,067-227.jpg,uncracked,1,0.0124053955078125,1.24053955078125,64.35533905932738,7.705649436044902,18.0,0.8280968473910377,1
pavement,098-57.jpg,uncracked,1,0.0033111572265625,0.33111572265625,35.31370849898476,3.9233976970134434,8.0,13.249460285754054,0
pavement,024-157.jpg,uncracked,1,0.1335601806640625,13.35601806640625,863.7077195258245,8.288447663243161,32.802438933713454,33.449039347016196,53
pavement,036-212.jpg,uncracked,1,0.051666259765625,5.1666259765625,358.97770542341357,6.036896478456417,18.0,50.06044137960556,0
pavement,053-19.jpg,uncracked,1,0.0302886962890625,3.02886962890625,133.91168824543144,9.488425831722255,24.08318915758459,0.25555431173322063,3
pavement,054-128.jpg,uncracked,1,0.001190185546875,0.1190185546875,10.828427124746192,3.5508212991264703,6.324555320336759,2.6362147334813244,0
pavement,050-86.jpg,uncracked,1,0.0064239501953125,0.64239501953125,50.698484809834994,4.942068946135465,10.770329614269007,141.34072065621731,0
pavement,018-49.jpg,uncracked,1,0.015960693359375,1.5960693359375,112.49747468305833,5.166861408848709,12.0,106.36999670903482,4
pavement,067-68.jpg,uncracked,1,0.0111541748046875,1.11541748046875,65.5269119345812,6.464778327365745,14.422205101855956,32.72275104097193,4
pavement,039-193.jpg,uncracked,1,0.0030517578125,0.30517578125,32.242640687119284,6.346643722770629,14.0,92.24207175723039,0
pavement,094-73.jpg,uncracked,1,0.0020904541015625,0.20904541015625,15.65685424949238,3.8404598065108906,8.246211251235321,163.70545634526752,1
pavement,018-161.jpg,uncracked,1,0.014312744140625,1.4312744140625,115.1126983722081,5.049519815295844,10.198039027185569,89.34412193955431,0
pavement,015-14.jpg,uncracked,1,0.0161590576171875,1.61590576171875,86.25483399593904,6.892652897609643,18.973665961010276,179.76941978271424,0
pavement,034-29.jpg,uncracked,1,0.00201416015625,0.201416015625,23.727922061357855,5.86319238188666,12.649110640673518,103.47549682013666,3
pavement,037-219.jpg,uncracked,1,0.02398681640625,2.398681640625,189.40916292848976,5.66330010985691,15.231546211727817,177.49647573150725,7
pavement,080-160.jpg,uncracked,1,0.004364013671875,0.4364013671875,246.65685424949237,2.328075766842492,6.0,90.00646602114563,4
pavement,013-100.jpg,uncracked,1,0.00177001953125,0.177001953125,16.65685424949238,3.1624487666241206,6.0,78.04498501127551,0
pavement,064-206.jpg,uncracked,1,0.012908935546875,1.2908935546875,74.25483399593904,7.670314633142488,20.0,29.335784970222022,4
pavement,054-205.jpg,uncracked,1,0.008148193359375,0.8148193359375,58.59797974644666,5.693546673883777,14.0,141.4921408289027,0
pavement,002-116.jpg,uncracked,1,0.000335693359375,0.0335693359375,2.414213562373095,2.958473069715005,5.656854249492381,151.8450337629899,0
pavement,101-105.jpg,uncracked,1,0.034271240234375,3.4271240234375,201.26702730475878,6.968515756902785,18.439088914585774,166.48940023664255,0
pavement,025-84.jpg,uncracked,1,0.0356903076171875,3.56903076171875,171.88225099390857,7.366561259077269,24.166091947189145,130.95978006433123,0
pavement,036-186.jpg,uncracked,1,0.05584716796875,5.584716796875,318.69343417595167,7.265436461250486,26.90724809414742,113.43471113786725,3
pavement,018-29.jpg,uncracked,1,0.0024566650390625,0.24566650390625,29.656854249492383,5.554115477828657,14.142135623730951,0.8506192542275244,0
pavement,046-169.jpg,uncracked,1,0.0384674072265625,3.84674072265625,141.8528137423857,11.546945055305638,28.635642126552707,32.811578263331086,6
pavement,078-223.jpg,uncracked,1,0.0201873779296875,2.01873779296875,132.06601717798213,5.605370128827282,12.806248474865697,22.359743645560542,0
pavement,022-226.jpg,uncracked,1,0.00146484375,0.146484375,16.48528137423857,4.116562993287147,8.0,120.07514560230261,0
pavement,025-40.jpg,uncracked,1,0.007110595703125,0.7110595703125,50.45584412271571,6.959800629236693,18.439088914585774,65.02172730166153,0
pavement,071-80.jpg,uncracked,1,0.0055694580078125,0.55694580078125,43.38477631085024,4.711034886474395,8.94427190999916,165.37930355811847,0
pavement,019-206.jpg,uncracked,1,0.015533447265625,1.5533447265625,122.91168824543142,5.200683830524387,13.416407864998739,71.55136967820201,0
pavement,031-65.jpg,uncracked,1,0.00042724609375,0.042724609375,7.0,3.463234383874184,6.0,0.0,0
pavement,056-216.jpg,uncracked,1,0.0022125244140625,0.22125244140625,14.65685424949238,5.847645160137155,14.560219778561036,75.25462363641591,0
pavement,032-210.jpg,uncracked,1,0.0088043212890625,0.88043212890625,50.45584412271572,8.767277378550467,20.09975124224178,34.0570787936627,5
pavement,058-145.jpg,uncracked,1,0.020751953125,2.0751953125,69.94112549695429,10.151630942713709,27.202941017470888,108.83949914313308,0
pavement,055-119.jpg,uncracked,1,0.08233642578125,8.233642578125,338.26197667087547,13.275906713652146,37.73592452822641,98.38306923436991,14
pavement,025-114.jpg,uncracked,1,0.06988525390625,6.988525390625,386.36248173426384,7.696285516072563,24.0,54.34549523710806,3
pavement,020-197.jpg,uncracked,1,0.0994720458984375,9.94720458984375,315.3086578651014,12.913297072100098,30.0,79.56354875387717,7
pavement,095-60.jpg,uncracked,1,0.030731201171875,3.0731201171875,258.89444430272835,5.555425108625625,17.88854381999832,179.15702006145392,4
pavement,035-94.jpg,uncracked,1,0.0660400390625,6.60400390625,383.5340546095176,6.375291688774892,20.0,19.072974067680576,0
pavement,101-200.jpg,uncracked,1,0.008270263671875,0.8270263671875,67.18376618407356,5.604806775144424,16.97056274847714,140.7032687873286,4
pavement,096-61.jpg,uncracked,1,0.05340576171875,5.340576171875,272.8944443027283,9.335017436974416,36.87817782917155,150.05708882228987,4
pavement,043-132.jpg,uncracked,1,0.0279541015625,2.79541015625,174.23759005323592,6.501897661994159,19.697715603592208,22.50166593098146,1
pavement,013-14.jpg,uncracked,1,0.0069732666015625,0.69732666015625,61.45584412271571,4.5097190707724835,10.0,14.720560813311238,0
pavement,013-93.jpg,uncracked,1,0.0040435791015625,0.40435791015625,45.14213562373095,3.677664705618989,8.0,103.52989550635661,0
pavement,042-95.jpg,uncracked,1,0.0074005126953125,0.74005126953125,52.97056274847714,5.338283214896126,13.416407864998739,82.99188421208085,0
pavement,091-130.jpg,uncracked,1,0.00396728515625,0.396728515625,31.455844122715714,4.238898476623554,8.48528137423857,159.4518556437553,0
pavement,025-95.jpg,uncracked,1,0.0185546875,1.85546875,174.29646455628165,4.813765141356319,14.560219778561036,24.949831900268578,7
pavement,101-141.jpg,uncracked,1,0.0995941162109375,9.95941162109375,689.8254685319159,6.82924983791202,30.0,165.18968635098005,22
pavement,012-120.jpg,uncracked,1,0.007537841796875,0.7537841796875,52.31370849898476,5.648290167338738,14.0,174.88456373031423,0
pavement,080-108.jpg,uncracked,1,0.007904052734375,0.7904052734375,208.2426406871193,3.7323504505057006,6.0,89.85696173193462,3
wall,7102-211.jpg,cracked,1,0.008270263671875,0.8270263671875,94.49747468305833,4.999476626519796,10.0,56.69826783591859,5
wall,7092-51.jpg,cracked,1,0.0030364990234375,0.30364990234375,198.0,2.0,2.0,90.0,0
wall,7115-26.jpg,cracked,1,0.0240631103515625,2.40631103515625,222.6223663640862,4.6196458546401376,10.0,89.32524588807982,3
wall,7097-61.jpg,cracked,1,0.02825927734375,2.825927734375,429.9655121145938,4.387234068361215,10.0,61.54324374417509,0
wall,7135-100.jpg,cracked,1,0.016845703125,1.6845703125,169.4386001800126,5.053840774419024,14.142135623730951,137.98518562590087,5
wall,7112-151.jpg,cracked,1,0.005767822265625,0.5767822265625,56.2842712474619,4.222274950792762,8.94427190999916,17.808062385626812,0
wall,7126-10.jpg,cracked,1,0.019500732421875,1.9500732421875,173.40916292848976,4.693103469991673,10.0,121.0017174032006,0
wall,7113-64.jpg,cracked,1,0.00732421875,0.732421875,58.84062043356595,4.660803110000261,8.94427190999916,143.74793470666225,0
wall,7088-81.jpg,cracked,1,0.028961181640625,2.8961181640625,314.1370849898476,4.725530845101849,12.165525060596439,88.98024732845822,8
wall,7084-249.jpg,cracked,1,0.000518798828125,0.0518798828125,33.0,2.0,2.0,90.0,0
wall,7078-220.jpg,cracked,1,0.0053558349609375,0.53558349609375,210.07106781186548,2.9004142357527027,8.0,138.937697184563,0
wall,7093-106.jpg,cracked,1,0.0085906982421875,0.85906982421875,84.59797974644667,4.422529566117891,8.94427190999916,160.32715758151014,0
wall,7110-5.jpg,cracked,1,0.043914794921875,4.3914794921875,295.33304448274095,6.1348835165042,18.0,31.56609514906637,1
wall,7087-233.jpg,cracked,1,0.0014801025390625,0.14801025390625,96.0,2.0,2.0,90.0,0
wall,7110-156.jpg,cracked,1,0.01171875,1.171875,94.5685424949238,5.3516721809562355,11.661903789690601,62.03118314916862,1
wall,7091-109.jpg,cracked,1,0.0030364990234375,0.30364990234375,195.0,2.0,2.0,90.0,0
wall,7135-99.jpg,cracked,1,0.048004150390625,4.8004150390625,505.9898987322333,5.278706214520851,13.416407864998739,143.7971289773234,4
wall,7090-113.jpg,cracked,1,0.027496337890625,2.7496337890625,250.9066376115481,4.575596785125948,10.770329614269007,133.13167271756188,0
wall,7136-186.jpg,cracked,1,0.022369384765625,2.2369384765625,215.7228714274745,5.408270546354869,16.0,29.346573803245064,0
wall,7087-190.jpg,cracked,1,0.035308837890625,3.5308837890625,312.0243866176395,5.11852179066044,14.142135623730951,87.10846303417917,7
wall,7128-80.jpg,cracked,1,0.037261962890625,3.7261962890625,312.9655121145938,5.098626400263224,13.416407864998739,103.62817833360351,4
wall,7077-23.jpg,cracked,1,0.026580810546875,2.6580810546875,215.93607486307093,4.916302726004469,11.661903789690601,12.849831749845862,0
wall,7129-224.jpg,cracked,1,0.0352783203125,3.52783203125,288.97770542341357,5.5271433474946745,14.422205101855956,137.03709827066788,10
wall,7096-141.jpg,cracked,1,0.00396728515625,0.396728515625,255.0,2.021757131728817,4.0,90.0,0
wall,7077-150.jpg,cracked,1,0.0138702392578125,1.38702392578125,105.63961030678928,5.0504202497224435,10.0,150.66935723739908,0
wall,7133-117.jpg,cracked,1,0.04144287109375,4.144287109375,347.76450198781714,5.308963240166087,14.0,97.08327279793261,11
wall,7118-153.jpg,cracked,1,0.0093994140625,0.93994140625,145.25483399593904,5.190610985710792,12.806248474865697,89.49115731294407,14
wall,7118-161.jpg,cracked,1,0.0081939697265625,0.81939697265625,143.69848480983498,3.9992962258247466,8.246211251235321,21.50473298959386,0
wall,7118-252.jpg,cracked,1,0.00390625,0.390625,255.0,2.0,2.0,90.0,0
wall,7133-25.jpg,cracked,1,0.0344390869140625,3.44390869140625,321.5807358037436,4.665682378351736,14.0,176.5360891279071,0
wall,7090-139.jpg,cracked,1,0.0057830810546875,0.57830810546875,56.35533905932738,4.192073138404817,8.48528137423857,60.39836816452675,0
wall,7087-223.jpg,cracked,1,0.0105133056640625,1.05133056640625,169.91168824543144,4.246299795308042,8.94427190999916,145.66231817673437,0
wall,7092-219.jpg,cracked,1,0.003448486328125,0.3448486328125,225.0,2.0,2.0,90.0,0
wall,7097-205.jpg,cracked,1,0.037261962890625,3.7261962890625,529.0660171779822,4.5857209104778835,11.313708498984761,86.42803740559371,0
wall,7090-77.jpg,cracked,1,0.00640869140625,0.640869140625,56.49747468305833,4.5510172132687625,10.0,134.74204873971323,0
wall,7113-106.jpg,cracked,1,0.0072479248046875,0.72479248046875,34.55634918610404,7.5739189764262065,18.973665961010276,35.40073712228599,3
wall,7076-64.jpg,cracked,1,0.002288818359375,0.2288818359375,21.72792206135786,3.967208138211686,8.48528137423857,117.44776949890232,0
wall,7119-140.jpg,cracked,1,0.050567626953125,5.0567626953125,407.41630560342617,5.459885683202551,18.439088914585774,147.3403268890658,4
wall,7136-152.jpg,cracked,1,0.0314483642578125,3.14483642578125,231.79393923934,5.511264817625928,11.661903789690601,136.90257158068536,0
wall,7089-55.jpg,cracked,1,0.0005645751953125,0.05645751953125,36.0,2.0,2.0,90.0,0
wall,7113-68.jpg,cracked,1,0.00726318359375,0.726318359375,72.5685424949238,4.233124141532559,8.48528137423857,131.3554193638745,0
wall,7083-53.jpg,cracked,1,0.01129150390625,1.129150390625,91.22539674441619,4.911224951981911,10.0,147.54987254650646,0
wall,7075-153.jpg,cracked,1,0.034881591796875,3.4881591796875,298.7056274847714,5.004984666459729,14.0,143.74979610376639,0
wall,7071-96.jpg,cracked,1,0.0135040283203125,1.35040283203125,143.74011537017762,4.082946518627915,8.48528137423857,97.99182603633629,0
wall,7087-212.jpg,cracked,1,0.002838134765625,0.2838134765625,185.0,2.0,2.0,90.0,0
wall,7102-252.jpg,cracked,1,0.00396728515625,0.396728515625,222.2426406871193,2.145944285008483,5.656854249492381,86.5583564209464,0
wall,7116-248.jpg,cracked,1,0.0340423583984375,3.40423583984375,281.492424049175,5.046404524365514,14.142135623730951,121.23755300432627,3
wall,7093-91.jpg,cracked,1,0.0294189453125,2.94189453125,273.79393923934,4.500495970882925,10.0,109.92225896642967,0
wall,7083-43.jpg,cracked,1,0.0099639892578125,0.99639892578125,69.35533905932738,5.70459967815276,14.142135623730951,123.12494197710403,0
wall,7085-41.jpg,cracked,1,0.003326416015625,0.3326416015625,28.38477631085024,4.173518759354415,8.48528137423857,30.648280486763014,0
wall,7076-187.jpg,cracked,1,0.03619384765625,3.619384765625,321.0609665440988,4.834132352307713,10.0,125.12826088641256,3
wall,7113-67.jpg,cracked,1,0.0033721923828125,0.33721923828125,21.899494936611664,8.06353731856663,20.591260281974,173.4133092396623,0
wall,7125-172.jpg,cracked,1,0.035736083984375,3.5736083984375,280.82337649086287,5.187872261422809,12.649110640673518,78.97741176023557,0
wall,7133-224.jpg,cracked,1,0.0059814453125,0.59814453125,62.18376618407357,3.934142278483571,8.94427190999916,130.7728782709599,0
wall,7102-41.jpg,cracked,1,0.02081298828125,2.081298828125,178.50966799187808,4.982375038667858,11.313708498984761,71.4054086343849,0
wall,7092-9.jpg,cracked,1,0.0323333740234375,3.23333740234375,266.7401153701776,5.2671137543013575,18.0,86.62275730232666,0
wall,7077-152.jpg,cracked,1,0.0116729736328125,1.16729736328125,111.32590180780451,4.216762779103058,8.94427190999916,105.92319619205557,0
wall,7072-135.jpg,cracked,1,0.03857421875,3.857421875,292.70562748477147,5.512065814418298,16.0,31.417482412479302,2
wall,7127-149.jpg,cracked,1,0.0538787841796875,5.38787841796875,428.5584412271571,5.194911636263824,14.0,135.41711498697833,3
wall,7140-200.jpg,cracked,1,0.0377349853515625,3.77349853515625,528.2914139223983,4.775186078063273,11.313708498984761,147.71409253978192,3
wall,7110-61.jpg,cracked,1,0.014007568359375,1.4007568359375,105.98275605729691,5.500997716135923,12.0,56.62689010411902,0
wall,7119-208.jpg,cracked,1,0.028228759765625,2.8228759765625,187.82337649086287,6.103728428892104,18.0,135.2850580744286,0
wall,7139-16.jpg,cracked,1,0.02435302734375,2.435302734375,210.55129855222071,5.081674529709713,12.165525060596439,142.41218281386438,5
wall,7086-117.jpg,cracked,1,0.033416748046875,3.3416748046875,323.35028842544403,4.798638441871907,10.0,116.21955957697362,0
wall,7091-105.jpg,cracked,1,0.0024261474609375,0.24261474609375,158.0,2.0,2.0,90.0,0
wall,7086-163.jpg,cracked,1,0.0003814697265625,0.03814697265625,24.0,2.0,2.0,90.0,0
wall,7137-219.jpg,cracked,1,0.0368194580078125,3.68194580078125,313.8061325481598,5.011315604350294,14.142135623730951,153.32908455934125,6
wall,7099-27.jpg,cracked,1,0.03204345703125,3.204345703125,287.3380951166243,4.753523614879703,12.649110640673518,86.3747090234029,0
wall,7122-175.jpg,cracked,1,0.0210723876953125,2.10723876953125,254.9238815542512,4.712924537873636,12.806248474865697,67.95577156845101,6
wall,7089-224.jpg,cracked,1,0.002105712890625,0.2105712890625,136.0,2.0,2.0,90.0,0
wall,7106-188.jpg,cracked,1,0.0210113525390625,2.10113525390625,419.74011537017765,4.496417036624104,14.0,14.412910120535713,0
wall,7092-166.jpg,cracked,1,0.009979248046875,0.9979248046875,319.3847763108502,3.116410604126666,7.211102550927978,123.4621774505171,0
wall,7133-27.jpg,cracked,1,0.01788330078125,1.788330078125,149.22539674441617,5.619716840018217,18.0,94.04663711288359,0
wall,7106-153.jpg,cracked,1,0.04058837890625,4.058837890625,544.350288425444,4.702287304411645,12.649110640673518,172.89505923525547,3
wall,7099-118.jpg,cracked,1,0.0323028564453125,3.23028564453125,285.5512985522207,4.609720412916963,13.416407864998739,67.00726412968478,0
wall,7102-135.jpg,cracked,1,0.05328369140625,5.328369140625,453.445742854949,5.182972601816463,14.0,47.16311136004254,4
wall,7137-99.jpg,cracked,1,0.0277099609375,2.77099609375,222.6639969244288,5.123855900578073,10.0,160.66550466895714,0
wall,7112-246.jpg,cracked,1,0.03375244140625,3.375244140625,296.43354954612926,4.760557017396103,13.416407864998739,56.629226229163216,4
wall,7092-203.jpg,cracked,1,0.00390625,0.390625,255.0,2.0,2.0,90.0,0
wall,7086-249.jpg,cracked,1,0.0009002685546875,0.09002685546875,58.0,2.0,2.0,90.0,0
wall,7091-118.jpg,cracked,1,0.0353240966796875,3.53240966796875,377.8233764908628,4.932425282312908,14.560219778561036,90.44053019573103,7
wall,7134-27.jpg,cracked,1,0.006591796875,0.6591796875,32.97056274847714,5.930647477245846,13.416407864998739,116.19811351077216,0
wall,7121-208.jpg,cracked,1,0.0511474609375,5.11474609375,401.9604614807104,5.263316999943841,12.649110640673518,56.16611352849039,4
wall,7116-192.jpg,cracked,1,0.0362548828125,3.62548828125,255.69343417595167,6.0069419839743645,16.492422502470642,55.80305578242463,7
wall,7105-117.jpg,cracked,1,0.007568359375,0.7568359375,262.4558441227157,2.949282366967174,8.0,155.80614695891921,0
wall,7132-135.jpg,cracked,1,0.0435333251953125,4.35333251953125,479.46298679765215,5.048175439264946,14.0,36.46416349847195,4
wall,7115-214.jpg,cracked,1,0.002410888671875,0.2410888671875,157.0,2.0,2.0,90.0,0
wall,7105-225.jpg,cracked,1,0.0074462890625,0.74462890625,298.14213562373095,2.836426926931529,7.211102550927978,92.42486028810512,0
wall,7088-177.jpg,cracked,1,0.015960693359375,1.5960693359375,144.53910524340094,4.494647841516815,10.0,108.41383889036972,0
wall,7070-84.jpg,cracked,1,0.011688232421875,1.1688232421875,111.78174593052023,4.420812534664216,10.0,121.6364616826282,3
wall,7109-58.jpg,cracked,1,0.0196075439453125,1.96075439453125,155.99494936611666,5.372001531857222,14.142135623730951,52.189069148610805,0
wall,7124-243.jpg,cracked,1,0.00543212890625,0.543212890625,241.07106781186548,2.6240302321621924,7.211102550927978,89.77574645918386,0
wall,7139-33.jpg,cracked,1,0.03424072265625,3.424072265625,275.97770542341357,5.318276360992355,11.313708498984761,143.73815024915012,4
wall,7117-6.jpg,cracked,1,0.037384033203125,3.7384033203125,289.651803615609,5.313342712312766,12.649110640673518,80.55932295637996,0
wall,7128-98.jpg,cracked,1,0.03497314453125,3.497314453125,299.1370849898476,4.839767994227495,10.770329614269007,94.24806515607393,0
wall,7087-78.jpg,cracked,1,0.0223388671875,2.23388671875,225.50966799187808,4.300940888100678,10.0,78.4373991458457,0
wall,7088-11.jpg,cracked,1,0.013946533203125,1.3946533203125,130.3380951166243,4.5531840944559905,11.313708498984761,131.94204058092689,0
wall,7113-47.jpg,cracked,1,0.0066375732421875,0.66375732421875,77.55634918610406,7.115389518480561,22.0,138.9421557632247,2
wall,7103-92.jpg,cracked,1,0.0327301025390625,3.27301025390625,261.14927829866735,5.141926969096233,12.165525060596439,27.72368161073385,0
wall,7083-242.jpg,cracked,1,0.009613037109375,0.9613037109375,210.59797974644667,4.273128253641731,12.165525060596439,92.73939601806931,5
wall,7101-245.jpg,cracked,1,0.0178070068359375,1.78070068359375,195.92388155425118,4.85322937185562,10.0,72.04759232369685,0
wall,7115-80.jpg,cracked,1,0.0414276123046875,4.14276123046875,394.3746750430836,4.64811556944454,12.0,100.43263813979559,6
wall,7135-204.jpg,cracked,1,0.0434417724609375,4.34417724609375,566.1198410471445,4.9903905241365125,12.0,105.1512053270741,0
wall,7091-160.jpg,cracked,1,0.0037994384765625,0.37994384765625,248.0,2.0,2.0,90.0,0
wall,7118-207.jpg,cracked,1,0.0239715576171875,2.39715576171875,210.26702730475878,5.2285194361749285,12.806248474865697,67.6497501983291,9
wall,7124-122.jpg,cracked,1,0.0080108642578125,0.80108642578125,70.698484809835,4.4493490016318855,8.48528137423857,71.70013937003199,0
wall,7090-80.jpg,cracked,1,0.03936767578125,3.936767578125,333.73506473629425,4.981876523080826,12.0,80.38288721486852,4
wall,7075-103.jpg,cracked,1,0.0216827392578125,2.16827392578125,197.16652224137047,4.690251038000805,10.0,111.12277722741149,0
wall,7081-153.jpg,cracked,1,0.031341552734375,3.1341552734375,263.84062043356596,4.912907784880817,11.661903789690601,95.93923121893407,0
wall,7096-26.jpg,cracked,1,0.03680419921875,3.680419921875,420.9655121145938,4.772299712161572,11.661903789690601,173.41076828099162,0
wall,7074-205.jpg,cracked,1,0.01275634765625,1.275634765625,119.12489168102785,4.569152254414283,10.0,32.905394105416235,0
wall,7114-62.jpg,cracked,1,0.022613525390625,2.2613525390625,198.2670273047588,4.676291415605705,11.313708498984761,62.162866557334866,4
wall,7070-192.jpg,cracked,1,0.00640869140625,0.640869140625,68.38477631085024,4.981209375542299,14.142135623730951,82.37607439536914,0
wall,7125-35.jpg,cracked,1,0.017730712890625,1.7730712890625,139.50966799187808,5.476667447684051,10.770329614269007,135.9574317085056,4
wall,7105-171.jpg,cracked,1,0.0078887939453125,0.78887939453125,287.4558441227157,3.06696137415461,7.211102550927978,91.11018129680981,0
wall,7133-63.jpg,cracked,1,0.0240478515625,2.40478515625,200.78174593052023,5.089263029370901,14.422205101855956,110.30167893982832,0
wall,7108-225.jpg,cracked,1,0.0265960693359375,2.65960693359375,225.89444430272835,4.767589489660748,10.0,115.15786927010994,0
wall,7125-102.jpg,cracked,1,0.0401458740234375,4.01458740234375,317.4629867976521,5.692481592312547,16.0,122.22929838862929,3
wall,7126-220.jpg,cracked,1,0.0444183349609375,4.44183349609375,318.6467529817257,5.656704492864374,14.0,115.2439109588382,0
wall,7131-132.jpg,cracked,1,0.02532958984375,2.532958984375,218.35028842544403,4.698124469947322,11.313708498984761,115.2476411084491,0
wall,7092-49.jpg,cracked,1,0.0021209716796875,0.21209716796875,137.0,2.0,2.0,90.0,0
wall,7125-79.jpg,cracked,1,0.00714111328125,0.714111328125,59.183766184073576,4.746218003315209,10.0,137.91033807311138,0
wall,7137-83.jpg,cracked,1,0.03350830078125,3.350830078125,245.59292911256333,5.5917116255661945,14.0,147.8369211475532,1
wall,7138-188.jpg,cracked,1,0.0150909423828125,1.50909423828125,124.22539674441617,5.137405675504911,10.0,115.44346908380115,0
wall,7109-248.jpg,cracked,1,0.0142974853515625,1.42974853515625,127.59797974644667,5.478407692501395,14.560219778561036,80.4580159251048,0
wall,7082-137.jpg,cracked,1,0.011383056640625,1.1383056640625,130.18376618407356,3.9587086892079304,8.246211251235321,84.71028354374351,0
wall,7073-154.jpg,cracked,1,0.02069091796875,2.069091796875,156.40916292848976,5.376922930700679,11.313708498984761,49.41438691486936,0
wall,7076-220.jpg,cracked,1,0.04486083984375,4.486083984375,376.41630560342617,5.019906756568366,11.313708498984761,139.20797701752343,2
wall,7090-103.jpg,cracked,1,0.0282135009765625,2.82135009765625,262.3380951166243,4.676333232644538,12.649110640673518,146.25622815229573,4
wall,7136-135.jpg,cracked,1,0.0338287353515625,3.38287353515625,295.9360748630709,5.294557306818361,14.0,114.62101955252813,5
wall,7131-150.jpg,cracked,1,0.01416015625,1.416015625,175.4386001800126,4.798117761651728,10.0,135.5799500054716,6
wall,7084-237.jpg,cracked,1,0.0038909912109375,0.38909912109375,254.0,2.0,2.0,90.0,0
wall,7069-177.jpg,cracked,1,0.0200653076171875,2.00653076171875,188.45079348883237,4.539031230216577,10.0,59.80079718422764,0
wall,7090-202.jpg,cracked,1,0.0100860595703125,1.00860595703125,84.22539674441619,4.889539822998651,10.0,136.5910774580313,0
wall,7095-26.jpg,cracked,1,0.04541015625,4.541015625,312.9360748630709,6.103247138636416,18.439088914585774,70.49884540479876,0
wall,7077-114.jpg,cracked,1,0.0110321044921875,1.10321044921875,99.32590180780451,4.649664305570313,10.198039027185569,119.30209902904069,1
wall,7115-215.jpg,cracked,1,0.00091552734375,0.091552734375,59.0,2.0,2.0,90.0,0
wall,7126-151.jpg,cracked,1,0.02215576171875,2.215576171875,171.4386001800126,6.215189648644505,17.88854381999832,135.1110775004935,6
wall,7093-30.jpg,cracked,1,0.003814697265625,0.3814697265625,36.97056274847714,4.0394182772653275,8.246211251235321,109.30400656606803,0
wall,7124-231.jpg,cracked,1,0.0363006591796875,3.63006591796875,478.07821048680194,4.590569330390322,10.198039027185569,70.5061632669769,0
wall,7130-41.jpg,cracked,1,0.0016937255859375,0.16937255859375,109.0,2.0,2.0,90.0,0
wall,7072-247.jpg,cracked,1,0.020904541015625,2.0904541015625,181.40916292848976,4.982408526693694,12.0,52.29619400711905,0
wall,7087-229.jpg,cracked,1,0.003387451171875,0.3387451171875,220.0,2.0,2.0,90.0,0
wall,7113-154.jpg,cracked,1,0.010223388671875,1.0223388671875,99.74011537017762,4.108443683157338,8.48528137423857,142.45856914223995,0
wall,7107-82_2.jpg,cracked,1,0.0086822509765625,0.86822509765625,49.798989873223334,6.720951473817463,17.08800749063506,46.83724343396076,0
wall,7120-45.jpg,cracked,1,0.0446929931640625,4.46929931640625,294.79393923934,6.503430219728389,18.439088914585774,89.57238911058741,3
wall,7115-188.jpg,cracked,1,0.030792236328125,3.0792236328125,287.6812408671319,4.659773479026392,10.770329614269007,90.55394319401697,4
wall,7139-83.jpg,cracked,1,0.048919677734375,4.8919677734375,363.4629867976521,5.827163670152841,17.204650534085253,113.96661720854608,8
wall,7124-213.jpg,cracked,1,0.0252532958984375,2.52532958984375,356.43860018001266,4.672569397094992,18.110770276274835,88.46557219430241,5
wall,7140-31_2.jpg,cracked,1,0.015289306640625,1.5289306640625,182.88225099390857,4.490322520104564,10.0,148.0454881726178,0
wall,7111-67.jpg,cracked,1,0.006988525390625,0.6988525390625,56.18376618407357,4.685630820925014,10.0,144.35493773825337,0
wall,7080-208.jpg,cracked,1,0.0500335693359375,5.00335693359375,407.56349186104046,5.065201736029097,12.165525060596439,112.53929738908516,0
wall,7114-26.jpg,cracked,1,0.01763916015625,1.763916015625,150.63961030678928,4.884578639941498,10.770329614269007,82.88713085392745,0
wall,7077-47.jpg,cracked,1,0.0071868896484375,0.71868896484375,81.76955262170047,3.9606727088741627,8.246211251235321,65.76264210694345,1
wall,7092-153.jpg,cracked,1,0.0292205810546875,2.92205810546875,342.6690475583122,4.383383850766421,8.94427190999916,153.52963935982507,0
wall,7137-237.jpg,cracked,1,0.002532958984375,0.2532958984375,23.556349186104047,3.836217362423719,7.211102550927978,131.55698722690028,0
wall,7078-169.jpg,cracked,1,0.0003509521484375,0.03509521484375,22.0,2.0,2.0,90.0,0
wall,7094-117.jpg,cracked,1,0.0077362060546875,0.77362060546875,67.18376618407356,5.904424682359418,14.422205101855956,41.45636064599114,1
wall,7116-230.jpg,cracked,1,0.0489654541015625,4.89654541015625,367.1736649163069,5.470840694342823,14.142135623730951,47.196162428840374,2
wall,7122-188.jpg,cracked,1,0.00286865234375,0.286865234375,25.242640687119284,4.086681272304501,8.0,9.961718915178608,0
wall,7072-67.jpg,cracked,1,0.0010528564453125,0.10528564453125,12.071067811865476,3.0654667102923807,5.656854249492381,154.5242888605603,0
wall,7096-7.jpg,cracked,1,0.00146484375,0.146484375,95.0,2.0,2.0,90.0,0
wall,7121-172.jpg,cracked,1,0.0545501708984375,5.45501708984375,481.88939366884495,4.930774981926754,14.422205101855956,80.49542161892681,0
wall,7122-239.jpg,cracked,1,0.04986572265625,4.986572265625,469.22034611053283,4.95412746781931,12.0,117.33215158990797,0
wall,7140-48_2.jpg,cracked,1,0.0135650634765625,1.35650634765625,119.95331880577405,4.868427028600465,11.661903789690601,141.82233833207425,0
wall,7088-52.jpg,cracked,1,0.00811767578125,0.811767578125,65.25483399593904,4.846436461640144,10.198039027185569,126.17405385907429,0
wall,7091-128.jpg,cracked,1,0.00067138671875,0.067138671875,43.0,2.0,2.0,90.0,0
wall,7135-64.jpg,cracked,1,0.032073974609375,3.2073974609375,283.5096679918781,4.805760207363307,10.198039027185569,89.17123817698048,3
wall,7119-122.jpg,cracked,1,0.014984130859375,1.4984130859375,126.12489168102786,4.843236417344734,11.313708498984761,136.40176361067154,6
wall,7084-150.jpg,cracked,1,0.0190887451171875,1.90887451171875,194.12489168102786,4.196155597676556,8.94427190999916,103.26154201604965,0
wall,7099-64.jpg,cracked,1,0.0265350341796875,2.65350341796875,242.12489168102786,4.606478975810191,10.198039027185569,86.39530746209837,0
wall,7083-10.jpg,cracked,1,0.039215087890625,3.9215087890625,334.36248173426384,4.88814677680576,12.0,132.45793822326706,4
wall,7129-24.jpg,cracked,1,0.0300140380859375,3.00140380859375,246.72287142747453,4.9309881459960865,11.313708498984761,40.024047902964526,0
wall,7112-94.jpg,cracked,1,0.0056610107421875,0.56610107421875,35.384776310850235,6.819620294878588,16.1245154965971,92.8856317232742,0
wall,7108-171.jpg,cracked,1,0.0284423828125,2.84423828125,263.3675323681471,4.5002976496819445,10.0,92.82542826464467,0
wall,7128-134.jpg,cracked,1,0.03363037109375,3.363037109375,298.3086578651014,5.053939820318286,14.142135623730951,79.50079205240625,3
wall,7133-99.jpg,cracked,1,0.039520263671875,3.9520263671875,301.76450198781714,5.311240409301695,12.806248474865697,111.63429477443039,0
wall,7087-203.jpg,cracked,1,0.0148468017578125,1.48468017578125,172.36753236814712,4.339214144302962,8.94427190999916,2.020708346471224,0
wall,7115-68.jpg,cracked,1,0.0042572021484375,0.42572021484375,41.526911934581186,4.233570909186615,8.94427190999916,135.70498211890313,0
wall,7076-170.jpg,cracked,1,0.0358734130859375,3.58734130859375,356.97770542341357,4.5901934743643045,11.313708498984761,108.06677057481778,10
wall,7087-81.jpg,cracked,1,0.0179595947265625,1.79595947265625,157.49747468305833,5.487571126647624,15.231546211727817,88.7358981876594,0
wall,7109-9.jpg,cracked,1,0.0010528564453125,0.10528564453125,13.071067811865476,3.2631227076738516,6.324555320336759,115.26626814782705,0
wall,7112-208.jpg,cracked,1,0.01190185546875,1.190185546875,112.53910524340095,4.530510783845483,10.0,51.26281267029578,0
wall,7082-118.jpg,cracked,1,0.0382537841796875,3.82537841796875,358.5512985522207,4.669281875625596,11.313708498984761,83.43581053322426,0
wall,7111-227.jpg,cracked,1,0.006134033203125,0.6134033203125,54.2842712474619,6.336128379514651,15.620499351813308,45.46456569081116,1
wall,7090-17.jpg,cracked,1,0.0149383544921875,1.49383544921875,137.40916292848976,4.312604249779943,8.94427190999916,151.209335035253,0
wall,7122-79.jpg,cracked,1,0.0387420654296875,3.87420654296875,338.2914139223983,4.971009359049882,12.806248474865697,113.75370321806314,3
wall,7089-124.jpg,cracked,1,0.0094451904296875,0.94451904296875,85.59797974644667,4.478963404924065,10.0,105.2675556003916,0
wall,7088-53.jpg,cracked,1,0.0062713623046875,0.62713623046875,96.21320343559643,3.8944000771197578,8.48528137423857,134.28384975840677,0
wall,7072-118.jpg,cracked,1,0.0185699462890625,1.85699462890625,170.92388155425118,4.562219723629416,10.0,171.82387767549818,0
wall,7138-84.jpg,cracked,1,0.040252685546875,4.0252685546875,333.2914139223983,5.443508006560871,18.973665961010276,93.86686352418205,4
wall,7112-93.jpg,cracked,1,0.0153961181640625,1.53961181640625,120.33809511662427,5.047336553716121,11.313708498984761,43.46326208270568,0
wall,7090-189.jpg,cracked,1,0.01019287109375,1.019287109375,83.49747468305833,4.868623146466101,10.0,143.34333847375865,0
wall,7099-82.jpg,cracked,1,0.0312957763671875,3.12957763671875,284.16652224137044,4.687235857465198,10.198039027185569,80.902821459375,0
wall,7100-102.jpg,cracked,1,0.03460693359375,3.460693359375,470.94826817189073,5.013077967737906,13.416407864998739,161.25312563802893,0
wall,7074-94.jpg,cracked,1,0.0177154541015625,1.77154541015625,137.58073580374355,5.388732726975269,11.313708498984761,46.55436713212374,1
wall,7120-63.jpg,cracked,1,0.0518035888671875,5.18035888671875,443.84776310850236,5.373669570688412,16.0,95.50143042588745,3
wall,7137-32.jpg,cracked,1,0.046844482421875,4.6844482421875,373.0731598529186,5.316533435941929,12.806248474865697,134.2655432866282,6
wall,7088-45.jpg,cracked,1,0.035400390625,3.5400390625,320.1665222413705,4.801550282102329,12.649110640673518,88.15939873790096,4
wall,7119-190.jpg,cracked,1,0.0245513916015625,2.45513916015625,177.40916292848976,5.799798398586776,16.0,147.98272648072563,3
wall,7127-166.jpg,cracked,1,0.03582763671875,3.582763671875,305.5929291125633,5.001324562640007,14.0,113.14005820188923,0
wall,7103-250.jpg,cracked,1,0.016937255859375,1.6937255859375,169.88225099390857,4.5297417211346325,10.0,65.95844581960161,0
wall,7115-192.jpg,cracked,1,0.0016632080078125,0.16632080078125,108.0,2.0,2.0,90.0,0
wall,7090-50.jpg,cracked,1,0.0252227783203125,2.52227783203125,244.24978336205572,4.463996020467514,10.0,118.30642407552986,0
wall,7116-62.jpg,cracked,1,0.0379638671875,3.79638671875,223.3797256769669,7.797694913866531,26.0,42.5669216577968,1
wall,7090-134.jpg,cracked,1,0.0352020263671875,3.52020263671875,329.1370849898476,4.8745700818221005,14.142135623730951,89.39760075594765,5
wall,7138-66.jpg,cracked,1,0.0524749755859375,5.24749755859375,437.7300141024109,5.302457522410437,16.1245154965971,122.97175395219273,5
wall,7119-224.jpg,cracked,1,0.0634002685546875,6.34002685546875,511.10259710444143,5.444096626577746,14.560219778561036,94.47056814584249,11
wall,7083-100.jpg,cracked,1,0.0148468017578125,1.48468017578125,138.39696961967,4.623024986389578,12.806248474865697,99.88661881511598,0
wall,7135-240.jpg,cracked,1,0.0218048095703125,2.18048095703125,284.40916292848976,4.809986342570069,12.649110640673518,109.40477493467495,7
wall,7078-129.jpg,cracked,1,0.0008087158203125,0.08087158203125,51.0,2.0,2.0,90.0,0
wall,7118-44.jpg,cracked,1,0.022308349609375,2.2308349609375,205.23759005323595,4.49964066341574,8.48528137423857,82.5972255585765,0
wall,7082-154.jpg,cracked,1,0.02978515625,2.978515625,276.0538238691624,4.615341751416388,12.165525060596439,88.83625822345044,3
wall,7071-60.jpg,cracked,1,0.0037994384765625,0.37994384765625,35.698484809834994,4.435774164380185,8.48528137423857,134.44548624816542,0
wall,7094-98.jpg,cracked,1,0.0425262451171875,4.25262451171875,334.87720036002526,5.369446220204707,12.0,70.26614375122017,0
wall,7098-154.jpg,cracked,1,0.0409088134765625,4.09088134765625,339.9360748630709,5.47536501866473,18.439088914585774,80.89767328645192,4
wall,7132-27.jpg,cracked,1,0.0351409912109375,3.51409912109375,424.0071426749364,4.948176683131779,16.1245154965971,67.69842290330438,5
wall,7084-21.jpg,cracked,1,0.0008392333984375,0.08392333984375,54.0,2.0,2.0,90.0,0
wall,7111-20.jpg,cracked,1,0.0311737060546875,3.11737060546875,204.48023074035524,6.572502832429881,16.492422502470642,64.99897025464065,0
wall,7075-86.jpg,cracked,1,0.031280517578125,3.1280517578125,266.56349186104046,4.783949578866012,12.0,139.97846398596695,0
wall,7086-231.jpg,cracked,1,0.0020904541015625,0.20904541015625,94.24264068711928,2.6761617110843305,7.211102550927978,89.60167613941229,5
wall,7087-145.jpg,cracked,1,0.000701904296875,0.0701904296875,45.0,2.0,2.0,90.0,0
wall,7095-118.jpg,cracked,1,0.03973388671875,3.973388671875,304.492424049175,5.288920286098908,11.661903789690601,73.31835128237589,0
wall,7080-82.jpg,cracked,1,0.0401458740234375,4.01458740234375,376.1076477383248,4.61649490581467,10.0,64.07411959803218,0
wall,7132-81.jpg,cracked,1,0.0370330810546875,3.70330810546875,481.651803615609,4.7132283938880475,11.661903789690601,85.8363636573645,0
wall,7117-116.jpg,cracked,1,0.0482177734375,4.82177734375,346.1614716074871,5.652998666636263,12.0,56.79790787472953,0
wall,7076-68.jpg,cracked,1,0.0115509033203125,1.15509033203125,109.36753236814714,4.536837900028342,10.0,124.17418227276391,0
wall,7106-189.jpg,cracked,1,0.00958251953125,0.958251953125,292.7695526217004,3.960034485957371,11.661903789690601,90.56774197892474,10
wall,7076-203.jpg,cracked,1,0.0321807861328125,3.21807861328125,263.26197667087547,4.979435559441707,10.0,135.71445538901511,0
wall,7122-220.jpg,cracked,1,0.0005950927734375,0.05950927734375,38.0,2.0,2.0,90.0,0
wall,7092-212.jpg,cracked,1,0.0081329345703125,0.81329345703125,294.3847763108502,3.114230845509424,8.48528137423857,101.7340960592814,0
wall,7084-51.jpg,cracked,1,0.0117034912109375,1.17034912109375,103.8111831820431,4.648982156155922,10.0,117.97922969880936,0
wall,7124-241.jpg,cracked,1,0.000823974609375,0.0823974609375,53.0,2.0,2.0,90.0,0
wall,7117-228.jpg,cracked,1,0.007598876953125,0.7598876953125,73.59797974644667,4.209220321521873,8.94427190999916,71.03633307415122,0
wall,7103-174.jpg,cracked,1,0.0348663330078125,3.48663330078125,321.492424049175,4.817399115093332,11.313708498984761,29.75204366560351,6
wall,7073-15.jpg,cracked,1,0.005767822265625,0.5767822265625,49.59797974644666,4.510715238944409,8.94427190999916,125.95735979941198,0
wall,7078-109.jpg,cracked,1,0.0011444091796875,0.11444091796875,74.0,2.0,2.0,90.0,0
wall,7131-203.jpg,cracked,1,0.0381622314453125,3.81622314453125,529.0071426749364,4.645103637686533,14.142135623730951,105.02631305457012,7
wall,7120-8.jpg,cracked,1,0.018646240234375,1.8646240234375,77.01219330881976,8.851129840214382,19.697715603592208,65.26190695007158,0
wall,7126-116.jpg,cracked,1,0.0296173095703125,2.96173095703125,227.10764773832474,5.491830379179965,12.0,116.95730862630668,1
wall,7124-223.jpg,cracked,1,0.0054473876953125,0.54473876953125,43.698484809834994,5.037315334985631,10.0,130.33498631430206,0
wall,7095-8.jpg,cracked,1,0.01654052734375,1.654052734375,126.8111831820431,5.621345210103003,14.142135623730951,80.72675074445635,1
wall,7078-137.jpg,cracked,1,0.0038299560546875,0.38299560546875,33.87005768508881,4.267499050351078,8.48528137423857,49.69547451522489,0
wall,7086-108.jpg,cracked,1,0.001068115234375,0.1068115234375,69.0,2.0,2.0,90.0,0
wall,7139-167.jpg,cracked,1,0.0722198486328125,7.22198486328125,568.8843430349616,5.469514315837556,15.231546211727817,115.13122788036075,3
wall,7114-229.jpg,cracked,1,0.01446533203125,1.446533203125,116.36753236814714,4.976372075054275,10.770329614269007,57.266333190543165,0
wall,7077-110.jpg,cracked,1,0.005462646484375,0.5462646484375,55.04163056034262,3.9009747381786783,8.246211251235321,107.15675556735289,0
wall,7074-225.jpg,cracked,1,0.0281219482421875,2.81219482421875,244.59292911256333,4.653719908934701,10.0,16.783238570116396,0
wall,7125-119.jpg,cracked,1,0.0210113525390625,2.10113525390625,162.61017305526644,5.365110163673774,12.806248474865697,156.83857952718412,0
wall,7113-101.jpg,cracked,1,0.012786865234375,1.2786865234375,103.63961030678928,4.620605000289729,10.0,150.0553941411157,0
wall,7092-45.jpg,cracked,1,0.03851318359375,3.851318359375,290.3797256769669,5.372824772488959,12.806248474865697,108.4313144630185,0
wall,7080-226.jpg,cracked,1,0.0323028564453125,3.23028564453125,277.8528137423857,4.8582534129889074,10.198039027185569,88.92314340492962,0
wall,7111-226.jpg,cracked,1,0.0331878662109375,3.31878662109375,297.6639969244288,5.225115551264746,16.0,68.82278270944934,5
wall,7070-137.jpg,cracked,1,0.0295867919921875,2.95867919921875,271.2497833620557,4.486263692600682,10.0,50.5287575392199,0
wall,7125-189.jpg,cracked,1,0.01837158203125,1.837158203125,138.39696961967,5.370401571140927,13.416407864998739,111.01795174956997,0
wall,7130-151.jpg,cracked,1,0.043853759765625,4.3853759765625,506.27922061357856,5.323136753470472,14.0,80.19778883522714,0
wall,7132-208.jpg,cracked,1,0.0328369140625,3.28369140625,484.1370849898476,4.9064520612474265,16.1245154965971,174.5035954770674,0
wall,7107-63_2.jpg,cracked,1,0.01629638671875,1.629638671875,144.78174593052023,4.659632410259227,10.0,117.69538564425063,0
wall,7089-26.jpg,cracked,1,0.03582763671875,3.582763671875,308.2375900532359,5.084128108152548,14.0,80.2339765562879,3
wall,7109-40.jpg,cracked,1,0.003326416015625,0.3326416015625,28.38477631085024,5.174082649291163,11.661903789690601,41.31173079529759,0
wall,7130-80.jpg,cracked,1,0.0360260009765625,3.60260009765625,444.99494936611666,4.794389728284618,14.422205101855956,29.074172443701315,0
wall,7091-82.jpg,cracked,1,0.0123291015625,1.23291015625,133.84062043356593,4.434738062812522,12.0,88.63956729206012,6
wall,7094-43.jpg,cracked,1,0.0113372802734375,1.13372802734375,102.04163056034263,6.867985824304571,18.0,90.18373151782956,0
wall,7081-142.jpg,cracked,1,0.0008697509765625,0.08697509765625,55.0,2.0,2.0,90.0,0
wall,7092-220.jpg,cracked,1,0.0114593505859375,1.14593505859375,335.84062043356596,3.17938141625921,8.246211251235321,132.5702904738049,0
wall,7083-194.jpg,cracked,1,0.0017547607421875,0.17547607421875,14.071067811865476,3.2614335345829586,6.324555320336759,117.44963492078269,0
wall,7119-175.jpg,cracked,1,0.0303497314453125,3.03497314453125,225.56349186104046,5.728175026516891,15.620499351813308,127.6019643336218,5
wall,7095-155.jpg,cracked,1,0.03924560546875,3.924560546875,302.96551211459376,5.442942708644472,14.0,74.26160112813794,1
wall,7125-169.jpg,cracked,1,0.044891357421875,4.4891357421875,324.07821048680194,5.909729371617345,22.090722034374522,81.3598044983709,3
wall,7096-190.jpg,cracked,1,0.0139617919921875,1.39617919921875,328.39696961966996,4.622389670246528,12.165525060596439,85.80929046382965,5
wall,7103-194.jpg,cracked,1,0.018798828125,1.8798828125,185.06601717798213,4.3967033724856694,10.0,27.524689332757276,0
wall,7126-45.jpg,cracked,1,0.00823974609375,0.823974609375,78.04163056034261,6.260932698986534,16.0,104.59945234971121,0
wall,7096-244.jpg,cracked,1,0.020233154296875,2.0233154296875,386.12489168102786,4.679557396381479,14.0,154.71968019364132,0
wall,7122-147.jpg,cracked,1,0.0030670166015625,0.30670166015625,31.38477631085024,4.281879934047853,8.48528137423857,150.69552588240802,0
wall,7082-191.jpg,cracked,1,0.0651092529296875,6.51092529296875,629.9310242291876,4.548680671215405,12.806248474865697,74.13161102972165,9
wall,7098-45.jpg,cracked,1,0.0292205810546875,2.92205810546875,273.82337649086287,5.464568264388683,23.323807579381203,73.30923316973512,4
wall,7072-98.jpg,cracked,1,0.032806396484375,3.2806396484375,277.32085117392114,5.192658464419187,14.560219778561036,60.98176308887907,1
wall,7100-30.jpg,cracked,1,0.00347900390625,0.347900390625,227.0,2.0,2.0,90.0,0
wall,7122-172.jpg,cracked,1,0.0204315185546875,2.04315185546875,177.75230867899737,4.872002301567317,12.806248474865697,25.769759983935216,1
wall,7101-116.jpg,cracked,1,0.0429534912109375,4.29534912109375,335.77669529663694,5.391293884625202,14.142135623730951,58.45867799935116,4
wall,7139-219.jpg,cracked,1,0.0681304931640625,6.81304931640625,493.3279938488576,6.098877806452226,19.697715603592208,128.40998667117668,8
wall,7084-116.jpg,cracked,1,0.033416748046875,3.3416748046875,381.3624817342638,4.498937088564809,12.0,25.458743392692014,8
wall,7099-171.jpg,cracked,1,0.0075836181640625,0.75836181640625,82.79898987322333,3.9163974952289426,8.0,88.19320500576204,0
wall,7069-157.jpg,cracked,1,0.0478668212890625,4.78668212890625,480.20310216782974,4.596499899056604,12.806248474865697,29.478639707733578,3
wall,7118-80.jpg,cracked,1,0.057403564453125,5.7403564453125,464.20310216782974,6.186777941641666,20.591260281974,92.1244936546656,17
wall,7096-62.jpg,cracked,1,0.0364532470703125,3.64532470703125,310.8944443027283,5.034799854374041,14.142135623730951,91.3019806051475,1
wall,7091-154.jpg,cracked,1,0.03082275390625,3.082275390625,266.42640687119285,4.863813811880344,12.0,86.98663360088963,0
wall,7086-112.jpg,cracked,1,0.000885009765625,0.0885009765625,57.0,2.0,2.0,90.0,0
wall,7090-209.jpg,cracked,1,0.058807373046875,5.8807373046875,510.17366491630685,4.964783141656785,12.806248474865697,38.08333296261196,4
wall,7140-117.jpg,cracked,1,0.012603759765625,1.2603759765625,280.84062043356596,4.391350618501501,12.806248474865697,93.96909488451153,5
wall,7074-55.jpg,cracked,1,0.0446319580078125,4.46319580078125,387.8305191657993,5.007089898998682,11.661903789690601,40.007741901221664,5
wall,7086-67.jpg,cracked,1,0.0325927734375,3.25927734375,305.97770542341357,4.583625649993935,11.313708498984761,114.3960038078018,4
wall,7084-247.jpg,cracked,1,0.0011138916015625,0.11138916015625,72.0,2.0,2.0,90.0,0
wall,7096-134.jpg,cracked,1,0.0379180908203125,3.79180908203125,517.2081528017131,4.709742028786346,12.165525060596439,2.382097030605422,0
wall,7091-99.jpg,cracked,1,0.00830078125,0.830078125,78.698484809835,5.317100107943819,14.0,90.0275653666028,0
wall,7081-112.jpg,cracked,1,0.0009613037109375,0.09613037109375,6.82842712474619,3.48034240343687,7.211102550927978,6.362177842711191,0
wall,7101-134.jpg,cracked,1,0.01715087890625,1.715087890625,144.63961030678928,4.975956108533721,10.770329614269007,70.76318363822651,0
wall,7116-118.jpg,cracked,1,0.048858642578125,4.8858642578125,344.5756851698602,6.067992603303673,17.08800749063506,46.17396865701355,5
wall,7139-150.jpg,cracked,1,0.0431976318359375,4.31976318359375,314.0904037956217,5.5781956089031,14.0,142.08567199767148,0
wall,7100-212.jpg,cracked,1,0.039947509765625,3.9947509765625,548.5634918610406,4.745404204752057,10.770329614269007,15.45414404247569,0
wall,7113-86.jpg,cracked,1,0.0157012939453125,1.57012939453125,128.43860018001263,4.7040731069217365,10.0,153.30832478933416,0
wall,7119-241.jpg,cracked,1,0.0189056396484375,1.89056396484375,160.61017305526642,5.491910440185739,18.439088914585774,114.3206106407125,4
wall,7079-171.jpg,cracked,1,0.0386505126953125,3.86505126953125,316.06601717798213,5.133466076427421,15.231546211727817,104.05143338143768,3
wall,7070-212.jpg,cracked,1,0.0327606201171875,3.27606201171875,262.79393923934,5.534495842250211,18.973665961010276,36.680770113291004,1
wall,7137-98.jpg,cracked,1,0.046630859375,4.6630859375,324.04877323527904,5.8941050368165255,15.231546211727817,142.41252927123367,0
wall,7091-45.jpg,cracked,1,0.02459716796875,2.459716796875,219.9655121145938,5.486876261441157,16.97056274847714,63.523758247568615,0
wall,7093-109.jpg,cracked,1,0.030059814453125,3.0059814453125,282.237590053236,4.4759489425554895,8.94427190999916,105.32189031977195,0
wall,7122-186.jpg,cracked,1,0.0269775390625,2.69775390625,234.00714267493643,5.305652119953805,12.806248474865697,40.55573622098447,3
wall,7091-136.jpg,cracked,1,0.029296875,2.9296875,387.74011537017765,4.4153448836110005,10.0,96.48128804541308,0
wall,7087-241.jpg,cracked,1,0.0029754638671875,0.29754638671875,192.0,2.0,2.0,90.0,0
wall,7070-119.jpg,cracked,1,0.0122222900390625,1.22222900390625,116.39696961966999,4.652967671492498,10.198039027185569,51.8631806619835,1
wall,7113-185.jpg,cracked,1,0.0038909912109375,0.38909912109375,34.21320343559643,4.282591199874214,10.0,151.10596376336161,0
wall,7070-63.jpg,cracked,1,0.011871337890625,1.1871337890625,118.46803743153548,4.385761305851524,10.0,61.5671542110201,0
wall,7135-169.jpg,cracked,1,0.0358734130859375,3.58734130859375,311.82337649086287,5.071883690632296,11.313708498984761,94.95662789067724,0
wall,7091-207.jpg,cracked,1,0.028106689453125,2.8106689453125,253.46803743153546,4.874897016068605,13.416407864998739,87.39225402250509,0
wall,7129-135.jpg,cracked,1,0.0330810546875,3.30810546875,283.953318805774,5.006789250852783,16.0,98.21983983442118,0
wall,7124-60.jpg,cracked,1,0.019805908203125,1.9805908203125,195.08326112068525,4.5362137139975935,14.422205101855956,90.95141057911364,0
wall,7111-125.jpg,cracked,1,0.0110015869140625,1.10015869140625,99.8111831820431,4.52368327876461,10.0,85.7500359541138,0
wall,7084-206.jpg,cracked,1,0.002899169921875,0.2899169921875,29.627416997969522,4.136850605130069,8.48528137423857,125.80272631267661,0
wall,7097-133.jpg,cracked,1,0.0393524169921875,3.93524169921875,466.79393923934003,4.874226764698385,12.0,62.67171977118034,0
wall,7124-158.jpg,cracked,1,0.0223388671875,2.23388671875,223.02438661763952,4.283822744376885,8.94427190999916,78.6381095267924,0
wall,7074-187.jpg,cracked,1,0.0206146240234375,2.06146240234375,199.06601717798216,4.555291565456768,11.313708498984761,50.00191024912755,1
wall,7086-224.jpg,cracked,1,0.012786865234375,1.2786865234375,156.42640687119285,4.732304184877753,14.0,106.10369278573253,0
wall,7122-229.jpg,cracked,1,0.0111541748046875,1.11541748046875,149.42640687119285,5.435363853857261,16.1245154965971,150.63638427898422,0
wall,7115-159.jpg,cracked,1,0.0005645751953125,0.05645751953125,36.0,2.0,2.0,90.0,0
wall,7115-44.jpg,cracked,1,0.0254364013671875,2.54364013671875,233.99494936611666,4.690232294511708,10.770329614269007,116.34808759248378,0
wall,7089-207.jpg,cracked,1,0.02294921875,2.294921875,214.61017305526644,4.528525692420333,10.198039027185569,88.8070693064172,0
wall,7070-43.jpg,cracked,1,0.03546142578125,3.546142578125,294.5340546095176,4.954729739088615,10.770329614269007,25.484655499298697,0
wall,7078-172.jpg,cracked,1,0.01898193359375,1.898193359375,172.12489168102786,4.598997406898764,8.94427190999916,96.5635074178506,0
wall,7093-153.jpg,cracked,1,0.0306243896484375,3.06243896484375,267.74011537017765,4.8080451131677275,14.0,83.93790988433926,0
wall,7090-3.jpg,cracked,1,0.0045623779296875,0.45623779296875,42.941125496954285,4.27022605528692,8.48528137423857,52.09796095025657,0
wall,7110-229.jpg,cracked,1,0.0159454345703125,1.59454345703125,129.8111831820431,5.692446105145678,14.142135623730951,75.41356834864784,4
wall,7087-197.jpg,cracked,1,0.0027008056640625,0.27008056640625,176.0,2.0,2.0,90.0,0
wall,7092-142.jpg,cracked,1,0.00390625,0.390625,255.0,2.0,2.0,90.0,0
wall,7126-102.jpg,cracked,1,0.0049285888671875,0.49285888671875,60.941125496954285,3.750965014880099,10.0,131.59474931524554,3
wall,7070-248.jpg,cracked,1,0.0343475341796875,3.43475341796875,310.2081528017131,5.140749443345677,16.0,73.49637028584843,7
wall,7138-96.jpg,cracked,1,0.0329437255859375,3.29437255859375,268.66399692442883,5.197227167680963,14.0,5.524120061774113,0
wall,7085-118.jpg,cracked,1,0.0092620849609375,0.92620849609375,90.22539674441617,4.639165820469293,8.48528137423857,54.5309706991894,3
wall,7111-190.jpg,cracked,1,0.014923095703125,1.4923095703125,136.50966799187808,5.352381908347861,11.313708498984761,34.268552528304554,10
wall,7135-11.jpg,cracked,1,0.0152130126953125,1.52130126953125,175.2253967444162,4.308154052908217,10.0,103.77101940914416,7
wall,7124-67.jpg,cracked,1,0.0283203125,2.83203125,265.953318805774,4.447764421776383,8.94427190999916,91.27385480717692,0
wall,7127-167.jpg,cracked,1,0.006988525390625,0.6988525390625,60.76955262170048,5.588027923843845,13.416407864998739,121.78829829925917,1
wall,7113-113.jpg,cracked,1,0.0258941650390625,2.58941650390625,86.35533905932738,14.563830153789182,42.190046219457976,111.15176188184044,4
wall,7083-80.jpg,cracked,1,0.019805908203125,1.9805908203125,196.98275605729688,4.520499824099367,10.770329614269007,168.68348515448182,0
wall,7119-206.jpg,cracked,1,0.035552978515625,3.5552978515625,288.40916292848976,5.635274906712773,18.439088914585774,75.63175450294085,6
wall,7124-85.jpg,cracked,1,0.0344085693359375,3.44085693359375,296.22034611053283,4.817880242251019,11.313708498984761,84.8529167157635,0
wall,7139-15.jpg,cracked,1,0.0249481201171875,2.49481201171875,176.65180361560903,5.838337552615261,15.620499351813308,115.64734506073148,0
wall,7109-100.jpg,cracked,1,0.0017852783203125,0.17852783203125,16.31370849898476,4.019630197910735,8.0,57.434715111797296,0
wall,7088-134.jpg,cracked,1,0.03387451171875,3.387451171875,283.8944443027283,4.896181219524557,10.770329614269007,90.0169464264632,0
wall,7116-174.jpg,cracked,1,0.047271728515625,4.7271728515625,331.3919189857867,5.849667735955004,14.142135623730951,61.685692313499544,1
wall,7069-232.jpg,cracked,1,0.03509521484375,3.509521484375,313.56349186104046,4.6821956573054955,10.0,62.19359241706487,0
wall,7097-151.jpg,cracked,1,0.0334320068359375,3.34320068359375,468.75230867899734,4.543755195999963,10.0,106.32470058597602,0
wall,7111-84.jpg,cracked,1,0.0088653564453125,0.88653564453125,58.87005768508881,5.731963574926786,14.0,105.76533935420186,0
wall,7091-129.jpg,cracked,1,0.0013580322265625,0.13580322265625,88.0,2.0,2.0,90.0,0
wall,7121-9.jpg,cracked,1,0.0197296142578125,1.97296142578125,177.8111831820431,5.861597139100241,16.0,76.56441550784902,0
wall,7087-159.jpg,cracked,1,0.0080108642578125,0.80108642578125,165.1126983722081,3.420288124052636,8.48528137423857,135.74493558892897,0
wall,7106-27.jpg,cracked,1,0.0187225341796875,1.87225341796875,384.61017305526644,4.097138071161736,8.94427190999916,94.27538428156863,0
wall,7092-205.jpg,cracked,1,0.003143310546875,0.3143310546875,204.0,2.0,2.0,90.0,0
wall,7116-117.jpg,cracked,1,0.0073394775390625,0.73394775390625,54.76955262170048,5.691702107511221,12.806248474865697,55.11913909898637,0
wall,7108-46.jpg,cracked,1,0.0353851318359375,3.53851318359375,324.07821048680194,4.763846730205416,11.661903789690601,111.98047036254812,1
wall,7092-48.jpg,cracked,1,0.0016021728515625,0.16021728515625,104.0,2.0,2.0,90.0,0
wall,7109-194.jpg,cracked,1,0.015777587890625,1.5777587890625,135.0538238691624,5.493730462838847,14.142135623730951,66.72319968161584,5
wall,7091-189.jpg,cracked,1,0.0223236083984375,2.23236083984375,202.78174593052023,5.102244370684753,12.0,103.89568447179958,0
wall,7091-233.jpg,cracked,1,0.0038909912109375,0.38909912109375,254.0,2.0,2.0,90.0,0
wall,7131-185.jpg,cracked,1,0.0336151123046875,3.36151123046875,458.9655121145938,4.368806940168999,10.0,116.5789449895805,0
wall,7117-134.jpg,cracked,1,0.0063018798828125,0.63018798828125,49.798989873223334,6.1670322971341065,17.08800749063506,18.4292914705768,0
wall,7083-79.jpg,cracked,1,0.0244140625,2.44140625,246.23759005323595,4.553614075877978,10.0,174.30741159088308,6
wall,7120-118.jpg,cracked,1,0.083831787109375,8.3831787109375,663.9137802864846,5.642579230485883,16.0,130.1896487406882,23
wall,7083-152.jpg,cracked,1,0.009613037109375,0.9613037109375,91.15432893255071,4.394740735470563,8.48528137423857,117.74008571377574,0
wall,7100-84.jpg,cracked,1,0.0150909423828125,1.50909423828125,335.91168824543144,4.508778160701846,14.422205101855956,107.51190595319467,0
wall,7086-183.jpg,cracked,1,0.0004425048828125,0.04425048828125,28.0,2.0,2.0,90.0,0
wall,7077-111.jpg,cracked,1,0.001861572265625,0.1861572265625,19.14213562373095,3.6971249696115587,7.211102550927978,124.0561833409019,0
wall,7090-206.jpg,cracked,1,0.0360107421875,3.60107421875,293.6223663640862,5.124912053374082,11.313708498984761,90.30806705201103,0
wall,7107-171_2.jpg,cracked,1,0.0244140625,2.44140625,214.82337649086284,4.875485870283387,10.770329614269007,119.26753999281652,4
wall,7113-76.jpg,cracked,1,0.0129241943359375,1.29241943359375,73.01219330881976,6.70521655115168,18.0,64.01679579185362,0
wall,7116-193.jpg,cracked,1,0.0135955810546875,1.35955810546875,106.15432893255071,5.292611501816164,12.0,60.09757847193718,2
wall,7110-43.jpg,cracked,1,0.0519866943359375,5.19866943359375,358.5168106668145,5.851396327902023,14.142135623730951,51.47009588428508,0
wall,7125-68.jpg,cracked,1,0.0759124755859375,7.59124755859375,625.6488450227788,5.206804966353939,14.0,132.1065505364845,10
wall,7118-96.jpg,cracked,1,0.013275146484375,1.3275146484375,130.39696961967,4.350057335476877,10.0,10.866378120205894,3
wall,7128-153.jpg,cracked,1,0.01531982421875,1.531982421875,171.0538238691624,5.610558949121073,18.0,97.85562084142484,18
wall,7135-187.jpg,cracked,1,0.011383056640625,1.1383056640625,239.76955262170048,4.792455921084341,15.231546211727817,92.6250271023161,5
wall,7092-108.jpg,cracked,1,0.00390625,0.390625,255.0,2.0,2.0,90.0,0
wall,7121-226.jpg,cracked,1,0.0423736572265625,4.23736572265625,339.1614716074871,5.278550243385286,18.0,109.00411748612059,0
wall,7099-208.jpg,cracked,1,0.0259857177734375,2.59857177734375,251.55129855222071,4.401507328553336,10.0,61.540425833431314,0
wall,7103-153.jpg,cracked,1,0.009246826171875,0.9246826171875,82.66904755831214,4.949841233928615,13.416407864998739,26.307734859987363,0
wall,7096-14.jpg,cracked,1,0.003326416015625,0.3326416015625,217.0,2.0,2.0,90.0,0
wall,7117-209.jpg,cracked,1,0.0289154052734375,2.89154052734375,251.17871555019022,4.896360422116687,11.313708498984761,58.39612789345356,0
wall,7109-119.jpg,cracked,1,0.02899169921875,2.899169921875,215.40916292848974,5.386149940336776,13.416407864998739,28.306502899395866,0
wall,7092-63.jpg,cracked,1,0.0349884033203125,3.49884033203125,279.2670273047588,5.162033601407331,13.416407864998739,85.13550666069995,0
wall,7075-242.jpg,cracked,1,0.0154266357421875,1.54266357421875,143.46803743153546,4.496344719598375,10.0,111.06426789408395,0
wall,7090-157.jpg,cracked,1,0.015655517578125,1.5655517578125,142.16652224137047,4.6831488927849625,10.0,120.7683774006079,0
wall,7130-97.jpg,cracked,1,0.0147705078125,1.47705078125,302.91168824543144,4.526281854357874,12.806248474865697,21.256883949657833,0
wall,7079-233.jpg,cracked,1,0.0027313232421875,0.27313232421875,178.0,2.0,2.0,90.0,0
wall,7112-227.jpg,cracked,1,0.02239990234375,2.239990234375,184.23759005323595,4.865728369695206,11.313708498984761,39.92941284808322,0
wall,7092-160.jpg,cracked,1,0.00390625,0.390625,255.0,2.0,2.0,90.0,0
wall,7090-116.jpg,cracked,1,0.046966552734375,4.6966552734375,394.47518010647195,5.106261434386515,12.649110640673518,95.59201179644792,3
wall,7115-173.jpg,cracked,1,0.0217437744140625,2.17437744140625,252.1370849898476,4.452721942374752,10.770329614269007,124.02794661839954,4
wall,7115-151.jpg,cracked,1,0.0456085205078125,4.56085205078125,410.61731573020285,4.809234184100978,12.806248474865697,24.2176349990321,1
wall,7115-190.jpg,cracked,1,0.002410888671875,0.2410888671875,25.899494936611667,3.83551881685886,8.0,100.5189757879003,0
wall,7118-233.jpg,cracked,1,0.0017547607421875,0.17547607421875,113.0,2.0,2.0,90.0,0
wall,7071-114.jpg,cracked,1,0.0280303955078125,2.80303955078125,240.32085117392117,4.779372764391274,10.770329614269007,128.17940243925605,0
wall,7100-176.jpg,cracked,1,0.035552978515625,3.5552978515625,514.4802307403552,4.78840764699802,12.0,83.05024805943442,10
wall,7088-116.jpg,cracked,1,0.0222625732421875,2.22625732421875,209.2253967444162,5.166715652012793,15.620499351813308,104.14903055062054,0
wall,7113-83.jpg,cracked,1,0.0114898681640625,1.14898681640625,100.12489168102785,4.684600800555065,10.0,131.27180437771807,0
wall,7115-191.jpg,cracked,1,0.00054931640625,0.054931640625,35.0,2.0,2.0,90.0,0
wall,7080-64.jpg,cracked,1,0.03082275390625,3.082275390625,270.78174593052023,4.745214841850776,10.0,80.37405810494162,0
wall,7092-207.jpg,cracked,1,0.03466796875,3.466796875,401.095454429505,4.7147125770401725,10.0,17.360457380709875,0
wall,7110-155.jpg,cracked,1,0.0415802001953125,4.15802001953125,296.5046173579948,5.75087361801655,16.0,39.74100805787748,0
wall,7100-64.jpg,cracked,1,0.0012054443359375,0.12054443359375,78.0,2.0,2.0,90.0,0
wall,7092-117.jpg,cracked,1,0.03033447265625,3.033447265625,289.74011537017765,4.669535012788817,10.0,74.27526708404505,0
wall,7079-208.jpg,cracked,1,0.005859375,0.5859375,99.87005768508881,5.210259427769753,16.0,81.19215310840788,7
wall,7089-99.jpg,cracked,1,0.0391082763671875,3.91082763671875,310.29141392239836,5.092274230103283,11.313708498984761,70.00394744905225,0
wall,7069-222.jpg,cracked,1,0.00543212890625,0.543212890625,68.01219330881976,3.4832014167753726,7.211102550927978,114.5344828006561,0
wall,7124-242.jpg,cracked,1,0.010589599609375,1.0589599609375,98.29646455628166,4.524999475923973,8.94427190999916,59.148731093219965,0
wall,7102-116.jpg,cracked,1,0.0309906005859375,3.09906005859375,248.63455967290594,5.2253046235726925,14.0,52.48119839915351,0
wall,7119-77.jpg,cracked,1,0.0065460205078125,0.65460205078125,61.21320343559643,6.200463982647744,14.142135623730951,73.50333368027725,0
wall,7075-137.jpg,cracked,1,0.0465850830078125,4.65850830078125,420.6589462905455,4.759131042864304,11.661903789690601,177.55044263578702,10
wall,7114-192.jpg,cracked,1,0.014495849609375,1.4495849609375,110.32590180780451,5.257653218173414,12.0,73.23262025881125,0
wall,7084-238.jpg,cracked,1,0.003387451171875,0.3387451171875,221.0,2.0,2.0,90.0,0
wall,7076-152.jpg,cracked,1,0.0272216796875,2.72216796875,231.39191898578665,4.914600127450703,12.0,135.13115794349727,0
wall,7124-206.jpg,cracked,1,0.01715087890625,1.715087890625,196.49747468305833,4.64798782851114,12.165525060596439,90.33342649199834,5
wall,7120-226.jpg,cracked,1,0.0339508056640625,3.39508056640625,250.3086578651014,6.154994650450499,25.059928172283335,109.18540975450944,1
wall,7073-135.jpg,cracked,1,0.035614013671875,3.5614013671875,300.06096654409885,5.130608014586401,16.1245154965971,178.808235762875,0
wall,7132-245.jpg,cracked,1,0.035064697265625,3.5064697265625,530.9238815542512,4.295276956482502,12.0,91.15222023700291,1
wall,7071-31.jpg,cracked,1,0.014007568359375,1.4007568359375,130.4386001800126,4.426092908512084,10.0,131.03125878526726,0
wall,7104-147.jpg,cracked,1,0.01409912109375,1.409912109375,181.08326112068525,4.208195423625159,12.806248474865697,164.3614110234802,0
wall,7071-168.jpg,cracked,1,0.0040740966796875,0.40740966796875,45.55634918610404,3.683331378083392,8.246211251235321,104.0758982930331,0
wall,7107-9.jpg,cracked,1,0.01123046875,1.123046875,44.04163056034262,7.313910365595663,17.88854381999832,153.86623684791746,0
wall,7114-154.jpg,cracked,1,0.0381317138671875,3.81317138671875,313.634559672906,5.098136208052534,12.806248474865697,71.03772999649206,1
wall,7122-132.jpg,cracked,1,0.0403594970703125,4.03594970703125,339.4629867976521,5.337668236423486,14.0,115.78829504640356,9
wall,7070-174.jpg,cracked,1,0.0330352783203125,3.30352783203125,281.4507934888324,5.227179524630529,16.1245154965971,82.66307031047252,7
wall,7087-208.jpg,cracked,1,0.0373382568359375,3.73382568359375,419.19595949289334,5.084824558893596,13.416407864998739,96.42546339914843,0
wall,7098-100.jpg,cracked,1,0.0102996826171875,1.02996826171875,98.25483399593905,4.805192682555634,12.806248474865697,62.06468884708781,3
wall,7087-99.jpg,cracked,1,0.008087158203125,0.8087158203125,101.21320343559643,5.7325538311991195,14.0,87.56635589213734,0
wall,7090-188.jpg,cracked,1,0.0364990234375,3.64990234375,294.3086578651014,5.138874649504131,12.0,92.60426383205787,0
wall,7122-204.jpg,cracked,1,0.0144805908203125,1.44805908203125,110.05382386916237,4.977198742384632,11.661903789690601,125.14690376748939,0
wall,7120-136.jpg,cracked,1,0.03912353515625,3.912353515625,299.27922061357856,5.392585582191606,12.649110640673518,106.3870136359294,0
wall,7139-133.jpg,cracked,1,0.044036865234375,4.4036865234375,314.91883092036784,5.737446136849899,14.0,145.28165662933316,0
wall,7093-73.jpg,cracked,1,0.0185699462890625,1.85699462890625,173.68124086713192,4.497337844009046,8.94427190999916,113.10484923053397,0
wall,7092-143.jpg,cracked,1,0.00390625,0.390625,255.0,2.0,2.0,90.0,0
wall,7106-224.jpg,cracked,1,0.0325164794921875,3.25164794921875,541.3675323681471,4.134979935362271,11.313708498984761,178.5289820894662,9
wall,7075-206.jpg,cracked,1,0.0219268798828125,2.19268798828125,192.76450198781714,4.695359115988672,10.0,56.22927941340994,0
wall,7071-82.jpg,cracked,1,0.0222015380859375,2.22015380859375,190.58073580374355,4.81850954810632,15.620499351813308,23.191123384931473,4
wall,7085-79.jpg,cracked,1,0.0119781494140625,1.19781494140625,111.88225099390857,5.168479702754391,14.422205101855956,50.11031566438507,4
wall,7092-21.jpg,cracked,1,0.0014801025390625,0.14801025390625,96.0,2.0,2.0,90.0,0
wall,7132-45.jpg,cracked,1,0.042266845703125,4.2266845703125,504.7350647362943,5.118608950250129,14.422205101855956,21.55101213701974,3
wall,7090-31.jpg,cracked,1,0.0039825439453125,0.39825439453125,44.698484809834994,3.8365751802075874,7.211102550927978,30.99219526920703,0
wall,7084-15.jpg,cracked,1,0.009613037109375,0.9613037109375,73.91168824543144,4.945666951637771,10.0,148.773722644063,0
wall,7124-24.jpg,cracked,1,0.0148162841796875,1.48162841796875,133.66904755831214,4.573972115866144,12.0,85.41375547147989,0
wall,7101-226.jpg,cracked,1,0.039276123046875,3.9276123046875,302.492424049175,5.29966479288912,12.165525060596439,67.70046031598766,0
wall,7078-113.jpg,cracked,1,0.0093536376953125,0.93536376953125,86.35533905932738,3.984020868629803,8.48528137423857,96.31854748625723,0
wall,7138-101.jpg,cracked,1,0.0475921630859375,4.75921630859375,371.3746750430836,5.326982481548462,12.649110640673518,135.85625178920074,3
wall,7087-206.jpg,cracked,1,0.00323486328125,0.323486328125,211.0,2.0,2.0,90.0,0
wall,7075-100.jpg,cracked,1,0.0003204345703125,0.03204345703125,1.4142135623730951,2.6231622635109577,4.47213595499958,45.0,0
wall,7087-48.jpg,cracked,1,0.0136260986328125,1.36260986328125,115.98275605729691,4.613523170139326,10.0,109.55556875138303,0
wall,7126-192.jpg,cracked,1,0.0135040283203125,1.35040283203125,184.9827560572969,4.871939801878071,11.661903789690601,89.80129505648009,5
wall,7086-90.jpg,cracked,1,0.0023193359375,0.23193359375,151.0,2.0,2.0,90.0,0
wall,7121-11.jpg,cracked,1,0.0334320068359375,3.34320068359375,280.76450198781714,4.892045337809264,11.313708498984761,106.71171115471739,0
wall,7090-47.jpg,cracked,1,0.0108489990234375,1.08489990234375,97.8111831820431,4.78728630141212,11.661903789690601,128.36433698341204,3
wall,7074-112.jpg,cracked,1,0.0391845703125,3.91845703125,328.1076477383248,5.257987262287402,16.0,82.31015443937095,4
wall,7113-84.jpg,cracked,1,0.0235443115234375,2.35443115234375,135.53910524340094,9.82413055285607,32.0624390837628,128.5729096784032,4
wall,7095-82.jpg,cracked,1,0.0157318115234375,1.57318115234375,125.88225099390857,5.709265759872725,14.422205101855956,61.64691010514769,1
wall,7095-173.jpg,cracked,1,0.0411376953125,4.11376953125,306.59292911256335,5.434914325573773,11.661903789690601,67.59757977936935,3
wall,7083-186.jpg,cracked,1,0.00030517578125,0.030517578125,19.0,2.0,2.0,90.0,0
wall,7119-151.jpg,cracked,1,0.0497589111328125,4.97589111328125,367.0193359837562,5.798388822514408,15.620499351813308,48.48990609382342,8
wall,7119-142.jpg,cracked,1,0.040496826171875,4.0496826171875,352.9604614807105,5.274351627103094,13.416407864998739,9.754227150457297,10
wall,7124-104.jpg,cracked,1,0.0122528076171875,1.22528076171875,121.04163056034261,4.179466953568808,8.94427190999916,92.36120280825628,1
wall,7136-169.jpg,cracked,1,0.01715087890625,1.715087890625,145.095454429505,5.289591243707769,12.0,133.90314983601675,0
wall,7093-63.jpg,cracked,1,0.03173828125,3.173828125,277.4386001800126,4.789914656711606,10.0,96.98412333764203,0
wall,7093-207.jpg,cracked,1,0.036712646484375,3.6712646484375,311.5929291125633,5.329648482785372,15.231546211727817,108.5384684766742,5
wall,7116-23.jpg,cracked,1,0.0006866455078125,0.06866455078125,10.828427124746192,2.7507965434218744,4.47213595499958,85.26100518282271,0
wall,7126-28.jpg,cracked,1,0.0450592041015625,4.50592041015625,322.1198410471445,6.309892450587923,24.0,112.40975894668377,0
wall,7115-137.jpg,cracked,1,0.0005645751953125,0.05645751953125,36.0,2.0,2.0,90.0,0
wall,7110-99.jpg,cracked,1,0.037567138671875,3.7567138671875,266.60512242138304,5.6618029360330375,14.0,48.113291280385084,0
wall,7098-64.jpg,cracked,1,0.007232666015625,0.7232666015625,37.72792206135786,5.814270348390073,14.0,83.87930008102362,0
wall,7140-30_2.jpg,cracked,1,0.001068115234375,0.1068115234375,69.0,2.0,2.0,90.0,0
wall,7138-102.jpg,cracked,1,0.008331298828125,0.8331298828125,85.15432893255071,4.697124213648781,10.198039027185569,125.60686871564886,3
wall,7097-114.jpg,cracked,1,0.014892578125,1.4892578125,266.1543289325507,4.62243317309939,14.0,167.96422412739753,0
wall,7100-115.jpg,cracked,1,0.003875732421875,0.3875732421875,253.0,2.0,2.0,90.0,0
wall,7089-1.jpg,cracked,1,0.0011749267578125,0.11749267578125,76.0,2.0,2.0,90.0,0
wall,7126-98.jpg,cracked,1,0.04681396484375,4.681396484375,327.64675298172574,5.844648830081751,14.422205101855956,120.23112882990019,0
wall,7106-184.jpg,cracked,1,0.0036773681640625,0.36773681640625,240.0,2.0,2.0,90.0,0
wall,7125-132.jpg,cracked,1,0.007049560546875,0.7049560546875,54.35533905932738,6.169890414718854,17.88854381999832,53.11534001754944,0
wall,7116-136.jpg,cracked,1,0.0434417724609375,4.34417724609375,326.42135623730957,5.973495641826015,17.88854381999832,93.65134584087686,1
wall,7115-62.jpg,cracked,1,0.027313232421875,2.7313232421875,252.095454429505,4.524032293926513,10.0,86.205932740195,0
wall,7136-238.jpg,cracked,1,0.049774169921875,4.9774169921875,541.9726547895302,5.35010133213606,12.165525060596439,142.06947594019258,5
wall,7117-61.jpg,cracked,1,0.0333099365234375,3.33099365234375,248.17871555019022,5.6612471445165795,16.492422502470642,59.52535159261451,1
wall,7087-31.jpg,cracked,1,0.0142364501953125,1.42364501953125,143.29646455628165,5.041477116802767,11.661903789690601,130.90368794342248,3
wall,7077-62.jpg,cracked,1,0.002838134765625,0.2838134765625,31.48528137423857,3.7875651171846325,7.211102550927978,98.0174416405397,0
wall,7070-116.jpg,cracked,1,0.00238037109375,0.238037109375,19.38477631085024,4.077421661647863,8.246211251235321,137.61409594263617,0
wall,7121-118.jpg,cracked,1,0.0430145263671875,4.30145263671875,296.35028842544403,5.987690600713726,20.0,66.6906765311348,0
wall,7084-166.jpg,cracked,1,0.000762939453125,0.0762939453125,48.0,2.0,2.0,90.0,0
wall,7116-25.jpg,cracked,1,0.0285797119140625,2.85797119140625,243.9655121145938,4.736821176022081,11.313708498984761,91.03050021260088,0
wall,7085-114.jpg,cracked,1,0.002960205078125,0.2960205078125,40.798989873223334,3.415169753891295,8.0,164.49071499613672,0
wall,7092-148.jpg,cracked,1,0.0184478759765625,1.84478759765625,245.19595949289334,4.6921953477582194,14.0,152.17413977752727,0
wall,7077-209.jpg,cracked,1,0.0352783203125,3.52783203125,275.2670273047588,5.134005430167402,12.806248474865697,89.43501061204358,0
wall,7089-176.jpg,cracked,1,0.0089111328125,0.89111328125,82.01219330881976,4.562519617080786,10.0,113.0296432625609,0
wall,7116-155.jpg,cracked,1,0.05230712890625,5.230712890625,365.1025971044414,5.787639111920121,14.142135623730951,52.37134647337631,4
wall,7100-175.jpg,cracked,1,0.0117950439453125,1.17950439453125,302.1126983722081,4.5639456913423135,15.231546211727817,147.57450187674624,0
wall,7086-9.jpg,cracked,1,0.00836181640625,0.836181640625,95.11269837220809,3.72616071414485,8.246211251235321,90.97153088337794,0
wall,7094-172.jpg,cracked,1,0.034759521484375,3.4759521484375,285.79393923934,4.966591620312853,10.0,80.72400472051585,0
wall,7072-58.jpg,cracked,1,0.0099029541015625,0.99029541015625,69.84062043356596,5.672919892402254,13.416407864998739,137.41092888282057,0
wall,7097-43.jpg,cracked,1,0.0208282470703125,2.08282470703125,358.19595949289334,4.123864766834679,10.0,109.61014910863085,0
wall,7097-115.jpg,cracked,1,0.02923583984375,2.923583984375,459.79393923934003,4.912803647212246,14.142135623730951,79.60918935238954,15
wall,7072-188.jpg,cracked,1,0.00274658203125,0.274658203125,28.899494936611667,3.8583891762045,8.94427190999916,111.17346033288743,1
wall,7105-243.jpg,cracked,1,0.0255889892578125,2.55889892578125,461.88225099390854,4.080797685089594,8.94427190999916,105.54250910460873,0
wall,7106-112.jpg,uncracked,1,0.0038909912109375,0.38909912109375,254.0,2.0,2.0,90.0,0
wall,7096-252.jpg,uncracked,1,0.00592041015625,0.592041015625,257.4852813742386,2.8875564973541192,6.0,89.9191409459478,6
wall,7132-132.jpg,uncracked,1,0.002777099609375,0.2777099609375,180.0,2.0,2.0,90.0,0
wall,7100-23.jpg,uncracked,1,0.0038909912109375,0.38909912109375,254.0,2.0,2.0,90.0,0
wall,7118-180.jpg,uncracked,1,0.0006256103515625,0.06256103515625,40.0,2.0,2.0,90.0,0
wall,7100-116.jpg,uncracked,1,0.0038909912109375,0.38909912109375,254.0,2.0,2.0,90.0,0
wall,7131-15.jpg,uncracked,1,0.0014801025390625,0.14801025390625,96.0,2.0,2.0,90.0,0
wall,7069-235.jpg,uncracked,1,0.0009002685546875,0.09002685546875,57.0,2.0,2.0,90.0,0
wall,7105-23.jpg,uncracked,1,0.0037994384765625,0.37994384765625,248.0,2.0,2.0,90.0,0
wall,7135-184.jpg,uncracked,1,0.0038909912109375,0.38909912109375,254.0,2.0,2.0,90.0,0
wall,7105-150.jpg,uncracked,1,0.0031280517578125,0.31280517578125,204.0,2.0,2.0,90.0,0
wall,7096-211.jpg,uncracked,1,0.0036163330078125,0.36163330078125,235.0,2.0,2.0,90.0,0
wall,7105-34.jpg,uncracked,1,0.00982666015625,0.982666015625,284.2132034355964,5.459606481109347,18.110770276274835,105.94492552058605,0
wall,7122-18.jpg,uncracked,1,0.003082275390625,0.3082275390625,201.0,2.0,2.0,90.0,0
wall,7082-244.jpg,uncracked,1,0.009368896484375,0.9368896484375,76.66904755831214,4.915426612006794,10.0,131.37380415711772,0
wall,7096-204.jpg,uncracked,1,0.00390625,0.390625,255.0,2.0,2.0,90.0,0
wall,7094-54.jpg,uncracked,1,0.0096282958984375,0.96282958984375,74.49747468305833,5.086505723724789,11.313708498984761,171.4062303798825,0
wall,7115-252.jpg,uncracked,1,0.00390625,0.390625,255.0,2.0,2.0,90.0,0
wall,7097-225.jpg,uncracked,1,0.0038909912109375,0.38909912109375,254.0,2.0,2.0,90.0,0
wall,7101-19.jpg,uncracked,1,0.0021209716796875,0.21209716796875,135.0,2.0,2.0,90.0,0
wall,7091-16.jpg,uncracked,1,0.0013427734375,0.13427734375,86.0,2.0,2.0,90.0,0
wall,7105-64.jpg,uncracked,1,0.0030670166015625,0.30670166015625,199.0,2.0,2.0,90.0,0
wall,7096-222.jpg,uncracked,1,0.0038909912109375,0.38909912109375,254.0,2.0,2.0,90.0,0
wall,7105-3.jpg,uncracked,1,0.0030975341796875,0.30975341796875,201.0,2.0,2.0,90.0,0
wall,7097-65.jpg,uncracked,1,0.0030517578125,0.30517578125,199.0,2.0,2.0,90.0,0
wall,7097-85.jpg,uncracked,1,0.002899169921875,0.2899169921875,189.0,2.0,2.0,90.0,0
wall,7105-61.jpg,uncracked,1,0.0032196044921875,0.32196044921875,210.0,2.0,2.0,90.0,0
wall,7136-127.jpg,uncracked,1,0.0019989013671875,0.19989013671875,128.0,2.0,2.0,90.0,0
wall,7097-251.jpg,uncracked,1,0.00390625,0.390625,255.0,2.0,2.0,90.0,0
wall,7104-159.jpg,uncracked,1,0.00030517578125,0.030517578125,19.0,2.0,2.0,90.0,0
wall,7128-51.jpg,uncracked,1,0.0084686279296875,0.84686279296875,75.59797974644667,4.541353776909986,10.198039027185569,157.9638643824643,0
wall,7132-133.jpg,uncracked,1,0.0022735595703125,0.22735595703125,147.0,2.0,2.0,90.0,0
wall,7105-236.jpg,uncracked,1,0.0038909912109375,0.38909912109375,254.0,2.0,2.0,90.0,0
wall,7106-76.jpg,uncracked,1,0.00335693359375,0.335693359375,219.0,2.0,2.0,90.0,0
wall,7131-124.jpg,uncracked,1,0.0028228759765625,0.28228759765625,184.0,2.0,2.0,90.0,0
wall,7096-218.jpg,uncracked,1,0.00390625,0.390625,255.0,2.0,2.0,90.0,0
wall,7139-197.jpg,uncracked,1,0.002166748046875,0.2166748046875,141.0,2.0,2.0,90.0,0
wall,7131-54.jpg,uncracked,1,0.00390625,0.390625,255.0,2.0,2.0,90.0,0
wall,7123-241.jpg,uncracked,1,0.0003662109375,0.03662109375,23.0,2.0,2.0,90.0,0
wall,7083-219.jpg,uncracked,1,0.00189208984375,0.189208984375,122.0,2.0,2.0,90.0,0
wall,7132-236.jpg,uncracked,1,0.0038909912109375,0.38909912109375,254.0,2.0,2.0,90.0,0
wall,7092-231.jpg,uncracked,1,0.00390625,0.390625,255.0,2.0,2.0,90.0,0
wall,7133-65.jpg,uncracked,1,0.007598876953125,0.7598876953125,56.941125496954285,5.412546144439559,12.0,151.50247436060903,0
wall,7104-251.jpg,uncracked,1,0.0012664794921875,0.12664794921875,82.0,2.0,2.0,90.0,0
wall,7096-176.jpg,uncracked,1,0.0034027099609375,0.34027099609375,222.0,2.0,2.0,90.0,0
wall,7124-232.jpg,uncracked,1,0.0038909912109375,0.38909912109375,254.0,2.0,2.0,90.0,0
wall,7100-110.jpg,uncracked,1,0.0038909912109375,0.38909912109375,254.0,2.0,2.0,90.0,0
wall,7106-138.jpg,uncracked,1,0.00390625,0.390625,255.0,2.0,2.0,90.0,0
wall,7131-145.jpg,uncracked,1,0.001312255859375,0.1312255859375,85.0,2.0,2.0,90.0,0
wall,7100-251.jpg,uncracked,1,0.004058837890625,0.4058837890625,255.0,2.0663791513138814,4.0,90.0,0
wall,7105-43.jpg,uncracked,1,0.0027313232421875,0.27313232421875,177.0,2.0,2.0,90.0,0
wall,7124-88.jpg,uncracked,1,0.00091552734375,0.091552734375,59.0,2.0,2.0,90.0,0
wall,7102-131.jpg,uncracked,1,0.002044677734375,0.2044677734375,133.0,2.0,2.0,90.0,0
wall,7079-113.jpg,uncracked,1,0.0014495849609375,0.14495849609375,94.0,2.0,2.0,90.0,0
wall,7136-167.jpg,uncracked,1,0.0009765625,0.09765625,63.0,2.0,2.0,90.0,0
wall,7130-144.jpg,uncracked,1,0.00390625,0.390625,255.0,2.0,2.0,90.0,0
wall,7106-249.jpg,uncracked,1,0.00390625,0.390625,255.0,2.0,2.0,90.0,0
wall,7131-236.jpg,uncracked,1,0.003875732421875,0.3875732421875,253.0,2.0,2.0,90.0,0
wall,7091-155.jpg,uncracked,1,0.00042724609375,0.042724609375,27.0,2.0,2.0,90.0,0
wall,7102-185.jpg,uncracked,1,0.0038909912109375,0.38909912109375,254.0,2.0,2.0,90.0,0
wall,7106-147.jpg,uncracked,1,0.0040283203125,0.40283203125,248.8284271247462,2.1195897307120024,6.0,89.98992045833332,2
wall,7097-59.jpg,uncracked,1,0.003814697265625,0.3814697265625,249.0,2.0,2.0,90.0,0
wall,7107-238.jpg,uncracked,1,0.000946044921875,0.0946044921875,60.0,2.0,2.0,90.0,0
wall,7096-181.jpg,uncracked,1,0.00390625,0.390625,255.0,2.0,2.0,90.0,0
wall,7085-249.jpg,uncracked,1,0.0025787353515625,0.25787353515625,22.38477631085024,4.165880708097735,8.48528137423857,131.26101616794233,0
wall,7123-217.jpg,uncracked,1,0.0016326904296875,0.16326904296875,105.0,2.0,2.0,90.0,0
wall,7097-45.jpg,uncracked,1,0.0031890869140625,0.31890869140625,208.0,2.0,2.0,90.0,0
wall,7124-126.jpg,uncracked,1,0.0029754638671875,0.29754638671875,194.0,2.0,2.0,90.0,0
wall,7078-243.jpg,uncracked,1,0.0005035400390625,0.05035400390625,32.0,2.0,2.0,90.0,0
wall,7106-31.jpg,uncracked,1,0.00390625,0.390625,255.0,2.0,2.0,90.0,0
wall,7130-202.jpg,uncracked,1,0.0038909912109375,0.38909912109375,254.0,2.0,2.0,90.0,0
wall,7104-235.jpg,uncracked,1,0.0038909912109375,0.38909912109375,254.0,2.0,2.0,90.0,0
wall,7136-64.jpg,uncracked,1,0.0027313232421875,0.27313232421875,177.0,2.0,2.0,90.0,0
wall,7097-217.jpg,uncracked,1,0.00390625,0.390625,255.0,2.0,2.0,90.0,0
wall,7101-165.jpg,uncracked,1,0.0038909912109375,0.38909912109375,254.0,2.0,2.0,90.0,0
wall,7091-223.jpg,uncracked,1,0.0016326904296875,0.16326904296875,105.0,2.0,2.0,90.0,0
wall,7096-248.jpg,uncracked,1,0.003875732421875,0.3875732421875,253.0,2.0,2.0,90.0,0
wall,7092-14.jpg,uncracked,1,0.00146484375,0.146484375,95.0,2.0,2.0,90.0,0
wall,7140-104.jpg,uncracked,1,0.0023651123046875,0.23651123046875,154.0,2.0,2.0,90.0,0
wall,7140-32.jpg,uncracked,1,0.002410888671875,0.2410888671875,157.0,2.0,2.0,90.0,0
wall,7097-98.jpg,uncracked,1,0.003814697265625,0.3814697265625,249.0,2.0,2.0,90.0,0
wall,7140-127.jpg,uncracked,1,0.0035552978515625,0.35552978515625,232.0,2.0,2.0,90.0,0
wall,7095-140.jpg,uncracked,1,0.0076446533203125,0.76446533203125,77.69848480983501,4.145796311227172,8.246211251235321,168.9513836908985,0
wall,7096-109.jpg,uncracked,1,0.0038909912109375,0.38909912109375,254.0,2.0,2.0,90.0,0
wall,7140-72.jpg,uncracked,1,0.0037689208984375,0.37689208984375,245.0,2.0,2.0,90.0,0
wall,7135-110.jpg,uncracked,1,0.000518798828125,0.0518798828125,33.0,2.0,2.0,90.0,0
wall,7131-247.jpg,uncracked,1,0.00390625,0.390625,255.0,2.0,2.0,90.0,0
wall,7135-56.jpg,uncracked,1,0.000579833984375,0.0579833984375,37.0,2.0,2.0,90.0,0
wall,7110-113.jpg,uncracked,1,0.03057861328125,3.057861328125,256.27922061357856,5.0262672014594525,12.0,3.595237434581094,0
wall,7131-163.jpg,uncracked,1,0.0028076171875,0.28076171875,183.0,2.0,2.0,90.0,0
wall,7105-21.jpg,uncracked,1,0.0032958984375,0.32958984375,215.0,2.0,2.0,90.0,0
wall,7123-216.jpg,uncracked,1,0.0035400390625,0.35400390625,231.0,2.0,2.0,90.0,0
wall,7123-34.jpg,uncracked,1,0.001953125,0.1953125,126.0,2.0,2.0,90.0,0
wall,7112-83.jpg,uncracked,1,0.0179595947265625,1.79595947265625,66.2842712474619,10.122493231340895,27.784887978899608,146.1695816423254,0
wall,7136-14.jpg,uncracked,1,0.001251220703125,0.1251220703125,81.0,2.0,2.0,90.0,0
wall,7079-3.jpg,uncracked,1,0.001556396484375,0.1556396484375,101.0,2.0,2.0,90.0,0
wall,7102-91.jpg,uncracked,1,0.0031585693359375,0.31585693359375,205.0,2.0,2.0,90.0,0
wall,7136-16.jpg,uncracked,1,0.0037841796875,0.37841796875,246.0,2.0,2.0,90.0,0
wall,7092-244.jpg,uncracked,1,0.0021514892578125,0.21514892578125,139.0,2.0,2.0,90.0,0
wall,7130-194.jpg,uncracked,1,0.00390625,0.390625,255.0,2.0,2.0,90.0,0
wall,7084-235.jpg,uncracked,1,0.00390625,0.390625,255.0,2.0,2.0,90.0,0
wall,7135-243.jpg,uncracked,1,0.0027618408203125,0.27618408203125,179.0,2.0,2.0,90.0,0
wall,7100-209.jpg,uncracked,1,0.003875732421875,0.3875732421875,253.0,2.0,2.0,90.0,0
wall,7097-31.jpg,uncracked,1,0.000946044921875,0.0946044921875,61.0,2.0,2.0,90.0,0
wall,7100-107.jpg,uncracked,1,0.00390625,0.390625,255.0,2.0,2.0,90.0,0
wall,7116-31.jpg,uncracked,1,0.000579833984375,0.0579833984375,9.82842712474619,2.7346009120651655,4.47213595499958,77.25400066001825,0
wall,7135-203.jpg,uncracked,1,0.00347900390625,0.347900390625,227.0,2.0,2.0,90.0,0
wall,7132-82.jpg,uncracked,1,0.0015411376953125,0.15411376953125,100.0,2.0,2.0,90.0,0
wall,7089-217.jpg,uncracked,1,0.0020751953125,0.20751953125,135.0,2.0,2.0,90.0,0
wall,7106-236.jpg,uncracked,1,0.00390625,0.390625,255.0,2.0,2.0,90.0,0
wall,7105-98.jpg,uncracked,1,0.0035247802734375,0.35247802734375,230.0,2.0,2.0,90.0,0
wall,7135-111.jpg,uncracked,1,0.002410888671875,0.2410888671875,157.0,2.0,2.0,90.0,0
wall,7137-70.jpg,uncracked,1,0.0027923583984375,0.27923583984375,12.82842712474619,4.976888536240886,11.661903789690601,6.6659834804808895,0
wall,7102-221.jpg,uncracked,1,0.0038909912109375,0.38909912109375,254.0,2.0,2.0,90.0,0
wall,7131-16.jpg,uncracked,1,0.00164794921875,0.164794921875,107.0,2.0,2.0,90.0,0
wall,7106-143.jpg,uncracked,1,0.00390625,0.390625,255.0,2.0,2.0,90.0,0
wall,7130-131.jpg,uncracked,1,0.003448486328125,0.3448486328125,225.0,2.0,2.0,90.0,0
wall,7086-89.jpg,uncracked,1,0.0011138916015625,0.11138916015625,72.0,2.0,2.0,90.0,0
wall,7100-243.jpg,uncracked,1,0.00390625,0.390625,255.0,2.0,2.0,90.0,0
wall,7140-182.jpg,uncracked,1,0.0038909912109375,0.38909912109375,254.0,2.0,2.0,90.0,0
wall,7139-144.jpg,uncracked,1,0.002197265625,0.2197265625,143.0,2.0,2.0,90.0,0
wall,7106-127.jpg,uncracked,1,0.00390625,0.390625,255.0,2.0,2.0,90.0,0
wall,7084-1.jpg,uncracked,1,0.0008544921875,0.08544921875,55.0,2.0,2.0,90.0,0
wall,7135-220.jpg,uncracked,1,0.0037994384765625,0.37994384765625,247.0,2.0,2.0,90.0,0
wall,7087-18.jpg,uncracked,1,0.0004730224609375,0.04730224609375,30.0,2.0,2.0,90.0,0
wall,7123-124.jpg,uncracked,1,0.001678466796875,0.1678466796875,108.0,2.0,2.0,90.0,0
wall,7114-78.jpg,uncracked,1,0.0064697265625,0.64697265625,67.2842712474619,3.970828629416063,8.246211251235321,99.96999496688832,0
wall,7097-162.jpg,uncracked,1,0.00390625,0.390625,255.0,2.0,2.0,90.0,0
wall,7105-67.jpg,uncracked,1,0.0003814697265625,0.03814697265625,24.0,2.0,2.0,90.0,0
wall,7089-206.jpg,uncracked,1,0.0020751953125,0.20751953125,134.0,2.0,2.0,90.0,0
wall,7101-188.jpg,uncracked,1,0.0025787353515625,0.25787353515625,167.0,2.0,2.0,90.0,0
wall,7084-244.jpg,uncracked,1,0.0003509521484375,0.03509521484375,22.0,2.0,2.0,90.0,0
wall,7109-130.jpg,uncracked,1,0.0016937255859375,0.16937255859375,26.65685424949238,3.266385391881938,7.211102550927978,92.40622424832813,3
wall,7098-32.jpg,uncracked,1,0.0123138427734375,1.23138427734375,86.94112549695427,5.824505302578266,15.231546211727817,1.6953561653586178,2
wall,7132-59.jpg,uncracked,1,0.0007171630859375,0.07171630859375,46.0,2.0,2.0,90.0,0
wall,7132-17.jpg,uncracked,1,0.0038909912109375,0.38909912109375,254.0,2.0,2.0,90.0,0
wall,7106-119.jpg,uncracked,1,0.0038909912109375,0.38909912109375,254.0,2.0,2.0,90.0,0
wall,7087-168.jpg,uncracked,1,0.019317626953125,1.9317626953125,123.50966799187809,6.376845920393883,17.08800749063506,99.5512599130461,0
wall,7132-235.jpg,uncracked,1,0.00390625,0.390625,255.0,2.0,2.0,90.0,0
wall,7100-53.jpg,uncracked,1,0.00390625,0.390625,255.0,2.0,2.0,90.0,0
wall,7100-46.jpg,uncracked,1,0.0042572021484375,0.42572021484375,155.89949493661166,4.489908212680236,16.97056274847714,81.54661600317905,1
wall,7102-147.jpg,uncracked,1,0.0038604736328125,0.38604736328125,252.0,2.0,2.0,90.0,0
wall,7092-53.jpg,uncracked,1,0.003875732421875,0.3875732421875,253.0,2.0,2.0,90.0,0
wall,7140-239.jpg,uncracked,1,0.0038909912109375,0.38909912109375,254.0,2.0,2.0,90.0,0
wall,7124-197.jpg,uncracked,1,0.0032196044921875,0.32196044921875,210.0,2.0,2.0,90.0,0
wall,7135-201.jpg,uncracked,1,0.002349853515625,0.2349853515625,152.0,2.0,2.0,90.0,0
wall,7096-39.jpg,uncracked,1,0.002349853515625,0.2349853515625,152.0,2.0,2.0,90.0,0
wall,7102-167.jpg,uncracked,1,0.0038909912109375,0.38909912109375,254.0,2.0,2.0,90.0,0
wall,7081-181.jpg,uncracked,1,0.0004730224609375,0.04730224609375,30.0,2.0,2.0,90.0,0
wall,7131-195.jpg,uncracked,1,0.00390625,0.390625,255.0,2.0,2.0,90.0,0
wall,7092-4.jpg,uncracked,1,0.000579833984375,0.0579833984375,37.0,2.0,2.0,90.0,0
wall,7132-198.jpg,uncracked,1,0.00390625,0.390625,255.0,2.0,2.0,90.0,0
wall,7083-218.jpg,uncracked,1,0.0030975341796875,0.30975341796875,202.0,2.0,2.0,90.0,0
wall,7105-31.jpg,uncracked,1,0.01873779296875,1.873779296875,282.31370849898474,5.308160147283589,14.0,11.721269031763597,0
wall,7091-240.jpg,uncracked,1,0.0035247802734375,0.35247802734375,230.0,2.0,2.0,90.0,0
wall,7130-83.jpg,uncracked,1,0.0038299560546875,0.38299560546875,249.0,2.0,2.0,90.0,0
wall,7096-150.jpg,uncracked,1,0.00390625,0.390625,255.0,2.0,2.0,90.0,0
wall,7078-182.jpg,uncracked,1,0.002166748046875,0.2166748046875,139.0,2.0,2.0,90.0,0
wall,7140-157.jpg,uncracked,1,0.0034637451171875,0.34637451171875,226.0,2.0,2.0,90.0,0
wall,7100-105.jpg,uncracked,1,0.0037841796875,0.37841796875,247.0,2.0,2.0,90.0,0
wall,7118-107.jpg,uncracked,1,0.000701904296875,0.0701904296875,45.0,2.0,2.0,90.0,0
wall,7135-146.jpg,uncracked,1,0.002105712890625,0.2105712890625,135.0,2.0,2.0,90.0,0
wall,7132-106.jpg,uncracked,1,0.00390625,0.390625,255.0,2.0,2.0,90.0,0
wall,7135-177.jpg,uncracked,1,0.00390625,0.390625,255.0,2.0,2.0,90.0,0
wall,7106-46.jpg,uncracked,1,0.00274658203125,0.274658203125,177.0,2.0,2.0,90.0,0
wall,7096-166.jpg,uncracked,1,0.0038909912109375,0.38909912109375,254.0,2.0,2.0,90.0,0
wall,7135-189.jpg,uncracked,1,0.00177001953125,0.177001953125,113.0,2.0,2.0,90.0,0
wall,7108-70.jpg,uncracked,1,0.003387451171875,0.3387451171875,23.556349186104047,4.563548385110937,10.0,149.04521635831472,0
wall,7084-131.jpg,uncracked,1,0.0006256103515625,0.06256103515625,40.0,2.0,2.0,90.0,0
wall,7100-72.jpg,uncracked,1,0.0038909912109375,0.38909912109375,254.0,2.0,2.0,90.0,0
wall,7124-52.jpg,uncracked,1,0.0003509521484375,0.03509521484375,22.0,2.0,2.0,90.0,0
wall,7092-37.jpg,uncracked,1,0.0023956298828125,0.23956298828125,156.0,2.0,2.0,90.0,0
wall,7130-81.jpg,uncracked,1,0.0033111572265625,0.33111572265625,214.0,2.0,2.0,90.0,0
wall,7131-176.jpg,uncracked,1,0.003326416015625,0.3326416015625,217.0,2.0,2.0,90.0,0
wall,7136-178.jpg,uncracked,1,0.00323486328125,0.323486328125,210.0,2.0,2.0,90.0,0
wall,7106-111.jpg,uncracked,1,0.0038909912109375,0.38909912109375,254.0,2.0,2.0,90.0,0
wall,7096-217.jpg,uncracked,1,0.00390625,0.390625,255.0,2.0,2.0,90.0,0
wall,7140-52.jpg,uncracked,1,0.00311279296875,0.311279296875,202.0,2.0,2.0,90.0,0
wall,7102-215.jpg,uncracked,1,0.0023956298828125,0.23956298828125,51.14213562373095,3.440153171022682,7.211102550927978,170.00935527088066,0
wall,7079-149.jpg,uncracked,1,0.00213623046875,0.213623046875,138.0,2.0,2.0,90.0,0
wall,7079-165.jpg,uncracked,1,0.000946044921875,0.0946044921875,60.0,2.0,2.0,90.0,0
wall,7130-140.jpg,uncracked,1,0.003875732421875,0.3875732421875,253.0,2.0,2.0,90.0,0
wall,7100-156.jpg,uncracked,1,0.0038909912109375,0.38909912109375,254.0,2.0,2.0,90.0,0
wall,7133-199.jpg,uncracked,1,0.0027008056640625,0.27008056640625,20.899494936611667,4.420928520734494,10.0,149.0793772614469,0
wall,7102-152.jpg,uncracked,1,0.0025787353515625,0.25787353515625,168.0,2.0,2.0,90.0,0
wall,7131-188.jpg,uncracked,1,0.0091400146484375,0.91400146484375,213.48528137423858,5.809667459951325,18.110770276274835,173.77317768236978,0
wall,7079-20.jpg,uncracked,1,0.00140380859375,0.140380859375,90.0,2.0,2.0,90.0,0
wall,7130-178.jpg,uncracked,1,0.00390625,0.390625,255.0,2.0,2.0,90.0,0
wall,7085-250.jpg,uncracked,1,0.0422821044921875,4.22821044921875,345.8355697996826,5.4775938385884295,16.492422502470642,117.1408961412487,2
wall,7078-219.jpg,uncracked,1,0.00274658203125,0.274658203125,178.0,2.0,2.0,90.0,0
wall,7135-71.jpg,uncracked,1,0.00390625,0.390625,255.0,2.0,2.0,90.0,0
wall,7097-197.jpg,uncracked,1,0.0179290771484375,1.79290771484375,333.49747468305833,3.9438860886017326,8.94427190999916,112.00517511534075,0
wall,7132-38.jpg,uncracked,1,0.002685546875,0.2685546875,174.0,2.0,2.0,90.0,0
wall,7111-108.jpg,uncracked,1,0.0029754638671875,0.29754638671875,25.31370849898476,3.75094836673522,7.211102550927978,176.96892020178143,0
wall,7118-35.jpg,uncracked,1,0.0009765625,0.09765625,63.0,2.0,2.0,90.0,0
wall,7096-196.jpg,uncracked,1,0.0036163330078125,0.36163330078125,236.0,2.0,2.0,90.0,0
wall,7135-142.jpg,uncracked,1,0.003875732421875,0.3875732421875,253.0,2.0,2.0,90.0,0
wall,7100-49.jpg,uncracked,1,0.0031280517578125,0.31280517578125,204.0,2.0,2.0,90.0,0
wall,7100-193.jpg,uncracked,1,0.0031585693359375,0.31585693359375,204.0,2.0,2.0,90.0,0
wall,7100-144.jpg,uncracked,1,0.00390625,0.390625,255.0,2.0,2.0,90.0,0
wall,7132-36.jpg,uncracked,1,0.0038909912109375,0.38909912109375,254.0,2.0,2.0,90.0,0
wall,7135-107.jpg,uncracked,1,0.0031890869140625,0.31890869140625,208.0,2.0,2.0,90.0,0
wall,7091-238.jpg,uncracked,1,0.0033111572265625,0.33111572265625,216.0,2.0,2.0,90.0,0
wall,7080-197.jpg,uncracked,1,0.002288818359375,0.2288818359375,149.0,2.0,2.0,90.0,0
wall,7102-73.jpg,uncracked,1,0.0038299560546875,0.38299560546875,250.0,2.0,2.0,90.0,0
wall,7100-112.jpg,uncracked,1,0.0032958984375,0.32958984375,213.0,2.0,2.0,90.0,0
wall,7088-149.jpg,uncracked,1,0.000762939453125,0.0762939453125,49.0,2.0,2.0,90.0,0
wall,7122-162.jpg,uncracked,1,0.0033721923828125,0.33721923828125,219.0,2.0,2.0,90.0,0
wall,7122-226.jpg,uncracked,1,0.0012664794921875,0.12664794921875,81.0,2.0,2.0,90.0,0
wall,7108-32.jpg,uncracked,1,0.00146484375,0.146484375,6.82842712474619,4.228078708457908,10.0,0.0,0
wall,7115-231.jpg,uncracked,1,0.00091552734375,0.091552734375,59.0,2.0,2.0,90.0,0
wall,7132-222.jpg,uncracked,1,0.003875732421875,0.3875732421875,253.0,2.0,2.0,90.0,0
wall,7092-199.jpg,uncracked,1,0.002716064453125,0.2716064453125,177.0,2.0,2.0,90.0,0
wall,7122-243.jpg,uncracked,1,0.0062103271484375,0.62103271484375,207.55634918610406,3.493838989967296,10.0,87.97485723148705,0
wall,7096-209.jpg,uncracked,1,0.003875732421875,0.3875732421875,253.0,2.0,2.0,90.0,0
wall,7135-183.jpg,uncracked,1,0.003387451171875,0.3387451171875,221.0,2.0,2.0,90.0,0
wall,7132-181.jpg,uncracked,1,0.0034027099609375,0.34027099609375,221.0,2.0,2.0,90.0,0
wall,7079-56.jpg,uncracked,1,0.00189208984375,0.189208984375,123.0,2.0,2.0,90.0,0
wall,7118-235.jpg,uncracked,1,0.000946044921875,0.0946044921875,61.0,2.0,2.0,90.0,0
wall,7135-166.jpg,uncracked,1,0.0038909912109375,0.38909912109375,254.0,2.0,2.0,90.0,0
wall,7078-72.jpg,uncracked,1,0.014190673828125,1.4190673828125,154.84062043356596,5.902074341469908,14.142135623730951,117.8334324837047,0
wall,7106-193.jpg,uncracked,1,0.0039825439453125,0.39825439453125,251.0,2.0523251120670207,4.0,90.0,0
wall,7123-71.jpg,uncracked,1,0.0032501220703125,0.32501220703125,212.0,2.0,2.0,90.0,0
wall,7097-221.jpg,uncracked,1,0.00390625,0.390625,255.0,2.0,2.0,90.0,0
wall,7132-48.jpg,uncracked,1,0.0024566650390625,0.24566650390625,159.0,2.0,2.0,90.0,0
wall,7135-158.jpg,uncracked,1,0.00323486328125,0.323486328125,211.0,2.0,2.0,90.0,0
wall,7102-223.jpg,uncracked,1,0.0033721923828125,0.33721923828125,220.0,2.0,2.0,90.0,0
wall,7130-138.jpg,uncracked,1,0.0039825439453125,0.39825439453125,249.8284271247462,2.0807908334625678,6.0,89.99612765420311,2
wall,7079-199.jpg,uncracked,1,0.002044677734375,0.2044677734375,133.0,2.0,2.0,90.0,0
wall,7135-58.jpg,uncracked,1,0.000732421875,0.0732421875,47.0,2.0,2.0,90.0,0
wall,7106-115.jpg,uncracked,1,0.003814697265625,0.3814697265625,249.0,2.0,2.0,90.0,0
wall,7130-88.jpg,uncracked,1,0.0038909912109375,0.38909912109375,254.0,2.0,2.0,90.0,0
wall,7079-136.jpg,uncracked,1,0.0045623779296875,0.45623779296875,39.21320343559643,4.372251867499546,10.0,119.74828186520494,0
wall,7091-151.jpg,uncracked,1,0.001556396484375,0.1556396484375,100.0,2.0,2.0,90.0,0
wall,7106-64.jpg,uncracked,1,0.0037078857421875,0.37078857421875,241.0,2.0,2.0,90.0,0
wall,7135-163.jpg,uncracked,1,0.0021514892578125,0.21514892578125,140.0,2.0,2.0,90.0,0
wall,7122-196.jpg,uncracked,1,0.003265380859375,0.3265380859375,213.0,2.0,2.0,90.0,0
wall,7106-97.jpg,uncracked,1,0.00390625,0.390625,255.0,2.0,2.0,90.0,0
wall,7105-230.jpg,uncracked,1,0.0038909912109375,0.38909912109375,254.0,2.0,2.0,90.0,0
wall,7130-191.jpg,uncracked,1,0.0038604736328125,0.38604736328125,251.0,2.0,2.0,90.0,0
wall,7097-50.jpg,uncracked,1,0.00164794921875,0.164794921875,107.0,2.0,2.0,90.0,0
wall,7139-233.jpg,uncracked,1,0.0008087158203125,0.08087158203125,52.0,2.0,2.0,90.0,0
wall,7100-20.jpg,uncracked,1,0.00390625,0.390625,255.0,2.0,2.0,90.0,0
wall,7073-105.jpg,uncracked,1,0.0126953125,1.26953125,119.05382386916239,4.4157263379664,10.0,135.06704427245563,6
wall,7086-135.jpg,uncracked,1,0.0061798095703125,0.61798095703125,102.79898987322333,4.613223239047871,14.142135623730951,82.31089431156369,5
wall,7112-251.jpg,uncracked,1,0.002716064453125,0.2716064453125,31.31370849898476,6.508622844667242,16.1245154965971,4.466093655254269,3
wall,7140-11.jpg,uncracked,1,0.00048828125,0.048828125,31.0,2.0,2.0,90.0,0
wall,7105-125.jpg,uncracked,1,0.0033416748046875,0.33416748046875,218.0,2.0,2.0,90.0,0
wall,7140-174.jpg,uncracked,1,0.00323486328125,0.323486328125,211.0,2.0,2.0,90.0,0
wall,7124-28.jpg,uncracked,1,0.0005035400390625,0.05035400390625,7.414213562373095,2.6458699545146898,4.0,171.7478193091225,0
wall,7102-224.jpg,uncracked,1,0.00341796875,0.341796875,222.0,2.0,2.0,90.0,0
