recall,precision
1.0,0.1511766104112194
1.0,0.15119457981694995
1.0,0.15121255349500715
1.0,0.15123053144691476
1.0,0.1512485136741974
1.0,0.1512665001783803
1.0,0.15128449096098953
1.0,0.1513024860235518
1.0,0.15132048536759457
1.0,0.15133848899464605
1.0,0.15135649690623512
1.0,0.15137450910389147
1.0,0.15139252558914545
1.0,0.15141054636352816
1.0,0.15142857142857144
1.0,0.15144660078580782
1.0,0.15146463443677066
1.0,0.15148267238299393
1.0,0.1515007146260124
1.0,0.15151876116736152
1.0,0.15153681200857755
1.0,0.15155486715119743
1.0,0.1515729265967588
1.0,0.15159099034680015
1.0,0.15160905840286054
1.0,0.1516271307664799
1.0,0.15164520743919885
1.0,0.15166328842255872
1.0,0.1516813737181016
1.0,0.1516994633273703
1.0,0.15171755725190839
1.0,0.15173565549326018
1.0,0.15175375805297064
1.0,0.1517718649325856
1.0,0.15178997613365156
1.0,0.15180809165771572
1.0,0.15182621150632608
0.9992138364779874,0.15172496120329473
0.9992138364779874,0.15174307545367718
0.9992138364779874,0.15176119402985075
0.9992138364779874,0.1517793169333652
0.9992138364779874,0.15179744416577093
0.9992138364779874,0.1518155757286192
0.9992138364779874,0.15183371162346196
0.9992138364779874,0.15185185185185185
0.9992138364779874,0.15186999641534232
0.9992138364779874,0.15188814531548758
0.9992138364779874,0.15190629855384247
0.9992138364779874,0.1519244561319627
0.9992138364779874,0.15194261805140466
0.9992138364779874,0.15196078431372548
0.9992138364779874,0.15197895492048308
0.9992138364779874,0.15199712987323608
0.9992138364779874,0.15201530917354383
0.9992138364779874,0.15203349282296652
0.9992138364779874,0.15205168082306497
0.9992138364779874,0.15206987317540083
0.9992138364779874,0.15208806988153645
0.9992138364779874,0.15210627094303494
0.9992138364779874,0.1521244763614602
0.9992138364779874,0.15214268613837684
0.9992138364779874,0.15216090027535017
0.9992138364779874,0.15217911877394635
0.9992138364779874,0.15219734163573226
0.9992138364779874,0.15221556886227544
0.9992138364779874,0.15223380045514434
0.9992138364779874,0.152252036415908
0.9984276729559748,0.15215047322391279
0.9984276729559748,0.15216870357057272
0.9984276729559748,0.15218693828639904
0.9984276729559748,0.1522051773729626
0.9984276729559748,0.15222342083183507
0.9984276729559748,0.15224166866458883
0.9984276729559748,0.15225992087279702
0.9984276729559748,0.15227817745803357
0.9984276729559748,0.15229643842187313
0.9984276729559748,0.1523147037658911
0.9984276729559748,0.15233297349166366
0.9984276729559748,0.15235124760076776
0.9984276729559748,0.15236952609478105
0.9984276729559748,0.15238780897528198
0.9984276729559748,0.15240609624384976
0.9984276729559748,0.15242438790206433
0.9984276729559748,0.15244268395150642
0.9984276729559748,0.1524609843937575
0.9984276729559748,0.1524792892303998
0.9984276729559748,0.15249759846301633
0.9984276729559748,0.15251591209319082
0.9984276729559748,0.1525342301225078
0.9984276729559748,0.15255255255255254
0.9984276729559748,0.1525708793849111
0.9984276729559748,0.15258921062117026
0.9984276729559748,0.15260754626291756
0.9984276729559748,0.15262588631174137
0.9984276729559748,0.15264423076923078
0.9984276729559748,0.1526625796369756
0.9984276729559748,0.15268093291656648
0.9984276729559748,0.1526992906095948
0.9984276729559748,0.15271765271765272
0.9984276729559748,0.15273601924233313
0.9984276729559748,0.15275439018522974
0.9984276729559748,0.15277276554793698
0.9984276729559748,0.15279114533205004
0.9984276729559748,0.15280952953916496
0.9984276729559748,0.15282791817087846
0.9984276729559748,0.15284631122878806
0.9984276729559748,0.15286470871449206
0.9984276729559748,0.1528831106295895
0.9984276729559748,0.15290151697568022
0.9984276729559748,0.15291992775436483
0.9984276729559748,0.1529383429672447
0.9984276729559748,0.15295676261592195
0.9984276729559748,0.15297518670199953
0.9984276729559748,0.15299361522708108
0.9984276729559748,0.1530120481927711
0.9984276729559748,0.15303048560067478
0.9984276729559748,0.15304892745239818
0.9984276729559748,0.15306737374954804
0.9984276729559748,0.15308582449373193
0.9984276729559748,0.15310427968655818
0.9984276729559748,0.15312273932963588
0.9984276729559748,0.15314120342457493
0.9984276729559748,0.15315967197298602
0.9984276729559748,0.15317814497648052
0.9984276729559748,0.15319662243667068
0.9984276729559748,0.1532151043551695
0.9984276729559748,0.15323359073359075
0.9984276729559748,0.15325208157354894
0.9984276729559748,0.15327057687665943
0.9984276729559748,0.15328907664453834
0.9984276729559748,0.1533075808788025
0.9984276729559748,0.15332608958106966
0.9984276729559748,0.15334460275295822
0.9984276729559748,0.15336312039608743
0.9984276729559748,0.15338164251207728
0.9984276729559748,0.1534001691025486
0.9984276729559748,0.15341870016912298
0.9984276729559748,0.15343723571342274
0.9984276729559748,0.15345577573707106
0.9984276729559748,0.15347432024169183
0.9984276729559748,0.15349286922890984
0.9984276729559748,0.15351142270035054
0.9984276729559748,0.15352998065764023
0.9984276729559748,0.153548543102406
0.9984276729559748,0.15356711003627568
0.9984276729559748,0.15358568146087798
0.9984276729559748,0.15360425737784228
0.9984276729559748,0.15362283778879884
0.9984276729559748,0.15364142269537867
0.9984276729559748,0.15366001209921354
0.9984276729559748,0.1536786060019361
0.9984276729559748,0.15369720440517973
0.9984276729559748,0.15371580731057854
0.9984276729559748,0.1537344147197676
0.9984276729559748,0.15375302663438256
0.9984276729559748,0.15377164305606006
0.9984276729559748,0.1537902639864374
0.9984276729559748,0.1538088894271527
0.9984276729559748,0.15382751937984496
0.9984276729559748,0.15384615384615385
0.9984276729559748,0.1538647928277199
0.9984276729559748,0.15388343632618443
0.9984276729559748,0.15390208434318953
0.9984276729559748,0.15392073688037813
0.9984276729559748,0.15393939393939393
0.9984276729559748,0.15395805552188144
0.9984276729559748,0.15397672162948595
0.9984276729559748,0.15399539226385353
0.9984276729559748,0.1540140674266311
0.9984276729559748,0.15403274711946635
0.9984276729559748,0.15405143134400776
0.9984276729559748,0.15407012010190466
0.9984276729559748,0.1540888133948071
0.9984276729559748,0.15410751122436597
0.9984276729559748,0.154126213592233
0.9984276729559748,0.15414492050006068
0.9984276729559748,0.1541636319495023
0.9984276729559748,0.15418234794221197
0.9984276729559748,0.15420106847984458
0.9984276729559748,0.15421979356405585
0.9984276729559748,0.1542385231965023
0.9984276729559748,0.15425725737884124
0.9984276729559748,0.1542759961127308
0.9984276729559748,0.1542947393998299
0.9984276729559748,0.1543134872417983
0.9984276729559748,0.15433223964029652
0.9984276729559748,0.1543509965969859
0.9984276729559748,0.15436975811352863
0.9984276729559748,0.15438852419158766
0.9984276729559748,0.15440729483282675
0.9984276729559748,0.1544260700389105
0.9984276729559748,0.1544448498115043
0.9984276729559748,0.15446363415227438
0.9984276729559748,0.15448242306288773
0.9984276729559748,0.15450121654501217
0.9984276729559748,0.15452001460031634
0.9984276729559748,0.1545388172304697
0.9984276729559748,0.15455762443714252
0.9984276729559748,0.15457643622200584
0.9984276729559748,0.1545952525867316
0.9984276729559748,0.15461407353299245
0.9984276729559748,0.15463289906246194
0.9984276729559748,0.1546517291768144
0.9984276729559748,0.15467056387772501
0.9984276729559748,0.15468940316686966
0.9984276729559748,0.1547082470459252
0.9984276729559748,0.1547270955165692
0.9984276729559748,0.15474594858048007
0.9984276729559748,0.15476480623933708
0.9984276729559748,0.15478366849482023
0.9984276729559748,0.15480253534861044
0.9984276729559748,0.15482140680238937
0.9984276729559748,0.15484028285783955
0.9984276729559748,0.1548591635166443
0.9984276729559748,0.1548780487804878
0.9984276729559748,0.154896938651055
0.9984276729559748,0.1549158331300317
0.9984276729559748,0.15493473221910456
0.9984276729559748,0.15495363591996095
0.9984276729559748,0.1549725442342892
0.9984276729559748,0.15499145716377838
0.9984276729559748,0.1550103747101184
0.9984276729559748,0.155029296875
0.9984276729559748,0.15504822366011475
0.9984276729559748,0.15506715506715507
0.9984276729559748,0.15508609109781413
0.9984276729559748,0.15510503175378604
0.9984276729559748,0.15512397703676561
0.9984276729559748,0.15514292694844858
0.9984276729559748,0.15516188149053145
0.9984276729559748,0.15518084066471163
0.9984276729559748,0.15519980447268727
0.9984276729559748,0.15521877291615743
0.9984276729559748,0.1552377459968219
0.9984276729559748,0.1552567237163814
0.9984276729559748,0.15527570607653748
0.9984276729559748,0.1552946930789924
0.9984276729559748,0.15531368472544943
0.9984276729559748,0.15533268101761252
0.9984276729559748,0.15535168195718654
0.9984276729559748,0.15537068754587718
0.9984276729559748,0.1553896977853909
0.9984276729559748,0.15540871267743514
0.9984276729559748,0.15542773222371803
0.9984276729559748,0.1554467564259486
0.9984276729559748,0.1554657852858367
0.9984276729559748,0.15548481880509304
0.9984276729559748,0.15550385698542918
0.9984276729559748,0.15552289982855744
0.9984276729559748,0.15554194733619106
0.9984276729559748,0.1555609995100441
0.9984276729559748,0.15558005635183145
0.9984276729559748,0.1555991178632688
0.9984276729559748,0.15561818404607278
0.9984276729559748,0.1556372549019608
0.9984276729559748,0.15565633043265106
0.9984276729559748,0.1556754106398627
0.9984276729559748,0.15569449552531567
0.9984276729559748,0.15571358509073074
0.9984276729559748,0.15573267933782955
0.9984276729559748,0.15575177826833456
0.9984276729559748,0.1557708818839691
0.9984276729559748,0.1557899901864573
0.9984276729559748,0.15580910317752422
0.9984276729559748,0.1558282208588957
0.9984276729559748,0.15584734323229843
0.9984276729559748,0.15586647029946
0.9984276729559748,0.15588560206210875
0.9984276729559748,0.15590473852197398
0.9984276729559748,0.15592387968078575
0.9984276729559748,0.15594302554027506
0.9984276729559748,0.15596217610217364
0.9984276729559748,0.1559813313682142
0.9984276729559748,0.1560004913401302
0.9984276729559748,0.15601965601965603
0.9984276729559748,0.15603882540852684
0.9984276729559748,0.15605799950847873
0.9984276729559748,0.15607717832124862
0.9984276729559748,0.15609636184857423
0.9984276729559748,0.15611555009219422
0.9984276729559748,0.15613474305384806
0.9984276729559748,0.15615394073527603
0.9984276729559748,0.15617314313821937
0.9984276729559748,0.15619235026442013
0.9984276729559748,0.15621156211562115
0.9984276729559748,0.15623077869356625
0.9984276729559748,0.15625
0.9984276729559748,0.1562692260366679
0.9984276729559748,0.15628845680531628
0.9984276729559748,0.15630769230769231
0.9984276729559748,0.15632693254554406
0.9976415094339622,0.15622307029422627
0.9976415094339622,0.15624230485102192
0.9976415094339622,0.15626154414480975
0.9976415094339622,0.1562807881773399
0.9976415094339622,0.15630003695036335
0.9976415094339622,0.15631929046563192
0.9976415094339622,0.15633854872489836
0.9976415094339622,0.15635781172991622
0.9976415094339622,0.15637707948243992
0.9976415094339622,0.1563963519842248
0.9976415094339622,0.15641562923702698
0.9976415094339622,0.15643491124260356
0.9976415094339622,0.15645419800271237
0.9976415094339622,0.15647348951911222
0.9976415094339622,0.1564927857935627
0.9976415094339622,0.15651208682782436
0.9976415094339622,0.15653139262365856
0.9976415094339622,0.15655070318282754
0.9976415094339622,0.1565700185070944
0.9976415094339622,0.1565893385982231
0.9976415094339622,0.15660866345797853
0.9976415094339622,0.1566279930881264
0.9976415094339622,0.15664732749043328
0.9976415094339622,0.15666666666666668
0.9976415094339622,0.15668601061859488
0.9976415094339622,0.15670535934798716
0.9976415094339622,0.15672471285661357
0.9976415094339622,0.15674407114624506
0.9976415094339622,0.1567634342186535
0.9976415094339622,0.15678280207561157
0.9976415094339622,0.15680217471889288
0.9976415094339622,0.15682155215027188
0.9976415094339622,0.1568409343715239
0.9976415094339622,0.1568603213844252
0.9976415094339622,0.15687971319075286
0.9976415094339622,0.15689910979228486
0.9976415094339622,0.15691851119080005
0.9976415094339622,0.15693791738807816
0.9976415094339622,0.15695732838589982
0.9976415094339622,0.1569767441860465
0.9976415094339622,0.15699616479030062
0.9976415094339622,0.15701559020044542
0.9976415094339622,0.15703502041826506
0.9976415094339622,0.15705445544554456
0.9976415094339622,0.15707389528406981
0.9976415094339622,0.15709333993562763
0.9976415094339622,0.15711278940200568
0.9976415094339622,0.15713224368499257
0.9976415094339622,0.15715170278637772
0.9976415094339622,0.15717116670795145
0.9976415094339622,0.15719063545150502
0.9976415094339622,0.15721010901883054
0.9976415094339622,0.15722958741172097
0.9976415094339622,0.15724907063197027
0.9968553459119497,0.1571446275870616
0.9968553459119497,0.15716410510659395
0.9968553459119497,0.15718358745506383
0.9968553459119497,0.1572030746342673
0.9968553459119497,0.15722256664600123
0.9968553459119497,0.1572420634920635
0.9968553459119497,0.15726156517425277
0.9968553459119497,0.15728107169436864
0.9968553459119497,0.15730058305421163
0.9968553459119497,0.15732009925558313
0.9968553459119497,0.1573396203002854
0.9968553459119497,0.15735914619012162
0.9968553459119497,0.15737867692689586
0.9968553459119497,0.15739821251241312
0.9968553459119497,0.1574177529484792
0.9968553459119497,0.15743729823690092
0.9968553459119497,0.1574568483794859
0.9968553459119497,0.15747640337804272
0.9968553459119497,0.1574959632343808
0.9968553459119497,0.15751552795031057
0.9968553459119497,0.1575350975276432
0.9968553459119497,0.15755467196819087
0.9968553459119497,0.15757425127376662
0.9968553459119497,0.15759383544618444
0.9968553459119497,0.15761342448725918
0.9968553459119497,0.15763301839880656
0.9968553459119497,0.15765261718264328
0.9968553459119497,0.1576722208405869
0.9968553459119497,0.15769182937445592
0.9968553459119497,0.15771144278606966
0.9968553459119497,0.1577310610772484
0.9968553459119497,0.1577506842498134
0.9968553459119497,0.15777031230558666
0.9968553459119497,0.15778994524639123
0.9968553459119497,0.15780958307405102
0.9968553459119497,0.15782922579039083
0.9968553459119497,0.1578488733972364
0.9968553459119497,0.15786852589641434
0.9968553459119497,0.1578881832897522
0.9968553459119497,0.15790784557907844
0.9968553459119497,0.15792751276622244
0.9968553459119497,0.15794718485301446
0.9968553459119497,0.15796686184128567
0.9968553459119497,0.1579865437328682
0.9968553459119497,0.158006230529595
0.9968553459119497,0.1580259222333001
0.9968553459119497,0.15804561884581828
0.9968553459119497,0.1580653203689853
0.9968553459119497,0.15808502680463782
0.9968553459119497,0.15810473815461346
0.9968553459119497,0.1581244544207507
0.9968553459119497,0.158144175604889
0.9968553459119497,0.15816390170886865
0.9968553459119497,0.15818363273453093
0.9968553459119497,0.15820336868371804
0.9968553459119497,0.158223109558273
0.9968553459119497,0.15824285536003993
0.9968553459119497,0.1582626060908637
0.9968553459119497,0.1582823617525902
0.9968553459119497,0.15830212234706617
0.9968553459119497,0.15832188787613935
0.9968553459119497,0.15834165834165834
0.9968553459119497,0.1583614337454727
0.9968553459119497,0.15838121408943293
0.9968553459119497,0.15840099937539037
0.9968553459119497,0.1584207896051974
0.9968553459119497,0.15844058478070724
0.9968553459119497,0.15846038490377407
0.9968553459119497,0.15848018997625296
0.9968553459119497,0.1585
0.9968553459119497,0.15851981497687212
0.9968553459119497,0.1585396349087272
0.9968553459119497,0.15855945979742403
0.9968553459119497,0.1585792896448224
0.9968553459119497,0.15859912445278299
0.9968553459119497,0.15861896422316737
0.9968553459119497,0.1586388089578381
0.9968553459119497,0.15865865865865866
0.9968553459119497,0.15867851332749344
0.9968553459119497,0.15869837296620776
0.9968553459119497,0.15871823757666792
0.9968553459119497,0.1587381071607411
0.9968553459119497,0.15875798172029548
0.9968553459119497,0.1587778612572001
0.9968553459119497,0.15879774577332498
0.9968553459119497,0.15881763527054107
0.9968553459119497,0.15883752975072027
0.9968553459119497,0.1588574292157354
0.9968553459119497,0.1588773336674602
0.9968553459119497,0.15889724310776943
0.9968553459119497,0.15891715753853866
0.9968553459119497,0.15893707696164452
0.9968553459119497,0.1589570013789645
0.9968553459119497,0.15897693079237712
0.9968553459119497,0.15899686520376174
0.9968553459119497,0.15901680461499876
0.9968553459119497,0.1590367490279694
0.9968553459119497,0.15905669844455594
0.9968553459119497,0.15907665286664158
0.9968553459119497,0.1590966122961104
0.9968553459119497,0.15911657673484753
0.9968553459119497,0.15913654618473896
0.9968553459119497,0.15915652064767163
0.9968553459119497,0.15917650012553353
0.9968553459119497,0.15919648462021344
0.9968553459119497,0.1592164741336012
0.9968553459119497,0.1592364686675876
0.9968553459119497,0.1592564682240643
0.9968553459119497,0.159276472804924
0.9968553459119497,0.1592964824120603
0.9968553459119497,0.15931649704736775
0.9968553459119497,0.1593365167127419
0.9968553459119497,0.15935654141007918
0.9968553459119497,0.159376571141277
0.9968553459119497,0.15939660590823382
0.9968553459119497,0.1594166457128489
0.9968553459119497,0.1594366905570225
0.9968553459119497,0.15945674044265593
0.9968553459119497,0.15947679537165135
0.9968553459119497,0.15949685534591196
0.9968553459119497,0.1595169203673418
0.9968553459119497,0.159536990437846
0.9968553459119497,0.15955706555933055
0.9968553459119497,0.1595771457337025
0.9968553459119497,0.15959723096286973
0.9968553459119497,0.1596173212487412
0.9968553459119497,0.15963741659322675
0.9968553459119497,0.15965751699823721
0.9968553459119497,0.15967762246568443
0.9968553459119497,0.1596977329974811
0.9968553459119497,0.159717848595541
0.9968553459119497,0.15973796926177877
0.9968553459119497,0.1597580949981101
0.9968553459119497,0.15977822580645162
0.9968553459119497,0.15979836168872086
0.9968553459119497,0.1598185026468364
0.9968553459119497,0.15983864868271777
0.9968553459119497,0.15985879979828543
0.9968553459119497,0.15987895599546084
0.9968553459119497,0.15989911727616646
0.9968553459119497,0.15991928364232563
0.9968553459119497,0.15993945509586277
0.9968553459119497,0.15995963163870316
0.9968553459119497,0.15997981327277316
0.9968553459119497,0.16
0.9968553459119497,0.16002019182231197
0.9968553459119497,0.16004038874163826
0.9968553459119497,0.1600605907599091
0.9968553459119497,0.1600807978790557
0.9968553459119497,0.1601010101010101
0.9968553459119497,0.16012122742770551
0.9968553459119497,0.16014144986107604
0.9968553459119497,0.1601616774030567
0.9968553459119497,0.16018191005558363
0.9968553459119497,0.1602021478205938
0.9968553459119497,0.16022239070002528
0.9968553459119497,0.160242638695817
0.9968553459119497,0.160262891809909
0.9968553459119497,0.1602831500442422
0.9968553459119497,0.16030341340075854
0.9968553459119497,0.16032368188140095
0.9968553459119497,0.1603439554881133
0.9968553459119497,0.16036423422284052
0.9968553459119497,0.16038451808752846
0.9968553459119497,0.16040480708412397
0.9968553459119497,0.1604251012145749
0.9968553459119497,0.16044540048083006
0.9968553459119497,0.16046570488483927
0.9968553459119497,0.16048601442855334
0.9968553459119497,0.16050632911392404
0.9968553459119497,0.16052664894290417
0.9968553459119497,0.16054697391744746
0.9968553459119497,0.16056730403950867
0.9968553459119497,0.16058763931104356
0.9968553459119497,0.16060797973400887
0.9968553459119497,0.1606283253103623
0.9968553459119497,0.1606486760420626
0.9968553459119497,0.16066903193106943
0.9968553459119497,0.16068939297934356
0.9968553459119497,0.16070975918884664
0.9968553459119497,0.1607301305615414
0.9968553459119497,0.16075050709939148
0.9968553459119497,0.1607708888043616
0.9968553459119497,0.16079127567841744
0.9968553459119497,0.16081166772352568
0.9968553459119497,0.16083206494165397
0.9968553459119497,0.16085246733477102
0.9968553459119497,0.16087287490484647
0.9968553459119497,0.16089328765385102
0.9968553459119497,0.16091370558375634
0.9968553459119497,0.1609341286965351
0.9968553459119497,0.16095455699416095
0.9968553459119497,0.1609749904786086
0.9968553459119497,0.16099542915185372
0.9968553459119497,0.16101587301587303
0.9968553459119497,0.16103632207264415
0.9968553459119497,0.1610567763241458
0.9968553459119497,0.16107723577235772
0.9968553459119497,0.16109770041926058
0.9968553459119497,0.16111817026683609
0.9968553459119497,0.16113864531706698
0.9968553459119497,0.16115912557193696
0.9968553459119497,0.1611796110334308
0.9968553459119497,0.1612001017035342
0.9968553459119497,0.16122059758423396
0.9968553459119497,0.1612410986775178
0.9968553459119497,0.16126160498537453
0.9968553459119497,0.16128211650979393
0.9968553459119497,0.16130263325276684
0.9968553459119497,0.16132315521628499
0.9968553459119497,0.16134368240234126
0.9968553459119497,0.1613642148129295
0.9968553459119497,0.16138475245004455
0.9968553459119497,0.1614052953156823
0.9968553459119497,0.1614258434118396
0.9968553459119497,0.1614463967405144
0.9968553459119497,0.16146695530370558
0.9968553459119497,0.16148751910341314
0.9968553459119497,0.161508088141638
0.9968553459119497,0.16152866242038216
0.9968553459119497,0.16154924194164863
0.9968553459119497,0.16156982670744138
0.9968553459119497,0.1615904167197655
0.9968553459119497,0.16161101198062708
0.9968553459119497,0.16163161249203314
0.9968553459119497,0.16165221825599185
0.9968553459119497,0.1616728292745123
0.9968553459119497,0.1616934455496047
0.9968553459119497,0.1617140670832802
0.9968553459119497,0.16173469387755102
0.9968553459119497,0.1617553259344304
0.9968553459119497,0.16177596325593263
0.9968553459119497,0.161796605844073
0.9968553459119497,0.1618172537008678
0.9968553459119497,0.1618379068283344
0.9968553459119497,0.16185856522849118
0.9968553459119497,0.1618792289033576
0.9968553459119497,0.16189989785495404
0.9968553459119497,0.161920572085302
0.9968553459119497,0.161941251596424
0.9968553459119497,0.1619619363903436
0.9968553459119497,0.16198262646908534
0.9968553459119497,0.16200332183467483
0.9968553459119497,0.16202402248913877
0.9968553459119497,0.1620447284345048
0.9968553459119497,0.16206543967280163
0.9968553459119497,0.16208615620605907
0.9968553459119497,0.16210687803630786
0.9968553459119497,0.16212760516557984
0.9968553459119497,0.16214833759590794
0.9968553459119497,0.162169075329326
0.9968553459119497,0.16218981836786903
0.9968553459119497,0.16221056671357298
0.9968553459119497,0.16223132036847493
0.9968553459119497,0.16225207933461291
0.9968553459119497,0.1622728436140261
0.9968553459119497,0.16229361320875463
0.9968553459119497,0.16231438812083973
0.9968553459119497,0.16233516835232364
0.9968553459119497,0.16235595390524968
0.9968553459119497,0.1623767447816622
0.9968553459119497,0.16239754098360656
0.9968553459119497,0.16241834251312925
0.9968553459119497,0.16243914937227774
0.9968553459119497,0.16245996156310058
0.9968553459119497,0.16248077908764735
0.9968553459119497,0.16250160194796873
0.9968553459119497,0.1625224301461164
0.9968553459119497,0.16254326368414307
0.9968553459119497,0.16256410256410256
0.9968553459119497,0.16258494678804974
0.9968553459119497,0.1626057963580405
0.9968553459119497,0.16262665127613185
0.9968553459119497,0.16264751154438173
0.9968553459119497,0.16266837716484928
0.9968553459119497,0.16268924813959457
0.9968553459119497,0.1627101244706788
0.9968553459119497,0.16273100616016428
0.9968553459119497,0.16275189321011424
0.9968553459119497,0.16277278562259306
0.9968553459119497,0.16279368339966618
0.9968553459119497,0.1628145865434001
0.9968553459119497,0.16283549505586234
0.9968553459119497,0.1628564089391215
0.9968553459119497,0.16287732819524728
0.9968553459119497,0.16289825282631037
0.9968553459119497,0.16291918283438264
0.9968553459119497,0.16294011822153687
0.9968553459119497,0.16296105898984706
0.9960691823899371,0.162853470437018
0.9960691823899371,0.16287440545057205
0.9960691823899371,0.1628953458472615
0.9960691823899371,0.1629162916291629
0.9960691823899371,0.16293724279835392
0.9960691823899371,0.1629581993569132
0.9960691823899371,0.1629791613069205
0.9960691823899371,0.1630001286504567
0.9960691823899371,0.1630211013896037
0.9960691823899371,0.16304207952644448
0.9960691823899371,0.16306306306306306
0.9960691823899371,0.1630840520015446
0.9960691823899371,0.1631050463439753
0.9960691823899371,0.16312604609244238
0.9960691823899371,0.16314705124903425
0.9960691823899371,0.16316806181584032
0.9960691823899371,0.16318907779495107
0.9960691823899371,0.16321009918845808
0.9960691823899371,0.16323112599845402
0.9960691823899371,0.1632521582270326
0.9960691823899371,0.16327319587628866
0.9960691823899371,0.16329423894831807
0.9960691823899371,0.16331528744521784
0.9960691823899371,0.16333634136908598
0.9960691823899371,0.16335740072202165
0.9960691823899371,0.1633784655061251
0.9960691823899371,0.16339953572349755
0.9952830188679245,0.1632916290468206
0.9952830188679245,0.163312693498452
0.9952830188679245,0.16333376338536962
0.9952830188679245,0.16335483870967743
0.9952830188679245,0.16337591947348046
0.9952830188679245,0.16339700567888488
0.9952830188679245,0.16341809732799795
0.9952830188679245,0.16343919442292795
0.9952830188679245,0.16346029696578437
0.9952830188679245,0.1634814049586777
0.9952830188679245,0.1635025184037195
0.9952830188679245,0.16352363730302247
0.9952830188679245,0.16354476165870044
0.9952830188679245,0.1635658914728682
0.9952830188679245,0.1635870267476418
0.9952830188679245,0.1636081674851383
0.9952830188679245,0.16362931368747577
0.9952830188679245,0.16365046535677352
0.9952830188679245,0.1636716224951519
0.9952830188679245,0.16369278510473234
0.9952830188679245,0.1637139531876374
0.9952830188679245,0.1637351267459907
0.9952830188679245,0.16375630578191697
0.9952830188679245,0.16377749029754204
0.9952830188679245,0.1637986802949929
0.9952830188679245,0.1638198757763975
0.9952830188679245,0.16384107674388507
0.9952830188679245,0.16386228319958582
0.9952830188679245,0.16388349514563108
0.9952830188679245,0.1639047125841533
0.9952830188679245,0.16392593551728604
0.9952830188679245,0.16394716394716394
0.9952830188679245,0.1639683978759228
0.9952830188679245,0.1639896373056995
0.9952830188679245,0.16401088223863194
0.9952830188679245,0.1640321326768593
0.9952830188679245,0.1640533886225217
0.9952830188679245,0.1640746500777605
0.9952830188679245,0.16409591704471807
0.9952830188679245,0.16411718952553797
0.9952830188679245,0.16413846752236483
0.9952830188679245,0.1641597510373444
0.9952830188679245,0.16418104007262352
0.9952830188679245,0.1642023346303502
0.9952830188679245,0.1642236347126735
0.9952830188679245,0.16424494032174364
0.9952830188679245,0.16426625145971194
0.9952830188679245,0.16428756812873085
0.9952830188679245,0.16430889033095392
0.9944968553459119,0.16420041536863966
0.9944968553459119,0.164221731792808
0.9944968553459119,0.16424305375227213
0.9944968553459119,0.1642643812491884
0.9944968553459119,0.16428571428571428
0.9944968553459119,0.16430705286400832
0.9944968553459119,0.1643283969862302
0.9944968553459119,0.16434974665454072
0.9944968553459119,0.16437110187110188
0.9944968553459119,0.16439246263807666
0.9944968553459119,0.16441382895762932
0.9944968553459119,0.16443520083192512
0.9944968553459119,0.16445657826313054
0.9944968553459119,0.16447796125341307
0.9944968553459119,0.1644993498049415
0.9944968553459119,0.16452074391988555
0.9944968553459119,0.16454214360041625
0.9944968553459119,0.1645635488487056
0.9944968553459119,0.16458495966692688
0.9944968553459119,0.1646063760572544
0.9944968553459119,0.16464922556293116
0.9944968553459119,0.16467065868263472
0.9944968553459119,0.16469209738315324
0.9944968553459119,0.16471354166666666
0.9944968553459119,0.16473499153535617
0.9944968553459119,0.16475644699140402
0.9944968553459119,0.16477790803699363
0.9944968553459119,0.16479937467430952
0.9944968553459119,0.16482084690553747
0.9944968553459119,0.16484232473286423
0.9944968553459119,0.1648638081584778
0.9944968553459119,0.16488529718456726
0.9944968553459119,0.1649067918133229
0.9944968553459119,0.16492829204693613
0.9944968553459119,0.16494979788759942
0.9937106918238994,0.16484089723526343
0.9937106918238994,0.16486239728707447
0.9937106918238994,0.16488390294808244
0.9937106918238994,0.16490541422048272
0.9937106918238994,0.1649269311064718
0.9937106918238994,0.16494845360824742
0.9937106918238994,0.16496998172800836
0.9937106918238994,0.16499151546795457
0.9937106918238994,0.1650130548302872
0.9937106918238994,0.1650345998172085
0.9937106918238994,0.16505615043092192
0.9937106918238994,0.16507770667363197
0.9937106918238994,0.16509926854754442
0.9937106918238994,0.1651208360548661
0.9937106918238994,0.16514240919780507
0.9937106918238994,0.1651639879785705
0.9937106918238994,0.1651855723993727
0.9937106918238994,0.1652071624624232
0.9937106918238994,0.16522875816993465
0.9937106918238994,0.1652503595241208
0.9937106918238994,0.16527196652719664
0.9937106918238994,0.16529357918137833
0.9937106918238994,0.16531519748888307
0.9937106918238994,0.16533682145192938
0.9937106918238994,0.16535845107273678
0.9937106918238994,0.1653800863535261
0.9937106918238994,0.16540172729651922
0.9937106918238994,0.16542337390393927
0.9937106918238994,0.16544502617801046
0.9937106918238994,0.16546668412095825
0.9937106918238994,0.16548834773500917
0.9937106918238994,0.165510017022391
0.9937106918238994,0.16553169198533263
0.9937106918238994,0.16555337262606418
0.9937106918238994,0.16557505894681687
0.9937106918238994,0.16559675094982312
0.9937106918238994,0.16561844863731656
0.9937106918238994,0.1656401520115319
0.9937106918238994,0.16566186107470512
0.9937106918238994,0.16568357582907328
0.9937106918238994,0.16570529627687466
0.9937106918238994,0.16572702242034876
0.9937106918238994,0.16574875426173616
0.9937106918238994,0.16577049180327869
0.9937106918238994,0.1657922350472193
0.9937106918238994,0.1658139839958022
0.9937106918238994,0.16583573865127263
0.9937106918238994,0.16585749901587718
0.9937106918238994,0.16587926509186351
0.9937106918238994,0.1659010368814805
0.9937106918238994,0.1659228143869782
0.9937106918238994,0.16594459761060784
0.9937106918238994,0.16596638655462184
0.9937106918238994,0.1659881812212738
0.9937106918238994,0.1660099816128185
0.9937106918238994,0.1660317877315119
0.9937106918238994,0.16605359957961113
0.9937106918238994,0.1660754171593746
0.9937106918238994,0.16609724047306176
0.9937106918238994,0.16611906952293337
0.9937106918238994,0.1661409043112513
0.9937106918238994,0.16616274484027868
0.9937106918238994,0.1661845911122798
0.9937106918238994,0.16620644312952004
0.9937106918238994,0.16622830089426618
0.9937106918238994,0.166250164408786
0.9937106918238994,0.1662720336753486
0.9937106918238994,0.16629390869622418
0.9937106918238994,0.16631578947368422
0.9937106918238994,0.16633767601000132
0.9937106918238994,0.16635956830744933
0.9937106918238994,0.16638146636830328
0.9937106918238994,0.1664033701948394
0.9937106918238994,0.16642527978933508
0.9937106918238994,0.166447195154069
0.9937106918238994,0.16646911629132094
0.9937106918238994,0.16649104320337196
0.9937106918238994,0.16651297589250427
0.9937106918238994,0.16653491436100132
0.9937106918238994,0.16655685861114772
0.9937106918238994,0.1665788086452293
0.9937106918238994,0.16660076446553315
0.9937106918238994,0.16662272607434747
0.9937106918238994,0.16664469347396177
0.9937106918238994,0.16666666666666666
0.9937106918238994,0.16668864565475405
0.9937106918238994,0.166710630440517
0.9937106918238994,0.16673262102624983
0.9937106918238994,0.16675461741424802
0.9937106918238994,0.16677661960680829
0.9937106918238994,0.16679862760622854
0.9937106918238994,0.16682064141480799
0.9937106918238994,0.16684266103484688
0.9937106918238994,0.16686468646864686
0.9937106918238994,0.16688671771851069
0.9937106918238994,0.16690875478674239
0.9937106918238994,0.1669307976756471
0.9937106918238994,0.16695284638753136
0.9937106918238994,0.16697490092470277
0.9937106918238994,0.1669969612894702
0.9937106918238994,0.16701902748414377
0.9937106918238994,0.16704109951103477
0.9937106918238994,0.1670631773724557
0.9937106918238994,0.16708526107072041
0.9937106918238994,0.16710735060814383
0.9937106918238994,0.16712944598704219
0.9937106918238994,0.16715154720973288
0.9937106918238994,0.1671736542785346
0.9937106918238994,0.1671957671957672
0.9937106918238994,0.1672178859637518
0.9937106918238994,0.1672400105848108
0.9937106918238994,0.1672621410612677
0.9937106918238994,0.16728427739544732
0.9937106918238994,0.1673064195896757
0.9937106918238994,0.16732856764628012
0.9937106918238994,0.16735072156758904
0.9937106918238994,0.1673728813559322
0.9937106918238994,0.16739504701364058
0.9937106918238994,0.16741721854304636
0.9937106918238994,0.16743939594648297
0.9937106918238994,0.1674615792262851
0.9937106918238994,0.16748376838478865
0.9937106918238994,0.16750596342433077
0.9937106918238994,0.16752816434724985
0.9937106918238994,0.16755037115588547
0.9937106918238994,0.16757258385257856
0.9937106918238994,0.16759480243967118
0.9937106918238994,0.1676170269195067
0.9937106918238994,0.16763925729442972
0.9937106918238994,0.16766149356678606
0.9937106918238994,0.16768373573892278
0.9937106918238994,0.16770598381318827
0.9937106918238994,0.16772823779193205
0.9937106918238994,0.16775049767750497
0.9937106918238994,0.16777276347225908
0.9929245283018868,0.16766228594185584
0.9929245283018868,0.16768454593733403
0.9929245283018868,0.16770681184437658
0.9929245283018868,0.16772908366533865
0.9929245283018868,0.1677513614025767
0.9929245283018868,0.16777364505844847
0.9929245283018868,0.16779593463531287
0.9929245283018868,0.16781823013553016
0.9929245283018868,0.16784053156146178
0.9929245283018868,0.1678628389154705
0.9929245283018868,0.16788515219992026
0.9929245283018868,0.1679074714171763
0.9929245283018868,0.1679297965696051
0.9929245283018868,0.16795212765957446
0.9929245283018868,0.16797446468945337
0.9929245283018868,0.16799680766161212
0.9929245283018868,0.16801915657842223
0.9929245283018868,0.1680415114422565
0.9929245283018868,0.16806387225548902
0.9929245283018868,0.16808623902049508
0.9929245283018868,0.16810861173965128
0.9929245283018868,0.16813099041533547
0.9929245283018868,0.16815337504992678
0.9929245283018868,0.16817576564580558
0.9929245283018868,0.16819816220535358
0.9929245283018868,0.16822056473095365
0.9929245283018868,0.16824297322499002
0.9929245283018868,0.1682653876898481
0.9929245283018868,0.16828780812791472
0.9929245283018868,0.1683102345415778
0.9929245283018868,0.1683326669332267
0.9929245283018868,0.16835510530525194
0.9929245283018868,0.16837754966004534
0.9929245283018868,0.1684
0.9929245283018868,0.16842245632751032
0.9929245283018868,0.168444918644972
0.9929245283018868,0.16846738695478192
0.9929245283018868,0.16848986125933832
0.9929245283018868,0.1685123415610407
0.9929245283018868,0.16853482786228982
0.9929245283018868,0.1685573201654878
0.9929245283018868,0.1685798184730379
0.9929245283018868,0.16860232278734483
0.9929245283018868,0.16862483311081441
0.9929245283018868,0.1686473494458539
0.9929245283018868,0.1686698717948718
0.9929245283018868,0.1686924001602778
0.9929245283018868,0.16871493454448303
0.9929245283018868,0.1687374749498998
0.9929245283018868,0.16876002137894175
0.9929245283018868,0.16878257383402379
0.9929245283018868,0.16880513231756214
0.9929245283018868,0.16882769683197432
0.9929245283018868,0.16885026737967915
0.9929245283018868,0.16887284396309668
0.9921383647798742,0.1687617009895694
0.9921383647798742,0.16878427176675137
0.9921383647798742,0.1688068485821295
0.9921383647798742,0.1688294314381271
0.9921383647798742,0.16885202033716884
0.9921383647798742,0.1688746152816807
0.9921383647798742,0.16889721627408993
0.9921383647798742,0.16891982331682506
0.9921383647798742,0.16894243641231593
0.9921383647798742,0.1689650555629937
0.9921383647798742,0.16898768077129084
0.9921383647798742,0.1690103120396411
0.9913522012578616,0.168899008840075
0.9913522012578616,0.16892163429336907
0.9913522012578616,0.16894426580921756
0.9913522012578616,0.16896690339005763
0.9913522012578616,0.16898954703832753
0.9913522012578616,0.16901219675646695
0.9913522012578616,0.16903485254691689
0.9913522012578616,0.16905751441211958
0.9913522012578616,0.16908018235451863
0.9913522012578616,0.16910285637655895
0.9913522012578616,0.1691255364806867
0.9913522012578616,0.16914822266934942
0.9913522012578616,0.16917091494499598
0.9913522012578616,0.16919361331007648
0.9913522012578616,0.1692163177670424
0.9913522012578616,0.16923902831834653
0.9913522012578616,0.16926174496644295
0.9913522012578616,0.16928446771378708
0.9913522012578616,0.16930719656283566
0.9913522012578616,0.16932993151604672
0.9913522012578616,0.16935267257587966
0.9913522012578616,0.16937541974479517
0.9913522012578616,0.16939817302525523
0.9913522012578616,0.16942093241972322
0.9913522012578616,0.1694436979306638
0.9913522012578616,0.16946646956054293
0.9913522012578616,0.16948924731182796
0.9913522012578616,0.1695120311869875
0.9913522012578616,0.16953482118849153
0.9913522012578616,0.16955761731881136
0.9913522012578616,0.16958041958041958
0.9913522012578616,0.1696032279757902
0.9913522012578616,0.16962604250739843
0.9913522012578616,0.169648863177721
0.9913522012578616,0.16967168998923574
0.9913522012578616,0.16969452294442203
0.9913522012578616,0.16971736204576043
0.9913522012578616,0.16974020729573294
0.9913522012578616,0.16976305869682284
0.9913522012578616,0.16978591625151473
0.9913522012578616,0.16980877996229465
0.9913522012578616,0.16983164983164983
0.9913522012578616,0.16985452586206898
0.9913522012578616,0.16987740805604204
0.9913522012578616,0.16990029641606036
0.9913522012578616,0.16992319094461664
0.9913522012578616,0.16994609164420485
0.9913522012578616,0.1699689985173204
0.9913522012578616,0.16999191156645996
0.9913522012578616,0.1700148307941216
0.9913522012578616,0.17003775620280476
0.9913522012578616,0.1700606877950101
0.9913522012578616,0.1700836255732398
0.9913522012578616,0.1701065695399973
0.9913522012578616,0.17012951969778736
0.9913522012578616,0.17015247604911618
0.9913522012578616,0.17017543859649123
0.9913522012578616,0.1701984073424214
0.9913522012578616,0.17022138228941686
0.9913522012578616,0.1702443634399892
0.9913522012578616,0.17026735079665137
0.9913522012578616,0.17029034436191762
0.9913522012578616,0.17031334413830362
0.9913522012578616,0.17033635012832635
0.9913522012578616,0.1703593623345042
0.9913522012578616,0.17038238075935686
0.9913522012578616,0.1704054054054054
0.9913522012578616,0.17042843627517232
0.9913522012578616,0.1704514733711814
0.9913522012578616,0.1704745166959578
0.9913522012578616,0.1704975662520281
0.9913522012578616,0.17052062204192023
0.9913522012578616,0.17054368406816336
0.9913522012578616,0.17056675233328825
0.9913522012578616,0.17058982683982685
0.9913522012578616,0.17061290759031253
0.9913522012578616,0.1706359945872801
0.9913522012578616,0.17065908783326567
0.9913522012578616,0.1706821873308067
0.9913522012578616,0.17070529308244212
0.9913522012578616,0.17072840509071216
0.9913522012578616,0.17075152335815844
0.9913522012578616,0.17077464788732394
0.9913522012578616,0.17079777868075308
0.9913522012578616,0.1708209157409916
0.9913522012578616,0.17084405907058664
0.9905660377358491,0.17073170731707318
0.9905660377358491,0.17075484482992276
0.9905660377358491,0.17077798861480076
0.9905660377358491,0.17080113867425784
0.9905660377358491,0.17082429501084598
0.9905660377358491,0.17084745762711864
0.9905660377358491,0.1708706265256306
0.9905660377358491,0.170893801708938
0.9905660377358491,0.17091698317959847
0.9905660377358491,0.17094017094017094
0.9905660377358491,0.17096336499321574
0.9905660377358491,0.1709865653412946
0.9905660377358491,0.17100977198697068
0.9905660377358491,0.17103298493280847
0.9905660377358491,0.17105620418137388
0.9905660377358491,0.1710794297352342
0.9905660377358491,0.17110266159695817
0.9905660377358491,0.17112589976911585
0.9905660377358491,0.17114914425427874
0.9905660377358491,0.1711723950550197
0.9905660377358491,0.17119565217391305
0.9905660377358491,0.17121891561353444
0.9905660377358491,0.171242185376461
0.9905660377358491,0.17126546146527116
0.9905660377358491,0.17128874388254486
0.9905660377358491,0.17131203263086336
0.9905660377358491,0.17133532771280935
0.9905660377358491,0.17135862913096694
0.9905660377358491,0.17138193688792167
0.9905660377358491,0.17140525098626036
0.9905660377358491,0.17142857142857143
0.9905660377358491,0.17145189821744455
0.9905660377358491,0.17147523135547088
0.9905660377358491,0.17149857084524295
0.9905660377358491,0.17152191668935476
0.9905660377358491,0.17154526889040164
0.9905660377358491,0.1715686274509804
0.9905660377358491,0.17159199237368922
0.9905660377358491,0.17161536366112776
0.9905660377358491,0.17163874131589701
0.9905660377358491,0.17166212534059946
0.9905660377358491,0.17168551573783894
0.9905660377358491,0.17170891251022077
0.9905660377358491,0.17173231566035163
0.9905660377358491,0.1717557251908397
0.9905660377358491,0.17177914110429449
0.9905660377358491,0.17180256340332697
0.9905660377358491,0.17182599209054958
0.9905660377358491,0.1718494271685761
0.9905660377358491,0.17187286864002183
0.9905660377358491,0.17189631650750342
0.9905660377358491,0.17191977077363896
0.9905660377358491,0.17194323144104803
0.9905660377358491,0.17196669851235158
0.9905660377358491,0.171990171990172
0.9897798742138365,0.17187713310580205
0.9897798742138365,0.1719006007646095
0.9897798742138365,0.17192407483271882
0.9897798742138365,0.17194755531275607
0.9897798742138365,0.1719710422073487
0.9897798742138365,0.1719945355191257
0.9897798742138365,0.17201803525071732
0.9897798742138365,0.1720415414047554
0.9897798742138365,0.17206505398387317
0.9897798742138365,0.1720885729907053
0.9897798742138365,0.1721120984278879
0.9897798742138365,0.1721356302980585
0.9897798742138365,0.17215916860385613
0.9897798742138365,0.17218271334792123
0.9897798742138365,0.17220626453289564
0.9897798742138365,0.1722298221614227
0.9897798742138365,0.17225338623614722
0.9897798742138365,0.17227695675971538
0.9897798742138365,0.17230053373477489
0.9897798742138365,0.1723241171639748
0.9897798742138365,0.17234770704996577
0.9897798742138365,0.17237130339539977
0.9897798742138365,0.1723949062029303
0.9897798742138365,0.17241851547521228
0.9897798742138365,0.17244213121490207
0.9897798742138365,0.17246575342465753
0.9897798742138365,0.17248938210713796
0.9897798742138365,0.17251301726500412
0.9897798742138365,0.17253665890091818
0.9897798742138365,0.17256030701754385
0.9897798742138365,0.17258396161754627
0.9897798742138365,0.172607622703592
0.9897798742138365,0.17263129027834911
0.9897798742138365,0.1726549643444871
0.9897798742138365,0.172678644904677
0.9897798742138365,0.1727023319615912
0.9897798742138365,0.1727260255179037
0.9897798742138365,0.1727497255762898
0.9897798742138365,0.17277343213942636
0.9897798742138365,0.17279714520999176
0.9897798742138365,0.17282086479066575
0.9897798742138365,0.1728445908841296
0.9897798742138365,0.17286832349306605
0.9897798742138365,0.1728920626201593
0.9897798742138365,0.17291580826809505
0.9897798742138365,0.17293956043956044
0.9897798742138365,0.17296331913724414
0.9897798742138365,0.17298708436383622
0.9897798742138365,0.1730108561220283
0.9897798742138365,0.17303463441451347
0.9897798742138365,0.17305841924398627
0.9897798742138365,0.1730822106131427
0.9897798742138365,0.17310600852468033
0.9897798742138365,0.17312981298129812
0.9897798742138365,0.17315362398569661
0.9897798742138365,0.1731774415405777
0.9897798742138365,0.17320126564864494
0.9897798742138365,0.1732250963126032
0.9889937106918238,0.17311132516857025
0.9882075471698113,0.17299752270850538
0.9882075471698113,0.17302133516861665
0.9882075471698113,0.17304515418502203
0.9882075471698113,0.17306897976042956
0.9882075471698113,0.17309281189754888
0.9882075471698113,0.17311665059909104
0.9882075471698113,0.17314049586776858
0.9882075471698113,0.17316434770629563
0.9882075471698113,0.17318820611738772
0.9882075471698113,0.17321207110376188
0.9882075471698113,0.17323594266813672
0.9882075471698113,0.17325982081323224
0.9882075471698113,0.17328370554177006
0.9882075471698113,0.17330759685647318
0.9882075471698113,0.17333149476006618
0.9882075471698113,0.17335539925527513
0.9882075471698113,0.1733793103448276
0.9882075471698113,0.1734032280314526
0.9882075471698113,0.1734271523178808
0.9882075471698113,0.17345108320684421
0.9882075471698113,0.17347502070107645
0.9882075471698113,0.17349896480331262
0.9882075471698113,0.17352291551628934
0.9882075471698113,0.17354687284274473
0.9882075471698113,0.1735708367854184
0.9882075471698113,0.17359480734705152
0.9882075471698113,0.17361878453038673
0.9882075471698113,0.17364276833816825
0.9882075471698113,0.17366675877314175
0.9882075471698113,0.17369075583805443
0.9882075471698113,0.17371475953565504
0.9882075471698113,0.17373876986869385
0.9882075471698113,0.17376278683992258
0.9882075471698113,0.17378681045209457
0.9882075471698113,0.1738108407079646
0.9882075471698113,0.17383487761028904
0.9882075471698113,0.17385892116182572
0.9882075471698113,0.17388297136533407
0.9882075471698113,0.17390702822357498
0.9882075471698113,0.17393109173931093
0.9882075471698113,0.17395516191530583
0.9882075471698113,0.17397923875432525
0.9882075471698113,0.1740033222591362
0.9882075471698113,0.17402741243250727
0.9882075471698113,0.17405150927720853
0.9882075471698113,0.17407561279601164
0.9882075471698113,0.17409972299168974
0.9882075471698113,0.1741238398670176
0.9882075471698113,0.1741479634247714
0.9882075471698113,0.17417209366772898
0.9882075471698113,0.17419623059866962
0.9882075471698113,0.17422037422037423
0.9882075471698113,0.17424452453562517
0.9882075471698113,0.17426868154720643
0.9882075471698113,0.1742928452579035
0.9882075471698113,0.1743170156705034
0.9882075471698113,0.17434119278779472
0.9882075471698113,0.17436537661256762
0.9882075471698113,0.17438956714761375
0.9882075471698113,0.17441376439572637
0.9882075471698113,0.17443796835970024
0.9882075471698113,0.17446217904233172
0.9882075471698113,0.17448639644641867
0.9882075471698113,0.17451062057476052
0.9882075471698113,0.1745348514301583
0.9882075471698113,0.17455908901541453
0.9882075471698113,0.17458333333333334
0.9882075471698113,0.1746075843867204
0.9882075471698113,0.17463184217838287
0.9882075471698113,0.17465610671112963
0.9882075471698113,0.17468037798777097
0.9882075471698113,0.17470465601111884
0.9882075471698113,0.17472894078398665
0.9882075471698113,0.1747532323091895
0.9882075471698113,0.17477753058954393
0.9882075471698113,0.17480183562786816
0.9882075471698113,0.1748261474269819
0.9882075471698113,0.1748504659897065
0.9882075471698113,0.17487479131886477
0.9882075471698113,0.1748991234172812
0.9882075471698113,0.1749234622877818
0.9882075471698113,0.17494780793319414
0.9882075471698113,0.17497216035634744
0.9882075471698113,0.1749965195600724
0.9882075471698113,0.17502088554720133
0.9882075471698113,0.17504525832056816
0.9882075471698113,0.17506963788300836
0.9882075471698113,0.17509402423735895
0.9882075471698113,0.1751184173864586
0.9882075471698113,0.17514281733314754
0.9882075471698113,0.17516722408026755
0.9882075471698113,0.17519163763066203
0.9882075471698113,0.1752160579871759
0.9874213836477987,0.1751010734699568
0.9874213836477987,0.17512548800892358
0.9874213836477987,0.1751499093571329
0.9874213836477987,0.17517433751743375
0.9874213836477987,0.1751987724926768
0.9874213836477987,0.17522321428571427
0.9874213836477987,0.17524766289940003
0.9874213836477987,0.17527211833658946
0.9874213836477987,0.17529658060013956
0.9874213836477987,0.175321049692909
0.9874213836477987,0.17534552561775793
0.9874213836477987,0.17537000837754818
0.9874213836477987,0.17539449797514314
0.9874213836477987,0.17541899441340783
0.9874213836477987,0.17544349769520884
0.9874213836477987,0.17546800782341437
0.9874213836477987,0.17549252480089422
0.9874213836477987,0.17551704863051984
0.9874213836477987,0.17554157931516423
0.9874213836477987,0.175566116857702
0.9866352201257862,0.17545085977911365
0.9866352201257862,0.17547539149888144
0.9866352201257862,0.17549993007970913
0.9866352201257862,0.17552447552447553
0.9866352201257862,0.175549027836061
0.9866352201257862,0.17557358701734752
0.9866352201257862,0.1755981530712187
0.9866352201257862,0.17562272600055975
0.9866352201257862,0.17564730580825752
0.9866352201257862,0.17567189249720044
0.9866352201257862,0.1756964860702786
0.9866352201257862,0.17572108653038365
0.9866352201257862,0.1757456938804089
0.9866352201257862,0.17577030812324929
0.9866352201257862,0.17579492926180137
0.9866352201257862,0.17581955729896329
0.9866352201257862,0.17584419223763487
0.9866352201257862,0.1758688340807175
0.9866352201257862,0.17589348283111422
0.9866352201257862,0.17591813849172974
0.9866352201257862,0.17594280106547036
0.9866352201257862,0.17596747055524398
0.9866352201257862,0.17599214696396018
0.9866352201257862,0.17601683029453016
0.9866352201257862,0.17604152054986674
0.9866352201257862,0.1760662177328844
0.9866352201257862,0.17609092184649922
0.9866352201257862,0.17611563289362897
0.9866352201257862,0.17614035087719299
0.9866352201257862,0.1761650758001123
0.9866352201257862,0.17618980766530956
0.9866352201257862,0.17621454647570908
0.9866352201257862,0.17623929223423676
0.9866352201257862,0.17626404494382023
0.9866352201257862,0.1762888046073887
0.9866352201257862,0.176313571227873
0.9866352201257862,0.1763383448082057
0.9866352201257862,0.17636312535132095
0.9866352201257862,0.1763879128601546
0.9866352201257862,0.17641270733764408
0.9866352201257862,0.17643750878672854
0.9866352201257862,0.17646231721034872
0.9866352201257862,0.17648713261144705
0.9866352201257862,0.17651195499296765
0.9866352201257862,0.17653678435785625
0.9866352201257862,0.1765616207090602
0.9866352201257862,0.17658646404952863
0.9866352201257862,0.17661131438221223
0.9866352201257862,0.17663617171006332
0.9866352201257862,0.17666103603603603
0.9866352201257862,0.176685907363086
0.9866352201257862,0.17671078569417065
0.9866352201257862,0.176735671032249
0.9866352201257862,0.17676056338028168
0.9866352201257862,0.17678546274123116
0.9866352201257862,0.17681036911806142
0.9866352201257862,0.1768352825137382
0.9866352201257862,0.17686020293122887
0.9866352201257862,0.17688513037350245
0.9866352201257862,0.17691006484352975
0.9866352201257862,0.1769350063442831
0.9866352201257862,0.17695995487873661
0.9866352201257862,0.17698491044986603
0.9866352201257862,0.1770098730606488
0.9866352201257862,0.17703484271406406
0.9866352201257862,0.17705981941309254
0.9866352201257862,0.1770848031607168
0.9866352201257862,0.17710979395992096
0.9866352201257862,0.1771347918136909
0.9866352201257862,0.1771597967250141
0.9866352201257862,0.17718480869687986
0.9866352201257862,0.17720982773227903
0.9866352201257862,0.1772348538342042
0.9866352201257862,0.1772598870056497
0.9866352201257862,0.17728492724961153
0.9866352201257862,0.17730997456908731
0.9866352201257862,0.17733502896707645
0.9866352201257862,0.17736009044658
0.9866352201257862,0.1773851590106007
0.9866352201257862,0.17741023466214306
0.9866352201257862,0.1774353174042132
0.9866352201257862,0.177460407239819
0.9866352201257862,0.17748550417197
0.9866352201257862,0.1775106082036775
0.9866352201257862,0.17753571933795445
0.9866352201257862,0.17756083757781552
0.9866352201257862,0.17758596292627707
0.9866352201257862,0.1776110953863572
0.9858490566037735,0.17749469214437366
0.985062893081761,0.17737825594563986
0.985062893081761,0.1774033696729435
0.985062893081761,0.17742849051260265
0.985062893081761,0.17745361846763916
0.985062893081761,0.17747875354107648
0.985062893081761,0.17750389573593994
0.9842767295597484,0.17738736185888354
0.9834905660377359,0.17727079495536346
0.9834905660377359,0.17729591836734693
0.9834905660377359,0.1773210489014883
0.9834905660377359,0.17734618656081655
0.9834905660377359,0.1773713313483624
0.9834905660377359,0.17739648326715826
0.9834905660377359,0.17742164232023827
0.9834905660377359,0.1774468085106383
0.9834905660377359,0.17747198184139595
0.9834905660377359,0.17749716231555052
0.9834905660377359,0.17752234993614305
0.9834905660377359,0.17754754470621628
0.9834905660377359,0.17757274662881475
0.9834905660377359,0.17759795570698467
0.9834905660377359,0.17762317194377397
0.9834905660377359,0.1776483953422323
0.9834905660377359,0.17767362590541116
0.9834905660377359,0.17769886363636364
0.9834905660377359,0.17772410853814463
0.9834905660377359,0.17774936061381075
0.9834905660377359,0.17777461986642035
0.9834905660377359,0.17779988629903354
0.9834905660377359,0.17782515991471215
0.9834905660377359,0.17785044071651976
0.9834905660377359,0.1778757287075217
0.9834905660377359,0.177901023890785
0.9834905660377359,0.17792632626937846
0.9834905660377359,0.1779516358463727
0.9834905660377359,0.17797695262483995
0.9834905660377359,0.1780022766078543
0.9834905660377359,0.17802760779849153
0.9834905660377359,0.1780529461998292
0.9834905660377359,0.1780782918149466
0.9834905660377359,0.17810364464692482
0.9834905660377359,0.17812900469884665
0.9834905660377359,0.17815437197379663
0.9834905660377359,0.17817974647486112
0.9834905660377359,0.1782051282051282
0.9834905660377359,0.1782305171676877
0.9834905660377359,0.17825591336563124
0.9834905660377359,0.17828131680205217
0.9834905660377359,0.1783067274800456
0.9834905660377359,0.17833214540270848
0.9834905660377359,0.17835757057313945
0.9834905660377359,0.1783830029944389
0.9834905660377359,0.17840844266970907
0.9834905660377359,0.17843388960205392
0.9834905660377359,0.17845934379457917
0.9834905660377359,0.17848480525039234
0.9834905660377359,0.17851027397260275
0.9834905660377359,0.1785357499643214
0.9834905660377359,0.17856123322866116
0.9834905660377359,0.1785867237687366
0.9834905660377359,0.17861222158766418
0.9834905660377359,0.17863772668856204
0.9834905660377359,0.17866323907455012
0.9834905660377359,0.17868875874875018
0.9834905660377359,0.17871428571428571
0.9834905660377359,0.17873981997428204
0.9834905660377359,0.17876536153186626
0.9834905660377359,0.1787909103901672
0.9834905660377359,0.17881646655231562
0.9834905660377359,0.1788420300214439
0.9834905660377359,0.1788676008006863
0.9834905660377359,0.1788931788931789
0.9834905660377359,0.1789187643020595
0.9834905660377359,0.17894435703046774
0.9834905660377359,0.17896995708154506
0.9834905660377359,0.17899556445843468
0.9834905660377359,0.17902117916428162
0.9834905660377359,0.1790468012022327
0.9834905660377359,0.1790724305754366
0.9834905660377359,0.17909806728704367
0.9827044025157232,0.17898052691867125
0.9827044025157232,0.17900615781182871
0.9827044025157232,0.17903179604697794
0.9827044025157232,0.17905744162727402
0.9827044025157232,0.17908309455587393
0.9827044025157232,0.17910875483593638
0.9827044025157232,0.17913442247062195
0.9827044025157232,0.17916009746309303
0.9827044025157232,0.17918577981651376
0.9827044025157232,0.17921146953405018
0.9827044025157232,0.1792371666188701
0.9827044025157232,0.17926287107414313
0.9827044025157232,0.17928858290304073
0.9827044025157232,0.1793143021087362
0.9827044025157232,0.1793400286944046
0.9827044025157232,0.17936576266322285
0.9827044025157232,0.1793915040183697
0.9827044025157232,0.1794172527630257
0.9827044025157232,0.17944300890037324
0.9827044025157232,0.17946877243359655
0.9827044025157232,0.17949454336588166
0.9827044025157232,0.17952032170041649
0.9827044025157232,0.17954610744039068
0.9827044025157232,0.17957190058899583
0.9827044025157232,0.17959770114942528
0.9827044025157232,0.17962350912487426
0.9827044025157232,0.17964932451853982
0.9827044025157232,0.1796751473336208
0.9827044025157232,0.179700977573318
0.9827044025157232,0.17972681524083392
0.9827044025157232,0.179752660339373
0.9827044025157232,0.17977851287214153
0.9827044025157232,0.17980437284234752
0.9827044025157232,0.179830240253201
0.9827044025157232,0.17985611510791366
0.9827044025157232,0.17988199740969923
0.9827044025157232,0.17990788716177317
0.9827044025157232,0.1799337843673528
0.9827044025157232,0.17995968902965737
0.9827044025157232,0.17998560115190784
0.9827044025157232,0.18001152073732718
0.9827044025157232,0.18003744778914013
0.9827044025157232,0.1800633823105733
0.9827044025157232,0.18008932430485522
0.9827044025157232,0.18011527377521613
0.9827044025157232,0.1801412307248883
0.9827044025157232,0.1801671951571058
0.9827044025157232,0.18019316707510452
0.9819182389937107,0.18007497116493656
0.9819182389937107,0.1801009372746936
0.9819182389937107,0.18012691087395444
0.9819182389937107,0.1801528919659599
0.9819182389937107,0.18017888055395267
0.9819182389937107,0.18020487664117732
0.9819182389937107,0.18023088023088024
0.9819182389937107,0.1802568913263097
0.9819182389937107,0.18028290993071594
0.9819182389937107,0.18030893604735093
0.9819182389937107,0.18033496967946866
0.9819182389937107,0.1803610108303249
0.9819182389937107,0.18038705950317735
0.9819182389937107,0.18041311570128557
0.9819182389937107,0.18043917942791102
0.9819182389937107,0.180465250686317
0.9819182389937107,0.1804913294797688
0.9819182389937107,0.18051741581153347
0.9819182389937107,0.18054350968488003
0.9819182389937107,0.18056961110307937
0.9819182389937107,0.18059572006940428
0.9819182389937107,0.18062183658712944
0.9819182389937107,0.1806479606595314
0.9819182389937107,0.18067409228988862
0.9819182389937107,0.18070023148148148
0.9819182389937107,0.18072637823759224
0.9819182389937107,0.18075253256150506
0.9811320754716981,0.18063395570994356
0.9811320754716981,0.1806601042269832
0.9811320754716981,0.18068626031562182
0.9811320754716981,0.18071242397914858
0.9811320754716981,0.18073859522085445
0.9811320754716981,0.18076477404403243
0.9811320754716981,0.1807909604519774
0.9811320754716981,0.1808171544479861
0.9811320754716981,0.1808433560353572
0.9811320754716981,0.1808695652173913
0.9811320754716981,0.18089578199739093
0.9811320754716981,0.1809220063786605
0.9811320754716981,0.1809482383645063
0.9811320754716981,0.18097447795823665
0.9811320754716981,0.1810007251631617
0.9811320754716981,0.18102697998259357
0.9811320754716981,0.18105324241984622
0.9811320754716981,0.18107951247823564
0.9803459119496856,0.18096067334204033
0.9803459119496856,0.1809869375907112
0.9803459119496856,0.18101320946436347
0.9803459119496856,0.18103948896631825
0.9803459119496856,0.18106577609989835
0.9795597484276729,0.18094684867847807
0.9795597484276729,0.18097312999273785
0.9795597484276729,0.18099941894247532
0.9795597484276729,0.18102571553101846
0.9795597484276729,0.18105201976169719
0.9795597484276729,0.18107833163784334
0.9795597484276729,0.1811046511627907
0.9795597484276729,0.181130978339875
0.9795597484276729,0.18115731317243386
0.9795597484276729,0.1811836556638069
0.9795597484276729,0.18121000581733565
0.9795597484276729,0.18123636363636364
0.9795597484276729,0.18126272912423624
0.9795597484276729,0.1812891022843009
0.9795597484276729,0.18131548311990686
0.9795597484276729,0.18134187163440546
0.9795597484276729,0.18136826783114993
0.9795597484276729,0.1813946717134954
0.9795597484276729,0.18142108328479906
0.9787735849056604,0.18130187854958496
0.9787735849056604,0.18132828429944656
0.9787735849056604,0.18135469774217042
0.9787735849056604,0.18138111888111888
0.9787735849056604,0.18140754771965611
0.9787735849056604,0.18143398426114835
0.9787735849056604,0.1814604285089637
0.9787735849056604,0.1814868804664723
0.9787735849056604,0.1815133401370462
0.9787735849056604,0.1815398075240595
0.9787735849056604,0.18156628263088814
0.9787735849056604,0.18159276546091016
0.9787735849056604,0.18161925601750548
0.9787735849056604,0.18164575430405602
0.9787735849056604,0.1816722603239457
0.9787735849056604,0.18169877408056043
0.9787735849056604,0.18172529557728798
0.9787735849056604,0.18175182481751825
0.9787735849056604,0.18177836180464302
0.9787735849056604,0.18180490654205608
0.9787735849056604,0.1818314590331532
0.9787735849056604,0.18185801928133216
0.9787735849056604,0.18188458728999268
0.9787735849056604,0.18191116306253652
0.9787735849056604,0.1819377466023674
0.9779874213836478,0.18181818181818182
0.9779874213836478,0.18184475953807921
0.9779874213836478,0.18187134502923977
0.9779874213836478,0.1818979382950724
0.9779874213836478,0.181924539338988
0.9779874213836478,0.18195114816439958
0.9779874213836478,0.18197776477472205
0.9779874213836478,0.18200438917337236
0.9779874213836478,0.1820310213637694
0.9779874213836478,0.18205766134933413
0.9779874213836478,0.18208430913348947
0.9779874213836478,0.18211096471966037
0.9779874213836478,0.1821376281112738
0.9779874213836478,0.18216429931175868
0.9779874213836478,0.18219097832454598
0.9779874213836478,0.1822176651530687
0.9779874213836478,0.18224435980076178
0.9779874213836478,0.18227106227106227
0.9779874213836478,0.18229777256740914
0.9779874213836478,0.18232449069324344
0.9779874213836478,0.1823512166520082
0.9779874213836478,0.18237795044714852
0.9779874213836478,0.18240469208211144
0.9779874213836478,0.1824314415603461
0.9779874213836478,0.1824581988853036
0.9779874213836478,0.18248496406043715
0.9779874213836478,0.18251173708920188
0.9779874213836478,0.18253851797505502
0.9779874213836478,0.18256530672145582
0.9779874213836478,0.18259210333186554
0.9779874213836478,0.18261890780974752
0.9779874213836478,0.18264572015856703
0.9772012578616353,0.18252569750367106
0.9772012578616353,0.1825525040387722
0.9772012578616353,0.18257931844888367
0.9772012578616353,0.18260614073747614
0.9772012578616353,0.18263297090802233
0.9772012578616353,0.18265980896399706
0.9772012578616353,0.18268665490887714
0.9772012578616353,0.1827135087461414
0.9772012578616353,0.1827403704792708
0.9764150943396226,0.18262020291133657
0.9764150943396226,0.1826470588235294
0.9764150943396226,0.18267392263568172
0.97562893081761,0.18255369226243012
0.97562893081761,0.18258055024275416
0.97562893081761,0.1826074161271336
0.97562893081761,0.18263428991905814
0.97562893081761,0.18266117162201942
0.97562893081761,0.18268806123951126
0.97562893081761,0.18271495877502944
0.97562893081761,0.18274186423207187
0.97562893081761,0.18276877761413843
0.97562893081761,0.1827956989247312
0.97562893081761,0.18282262816735415
0.97562893081761,0.18284956534551347
0.97562893081761,0.18287651046271736
0.97562893081761,0.18290346352247605
0.97562893081761,0.18293042452830188
0.97562893081761,0.18295739348370926
0.9748427672955975,0.18283692126216455
0.9748427672955975,0.18286388438283438
0.9748427672955975,0.18289085545722714
0.9748427672955975,0.18291783448886267
0.9748427672955975,0.1829448214812629
0.9748427672955975,0.1829718164379519
0.9748427672955975,0.18299881936245574
0.9748427672955975,0.18302583025830257
0.9748427672955975,0.18305284912902273
0.9748427672955975,0.18307987597814854
0.9748427672955975,0.1831069108092144
0.9748427672955975,0.1831339536257569
0.9748427672955975,0.1831610044313146
0.9748427672955975,0.18318806322942827
0.9748427672955975,0.18321513002364065
0.9748427672955975,0.18324220481749667
0.9748427672955975,0.1832692876145433
0.9748427672955975,0.18329637841832963
0.9748427672955975,0.18332347723240686
0.9748427672955975,0.18335058406032825
0.9748427672955975,0.18337769890564923
0.9748427672955975,0.18340482177192724
0.9748427672955975,0.1834319526627219
0.9748427672955975,0.1834590915815949
0.9748427672955975,0.1834862385321101
0.9748427672955975,0.18351339351783336
0.9748427672955975,0.18354055654233273
0.9748427672955975,0.1835677276091784
0.9748427672955975,0.18359490672194256
0.9740566037735849,0.18347401155042203
0.9740566037735849,0.18350118483412323
0.9740566037735849,0.1835283661679751
0.9740566037735849,0.18355555555555556
0.9740566037735849,0.18358275300044452
0.9740566037735849,0.18360995850622408
0.9740566037735849,0.18363717207647842
0.9740566037735849,0.18366439371479396
0.9740566037735849,0.1836916234247591
0.9740566037735849,0.18371886120996442
0.9740566037735849,0.18374610707400266
0.9740566037735849,0.1837733610204687
0.9740566037735849,0.1838006230529595
0.9740566037735849,0.1838278931750742
0.9740566037735849,0.18385517139041402
0.9740566037735849,0.18388245770258238
0.9740566037735849,0.1839097521151848
0.9740566037735849,0.18393705463182897
0.9740566037735849,0.18396436525612472
0.9740566037735849,0.183991683991684
0.9732704402515723,0.1838704886380514
0.9732704402515723,0.18389780154486038
0.9732704402515723,0.18392512256722626
0.9732704402515723,0.18395245170876673
0.9732704402515723,0.1839797889731015
0.9732704402515723,0.18400713436385255
0.9732704402515723,0.18403448788464397
0.9732704402515723,0.18406184953910198
0.9732704402515723,0.184089219330855
0.9732704402515723,0.1841165972635336
0.9732704402515723,0.18414398334077048
0.9732704402515723,0.18417137756620053
0.9732704402515723,0.1841987799434608
0.9732704402515723,0.1842261904761905
0.9732704402515723,0.18425360916803096
0.9732704402515723,0.18428103602262577
0.9732704402515723,0.18430847104362066
0.9732704402515723,0.1843359142346635
0.9732704402515723,0.1843633655994043
0.9732704402515723,0.18439082514149538
0.9732704402515723,0.1844182928645911
0.9732704402515723,0.18444576877234803
0.9732704402515723,0.18447325286842498
0.9732704402515723,0.18450074515648285
0.9732704402515723,0.18452824564018483
0.9732704402515723,0.18455575432319618
0.9732704402515723,0.18458327120918444
0.9732704402515723,0.18461079630181926
0.9732704402515723,0.18463832960477256
0.9732704402515723,0.18466587112171837
0.9732704402515723,0.18469342085633297
0.9732704402515723,0.18472097881229485
0.9732704402515723,0.18474854499328458
0.9732704402515723,0.18477611940298508
0.9732704402515723,0.18480370204508134
0.9732704402515723,0.18483129292326067
0.9732704402515723,0.18485889204121247
0.9732704402515723,0.18488649940262844
0.9732704402515723,0.1849141150112024
0.9732704402515723,0.18494173887063042
0.9732704402515723,0.18496937098461078
0.9732704402515723,0.184997011356844
0.9732704402515723,0.18502465999103274
0.9732704402515723,0.18505231689088192
0.9732704402515723,0.18507998206009868
0.9732704402515723,0.18510765550239233
0.9732704402515723,0.18513533722147452
0.9732704402515723,0.18516302722105893
0.9732704402515723,0.18519072550486163
0.9732704402515723,0.18521843207660083
0.9732704402515723,0.185246146939997
0.9732704402515723,0.18527387009877283
0.9732704402515723,0.1853016015566532
0.9732704402515723,0.18532934131736528
0.9732704402515723,0.1853570893846384
0.9732704402515723,0.18538484576220426
0.9732704402515723,0.18541261045379662
0.9732704402515723,0.1854403834631516
0.9732704402515723,0.1854681647940075
0.9732704402515723,0.1854959544501049
0.9732704402515723,0.18552375243518657
0.9732704402515723,0.18555155875299761
0.9732704402515723,0.18557937340728525
0.9732704402515723,0.1856071964017991
0.9732704402515723,0.1856350277402909
0.9732704402515723,0.1856628674265147
0.9732704402515723,0.1856907154642268
0.9732704402515723,0.1857185718571857
0.9732704402515723,0.1857464366091523
0.9732704402515723,0.18577430972388956
0.9732704402515723,0.18580219120516284
0.9732704402515723,0.1858300810567397
0.9732704402515723,0.18585797928239003
0.9732704402515723,0.1858858858858859
0.9732704402515723,0.18591380087100165
0.9732704402515723,0.18594172424151398
0.9732704402515723,0.18596965600120174
0.9732704402515723,0.18599759615384615
0.9732704402515723,0.18602554470323066
0.9732704402515723,0.18605350165314097
0.9732704402515723,0.1860814670073651
0.9732704402515723,0.18610944076969332
0.9732704402515723,0.18613742294391822
0.9732704402515723,0.1861654135338346
0.9732704402515723,0.1861934125432396
0.9732704402515723,0.1862214199759326
0.9732704402515723,0.18624943583571535
0.9732704402515723,0.18627746012639182
0.9732704402515723,0.18630549285176826
0.9732704402515723,0.18633353401565322
0.9732704402515723,0.1863615836218576
0.9732704402515723,0.18638964167419453
0.9732704402515723,0.18641770817647946
0.9732704402515723,0.18644578313253013
0.9732704402515723,0.1864738665461666
0.9732704402515723,0.1865019584212112
0.9732704402515723,0.18653005876148862
0.9732704402515723,0.1865581675708258
0.9732704402515723,0.186586284853052
0.9732704402515723,0.1866144106119988
0.9732704402515723,0.1866425448515001
0.9732704402515723,0.18667068757539204
0.9732704402515723,0.1866988387875132
0.9732704402515723,0.18672699849170438
0.9732704402515723,0.18675516669180872
0.9732704402515723,0.18678334339167169
0.9732704402515723,0.18681152859514108
0.9724842767295597,0.1866888016903109
0.9724842767295597,0.18671698113207547
0.9724842767295597,0.1867451690821256
0.9724842767295597,0.18677336554431526
0.9724842767295597,0.18680157052250076
0.9724842767295597,0.1868297840205407
0.9724842767295597,0.18685800604229608
0.9724842767295597,0.18688623659163014
0.9724842767295597,0.18691447567240857
0.9724842767295597,0.1869427232884993
0.9724842767295597,0.18697097944377267
0.9724842767295597,0.18699924414210128
0.9724842767295597,0.18702751738736015
0.9724842767295597,0.18705579918342657
0.9724842767295597,0.18708408953418026
0.9724842767295597,0.18711238844350325
0.9724842767295597,0.18714069591527988
0.9724842767295597,0.18716901195339689
0.9724842767295597,0.18719733656174334
0.9724842767295597,0.18722566974421068
0.9724842767295597,0.1872540115046927
0.9724842767295597,0.18728236184708555
0.9724842767295597,0.1873107207752877
0.9724842767295597,0.18733908829320006
0.9724842767295597,0.18736746440472585
0.9724842767295597,0.18739584911377064
0.9724842767295597,0.18742424242424244
0.9724842767295597,0.18745264434005152
0.9724842767295597,0.18748105486511063
0.9724842767295597,0.18750947400333484
0.9716981132075472,0.1873862947240752
0.9716981132075472,0.18741470811220623
0.9716981132075472,0.18744313011828936
0.9716981132075472,0.18747156074624602
0.9716981132075472,0.1875
0.9716981132075472,0.18752844788347747
0.9716981132075472,0.187556904400607
0.9716981132075472,0.18758536955531946
0.9716981132075472,0.18761384335154827
0.9716981132075472,0.1876423257932291
0.9716981132075472,0.18767081688430004
0.9716981132075472,0.1876993166287016
0.9716981132075472,0.18772782503037666
0.9716981132075472,0.18775634209327055
0.9716981132075472,0.18778486782133091
0.9716981132075472,0.1878134022185078
0.9716981132075472,0.1878419452887538
0.9716981132075472,0.1878704970360237
0.9716981132075472,0.18789905746427485
0.9716981132075472,0.18792762657746692
0.9716981132075472,0.18795620437956204
0.9716981132075472,0.18798479087452472
0.9716981132075472,0.18801338606632187
0.9716981132075472,0.18804198995892288
0.9716981132075472,0.18807060255629945
0.9716981132075472,0.1880992238624258
0.9716981132075472,0.18812785388127853
0.9716981132075472,0.18815649261683665
0.9716981132075472,0.1881851400730816
0.9716981132075472,0.18821379625399726
0.9716981132075472,0.1882424611635699
0.9716981132075472,0.18827113480578828
0.9716981132075472,0.1882998171846435
0.9716981132075472,0.1883285083041292
0.9716981132075472,0.1883572081682414
0.9716981132075472,0.18838591678097852
0.9716981132075472,0.18841463414634146
0.9716981132075472,0.18844336026833358
0.9716981132075472,0.18847209515096067
0.9716981132075472,0.1885008387982309
0.9716981132075472,0.18852959121415497
0.9716981132075472,0.188558352402746
0.9716981132075472,0.18858712236801953
0.9716981132075472,0.1886159011139936
0.9716981132075472,0.18864468864468864
0.9716981132075472,0.1886734849641276
0.9716981132075472,0.18870229007633588
0.9709119496855346,0.18857840891739197
0.9709119496855346,0.18860720830788028
0.9709119496855346,0.1886360164961051
0.9709119496855346,0.1886648334860984
0.9709119496855346,0.18869365928189458
0.9709119496855346,0.18872249388753057
0.9709119496855346,0.18875133730704569
0.9709119496855346,0.1887801895444818
0.9709119496855346,0.1888090506038832
0.9709119496855346,0.18883792048929662
0.9709119496855346,0.18886679920477137
0.9709119496855346,0.18889568675435914
0.9709119496855346,0.18892458314211413
0.9709119496855346,0.18895348837209303
0.970125786163522,0.1888293802601377
0.970125786163522,0.18885827976737068
0.970125786163522,0.18888718812184296
0.970125786163522,0.18891610532761788
0.970125786163522,0.1889450313887613
0.970125786163522,0.1889739663093415
0.970125786163522,0.18900291009342932
0.970125786163522,0.18903186274509803
0.970125786163522,0.18906082426842347
0.9693396226415094,0.1889365614465216
0.9693396226415094,0.1889655172413793
0.9693396226415094,0.18899448191293686
0.9693396226415094,0.1890234554652767
0.9693396226415094,0.1890524379024839
0.9693396226415094,0.1890814292286459
0.9693396226415094,0.18911042944785275
0.9693396226415094,0.18913943856419696
0.9693396226415094,0.18916845658177356
0.9693396226415094,0.18919748350468008
0.9693396226415094,0.18922651933701656
0.9693396226415094,0.18925556408288566
0.9693396226415094,0.18928461774639238
0.9693396226415094,0.1893136803316444
0.9693396226415094,0.18934275184275184
0.9693396226415094,0.18937183228382737
0.9693396226415094,0.18940092165898617
0.9693396226415094,0.189430019972346
0.9693396226415094,0.18945912722802705
0.9693396226415094,0.18948824343015214
0.9693396226415094,0.1895173685828466
0.9693396226415094,0.1895465026902383
0.9693396226415094,0.18957564575645758
0.9693396226415094,0.1896047977856374
0.9693396226415094,0.18963395878191325
0.9693396226415094,0.18966312874942318
0.9693396226415094,0.1896923076923077
0.9693396226415094,0.18972149561470997
0.9693396226415094,0.18975069252077562
0.9693396226415094,0.18977989841465293
0.9693396226415094,0.1898091133004926
0.9693396226415094,0.18983833718244802
0.9693396226415094,0.18986757006467508
0.9693396226415094,0.1898968119513322
0.9693396226415094,0.1899260628465804
0.9693396226415094,0.18995532275458327
0.9693396226415094,0.18998459167950693
0.9693396226415094,0.1900138696255201
0.9693396226415094,0.19004315659679408
0.9693396226415094,0.1900724525975027
0.9693396226415094,0.19010175763182238
0.9685534591194969,0.18997686969930608
0.9685534591194969,0.19000616903146206
0.9685534591194969,0.19003547740243715
0.9685534591194969,0.1900647948164147
0.9685534591194969,0.19009412127758063
0.9685534591194969,0.19012345679012346
0.9685534591194969,0.19015280135823429
0.9685534591194969,0.19018215498610683
0.9685534591194969,0.19021151767793731
0.9685534591194969,0.19024088943792464
0.9685534591194969,0.19027027027027027
0.9685534591194969,0.19029966017917826
0.9685534591194969,0.19032905916885526
0.9685534591194969,0.1903584672435105
0.9685534591194969,0.1903878844073559
0.9685534591194969,0.19041731066460588
0.9685534591194969,0.1904467460194775
0.9685534591194969,0.19047619047619047
0.9685534591194969,0.19050564403896705
0.9685534591194969,0.19053510671203217
0.9685534591194969,0.1905645784996133
0.9685534591194969,0.1905940594059406
0.9685534591194969,0.1906235494352468
0.9685534591194969,0.19065304859176727
0.9677672955974843,0.19052778207707785
0.9677672955974843,0.19055727554179566
0.9669811320754716,0.19043195541105434
0.9669811320754716,0.19046144317126046
0.9669811320754716,0.1904909400650457
0.9669811320754716,0.19052044609665428
0.9669811320754716,0.19054996127033308
0.9669811320754716,0.19057948559033158
0.9669811320754716,0.1906090190609019
0.9669811320754716,0.19063856168629884
0.9669811320754716,0.19066811347077972
0.9669811320754716,0.19069767441860466
0.9669811320754716,0.19072724453403628
0.9669811320754716,0.19075682382133996
0.9669811320754716,0.19078641228478363
0.9669811320754716,0.19081600992863793
0.9669811320754716,0.1908456167571761
0.9669811320754716,0.1908752327746741
0.9669811320754716,0.19090485798541051
0.9669811320754716,0.19093449239366656
0.9669811320754716,0.19096413600372614
0.9669811320754716,0.19099378881987578
0.9669811320754716,0.1910234508464047
0.9669811320754716,0.19105312208760486
0.9669811320754716,0.1910828025477707
0.9669811320754716,0.1911124922311995
0.9669811320754716,0.19114219114219114
0.9669811320754716,0.19117189928504819
0.9669811320754716,0.19120161666407587
0.9669811320754716,0.1912313432835821
0.9669811320754716,0.19126107914787746
0.9669811320754716,0.19129082426127528
0.9669811320754716,0.19132057862809146
0.9669811320754716,0.1913503422526447
0.9669811320754716,0.19138011513925626
0.9669811320754716,0.19140989729225025
0.9669811320754716,0.19143968871595332
0.9669811320754716,0.19146948941469488
0.9669811320754716,0.1914992993928071
0.9669811320754716,0.1915291186546247
0.9669811320754716,0.19155894720448527
0.9669811320754716,0.19158878504672897
0.9669811320754716,0.19161863218569872
0.9669811320754716,0.1916484886257401
0.9669811320754716,0.1916783543712015
0.9669811320754716,0.19170822942643392
0.9669811320754716,0.19173811379579112
0.9669811320754716,0.19176800748362957
0.9669811320754716,0.19179791049430844
0.9669811320754716,0.19182782283218963
0.9669811320754716,0.1918577445016378
0.9669811320754716,0.1918876755070203
0.9669811320754716,0.19191761585270714
0.9669811320754716,0.19194756554307116
0.9669811320754716,0.1919775245824879
0.9669811320754716,0.19200749297533562
0.9669811320754716,0.1920374707259953
0.9669811320754716,0.1920674578388507
0.9669811320754716,0.1920974543182883
0.9661949685534591,0.19197125898156825
0.9661949685534591,0.192001249804718
0.9661949685534591,0.19203125
0.9661949685534591,0.19206125957180809
0.9661949685534591,0.19209127852453892
0.9661949685534591,0.19212130686259185
0.9661949685534591,0.19215134459036898
0.9661949685534591,0.19218139171227522
0.9661949685534591,0.19221144823271819
0.9661949685534591,0.19224151415610824
0.9661949685534591,0.19227158948685857
0.9661949685534591,0.19230167422938507
0.9661949685534591,0.19233176838810642
0.9661949685534591,0.19236187196744403
0.9661949685534591,0.19239198497182217
0.9661949685534591,0.19242210740566776
0.9661949685534591,0.1924522392734106
0.9661949685534591,0.19248238057948316
0.9661949685534591,0.1925125313283208
0.9661949685534591,0.1925426915243616
0.9661949685534591,0.1925728611720464
0.9661949685534591,0.19260304027581884
0.9661949685534591,0.1926332288401254
0.9661949685534591,0.19266342686941526
0.9661949685534591,0.1926936343681405
0.9661949685534591,0.19272385134075584
0.9661949685534591,0.19275407779171894
0.9654088050314465,0.19262745098039216
0.9654088050314465,0.1926576717916536
0.9654088050314465,0.19268790208692924
0.9654088050314465,0.19271814187068426
0.9654088050314465,0.1927483911473866
0.9654088050314465,0.19277864992150706
0.9654088050314465,0.19280891819751925
0.9654088050314465,0.19283919597989949
0.9654088050314465,0.19286948327312706
0.9654088050314465,0.19289978008168396
0.9654088050314465,0.192930086410055
0.9654088050314465,0.19296040226272784
0.9654088050314465,0.19299072764419298
0.9654088050314465,0.19302106255894372
0.9654088050314465,0.1930514070114762
0.9654088050314465,0.19308176100628932
0.9654088050314465,0.1931121245478849
0.9654088050314465,0.19314249764076755
0.9654088050314465,0.1931728802894447
0.9654088050314465,0.19320327249842667
0.9654088050314465,0.1932336742722266
0.9654088050314465,0.1932640856153604
0.9654088050314465,0.19329450653234692
0.9654088050314465,0.1933249370277078
0.9654088050314465,0.19335537710596756
0.9654088050314465,0.19338582677165353
0.9654088050314465,0.19341628602929595
0.9654088050314465,0.19344675488342786
0.9654088050314465,0.19347723333858516
0.9654088050314465,0.19350772139930664
0.9654088050314465,0.19353821907013397
0.9654088050314465,0.1935687263556116
0.9654088050314465,0.19359924326028694
0.9654088050314465,0.1936297697887102
0.9654088050314465,0.19366030594543449
0.9654088050314465,0.19369085173501577
0.9654088050314465,0.19372140716201294
0.9654088050314465,0.1937519722309877
0.9654088050314465,0.19378254694650465
0.9654088050314465,0.19381313131313133
0.9654088050314465,0.19384372533543803
0.9654088050314465,0.19387432901799811
0.9654088050314465,0.19390494236538766
0.9654088050314465,0.19393556538218573
0.9654088050314465,0.19396619807297424
0.964622641509434,0.1938388625592417
0.964622641509434,0.19386948965081371
0.964622641509434,0.19390012642225032
0.964622641509434,0.1939307728781413
0.964622641509434,0.19396142902307936
0.964622641509434,0.19399209486166008
0.964622641509434,0.19402277039848198
0.964622641509434,0.19405345563814644
0.964622641509434,0.19408415058525783
0.964622641509434,0.19411485524442335
0.964622641509434,0.19414556962025317
0.964622641509434,0.19417629371736034
0.964622641509434,0.19420702754036087
0.964622641509434,0.19423777109387366
0.964622641509434,0.1942685243825206
0.964622641509434,0.19429928741092636
0.964622641509434,0.19433006018371873
0.964622641509434,0.19436084270552828
0.9638364779874213,0.19423320659062104
0.9638364779874213,0.19426398352083663
0.9638364779874213,0.19429477020602218
0.9638364779874213,0.1943255666508163
0.9638364779874213,0.1943563728598605
0.9638364779874213,0.19438718883779926
0.9638364779874213,0.19441801458928004
0.9638364779874213,0.19444885011895321
0.9638364779874213,0.1944796954314721
0.9638364779874213,0.19451055053149294
0.9638364779874213,0.19454141542367503
0.9638364779874213,0.19457229011268054
0.9638364779874213,0.1946031746031746
0.9638364779874213,0.19463406889982537
0.9638364779874213,0.1946649730073039
0.9638364779874213,0.19469588693028425
0.9638364779874213,0.19472681067344347
0.9638364779874213,0.19475774424146147
0.9638364779874213,0.1947886876390213
0.9638364779874213,0.19481964087080883
0.9638364779874213,0.19485060394151305
0.9638364779874213,0.19488157685582577
0.9638364779874213,0.19491255961844198
0.9638364779874213,0.19494355223405946
0.9638364779874213,0.19497455470737912
0.9638364779874213,0.19500556704310482
0.9638364779874213,0.19503658924594336
0.9638364779874213,0.19506762132060462
0.9638364779874213,0.1950986632718014
0.9638364779874213,0.19512971510424956
0.9638364779874213,0.19516077682266794
0.9638364779874213,0.1951918484317784
0.9638364779874213,0.19522292993630574
0.9638364779874213,0.19525402134097786
0.9638364779874213,0.19528512265052564
0.9630503144654088,0.19515692209654292
0.9630503144654088,0.19518801784576162
0.9630503144654088,0.1952191235059761
0.9630503144654088,0.1952502390819254
0.9630503144654088,0.19528136457835166
0.9630503144654088,0.1953125
0.9630503144654088,0.19534364535161855
0.9630503144654088,0.19537480063795853
0.9630503144654088,0.19540596586377412
0.9630503144654088,0.1954371410338226
0.9630503144654088,0.19546832615286422
0.9630503144654088,0.1954995212256623
0.9630503144654088,0.19553072625698323
0.9630503144654088,0.19556194125159643
0.9630503144654088,0.1955931662142743
0.9630503144654088,0.1956244011497924
0.9630503144654088,0.19565564606292923
0.9630503144654088,0.19568690095846644
0.9630503144654088,0.1957181658411887
0.9630503144654088,0.19574944071588368
0.9630503144654088,0.19578072558734216
0.9630503144654088,0.19581202046035806
0.9630503144654088,0.19584332533972823
0.9630503144654088,0.19587464023025264
0.9630503144654088,0.19590596513673436
0.9622641509433962,0.19577735124760076
0.9622641509433962,0.19580867061270196
0.9622641509433962,0.19584
0.9622641509433962,0.1958713394143063
0.9614779874213837,0.1957426376440461
0.9614779874213837,0.19577397150632303
0.9614779874213837,0.1958053154018572
0.9614779874213837,0.19583666933546837
0.960691823899371,0.19570787956438182
0.960691823899371,0.19573922793528753
0.960691823899371,0.19577058635052869
0.960691823899371,0.1958019548149335
0.960691823899371,0.19583333333333333
0.9599056603773585,0.19570443981407276
0.9599056603773585,0.19573581276050017
0.9599056603773585,0.19576719576719576
0.9599056603773585,0.19579858883899937
0.9599056603773585,0.19582999198075382
0.9599056603773585,0.1958614051973051
0.9599056603773585,0.1958928284935023
0.9599056603773585,0.1959242618741977
0.9599056603773585,0.1959557053442465
0.9599056603773585,0.19598715890850724
0.9599056603773585,0.19601862257184138
0.9599056603773585,0.1960500963391137
0.9599056603773585,0.1960815802151919
0.9599056603773585,0.196113074204947
0.9599056603773585,0.19614457831325302
0.9599056603773585,0.19617609254498714
0.9591194968553459,0.1960469227060903
0.9591194968553459,0.19607843137254902
0.9591194968553459,0.19610995016878316
0.9591194968553459,0.19614147909967847
0.9591194968553459,0.1961730181701238
0.9591194968553459,0.19620456738501127
0.9591194968553459,0.19623612674923596
0.9591194968553459,0.19626769626769627
0.9591194968553459,0.19629927594529364
0.9591194968553459,0.19633086578693273
0.9591194968553459,0.1963624657975213
0.9591194968553459,0.19639407598197037
0.9591194968553459,0.19642569634519402
0.9591194968553459,0.1964573268921095
0.9591194968553459,0.1964889676276373
0.9591194968553459,0.19652061855670103
0.9591194968553459,0.19655227968422748
0.9591194968553459,0.19658395101514664
0.9591194968553459,0.19661563255439163
0.9591194968553459,0.19664732430689877
0.9591194968553459,0.1966790262776076
0.9591194968553459,0.1967107384714608
0.9591194968553459,0.1967424608934043
0.9591194968553459,0.1967741935483871
0.9591194968553459,0.19680593644136152
0.9591194968553459,0.19683768957728298
0.9591194968553459,0.19686945296111022
0.9591194968553459,0.19690122659780504
0.9591194968553459,0.19693301049233253
0.9591194968553459,0.19696480464966096
0.9591194968553459,0.19699660907476182
0.9591194968553459,0.19702842377260982
0.9591194968553459,0.19706024874818284
0.9591194968553459,0.19709208400646203
0.9591194968553459,0.19712392955243174
0.9591194968553459,0.1971557853910795
0.9591194968553459,0.19718765152739615
0.9591194968553459,0.19721952796637568
0.9591194968553459,0.19725141471301536
0.9591194968553459,0.19728331177231564
0.9591194968553459,0.1973152191492803
0.9591194968553459,0.19734713684891622
0.9591194968553459,0.1973790648762336
0.9591194968553459,0.19741100323624594
0.9591194968553459,0.1974429519339699
0.9591194968553459,0.19747491097442538
0.9591194968553459,0.19750688036263558
0.9591194968553459,0.19753886010362695
0.9591194968553459,0.19757085020242915
0.9591194968553459,0.19760285066407515
0.9591194968553459,0.19763486149360115
0.9591194968553459,0.19766688269604665
0.9591194968553459,0.1976989142764544
0.9591194968553459,0.19773095623987033
0.9591194968553459,0.19776300859134383
0.9591194968553459,0.19779507133592736
0.9591194968553459,0.19782714447867683
0.9591194968553459,0.1978592280246513
0.9591194968553459,0.1978913219789132
0.9591194968553459,0.19792342634652824
0.9591194968553459,0.1979555411325653
0.9591194968553459,0.19798766634209672
0.9591194968553459,0.19801980198019803
0.9591194968553459,0.19805194805194806
0.9591194968553459,0.19808410456242898
0.9591194968553459,0.1981162715167262
0.9591194968553459,0.19814844891992853
0.9591194968553459,0.198180636777128
0.9591194968553459,0.19821283509341997
0.9591194968553459,0.19824504387390315
0.9591194968553459,0.1982772631236795
0.9583333333333334,0.19814694408322497
0.9583333333333334,0.1981791578605105
0.9583333333333334,0.19821138211382114
0.9583333333333334,0.19824361684826802
0.9583333333333334,0.19827586206896552
0.9583333333333334,0.19830811778103138
0.9583333333333334,0.19834038398958673
0.9583333333333334,0.1983726606997559
0.9583333333333334,0.19840494791666666
0.9583333333333334,0.1984372456454501
0.9583333333333334,0.19846955389124063
0.9583333333333334,0.19850187265917604
0.9583333333333334,0.1985342019543974
0.9583333333333334,0.1985665417820492
0.9583333333333334,0.19859889214727924
0.9583333333333334,0.1986312530552387
0.9583333333333334,0.19866362451108213
0.9583333333333334,0.1986960065199674
0.9583333333333334,0.19872839908705575
0.9583333333333334,0.19876080221751183
0.9583333333333334,0.1987932159165036
0.9583333333333334,0.1988256401892024
0.9583333333333334,0.19885807504078304
0.9583333333333334,0.19889052047642355
0.9583333333333334,0.19892297650130547
0.9583333333333334,0.19895544312061367
0.9583333333333334,0.1989879203395364
0.9583333333333334,0.1990204081632653
0.9575471698113207,0.19888961463096017
0.9575471698113207,0.19892209701126898
0.9567610062893082,0.19879124469127735
0.9567610062893082,0.19882372161411535
0.9567610062893082,0.19885620915032678
0.9567610062893082,0.1988887073051152
0.9567610062893082,0.19892121608368749
0.9567610062893082,0.1989537354912539
0.9567610062893082,0.19898626553302812
0.9559748427672956,0.19885527391659852
0.9551886792452831,0.1987242394504416
0.9551886792452831,0.19875674791428105
0.9551886792452831,0.19878926701570682
0.9551886792452831,0.19882179675994108
0.9551886792452831,0.1988543371522095
0.9551886792452831,0.19888688819774103
0.9551886792452831,0.19891944990176819
0.9551886792452831,0.19895202226952677
0.9551886792452831,0.19898460530625614
0.9551886792452831,0.19901719901719903
0.9551886792452831,0.19904980340760156
0.9551886792452831,0.1990824184827134
0.9551886792452831,0.19911504424778761
0.9551886792452831,0.19914768070808064
0.9551886792452831,0.19918032786885245
0.9551886792452831,0.19921298573536644
0.9551886792452831,0.19924565431288946
0.9551886792452831,0.1992783336066918
0.9551886792452831,0.19931102362204725
0.9551886792452831,0.19934372436423298
0.9551886792452831,0.1993764358385297
0.9551886792452831,0.19940915805022155
0.9551886792452831,0.1994418910045962
0.9551886792452831,0.19947463470694468
0.9551886792452831,0.19950738916256158
0.9551886792452831,0.19954015437674494
0.9551886792452831,0.1995729303547963
0.9551886792452831,0.1996057171020207
0.9551886792452831,0.1996385146237266
0.9551886792452831,0.19967132292522596
0.9551886792452831,0.1997041420118343
0.9551886792452831,0.19973697188887063
0.9551886792452831,0.19976981256165735
0.9551886792452831,0.19980266403552047
0.9551886792452831,0.19983552631578946
0.9551886792452831,0.19986839940779733
0.9551886792452831,0.19990128331688056
0.9551886792452831,0.19993417804837912
0.9551886792452831,0.1999670836076366
0.9551886792452831,0.2
0.9551886792452831,0.2000329272308199
0.9551886792452831,0.20006586530545034
0.9551886792452831,0.20009881422924902
0.9551886792452831,0.200131774007577
0.9551886792452831,0.200164744645799
0.9551886792452831,0.20019772614928324
0.9551886792452831,0.20023071852340146
0.9551886792452831,0.2002637217735289
0.9551886792452831,0.20029673590504452
0.9551886792452831,0.20032976092333057
0.9551886792452831,0.2003627968337731
0.9551886792452831,0.2003958436417615
0.9551886792452831,0.20042890135268887
0.9551886792452831,0.20046196997195181
0.9551886792452831,0.2004950495049505
0.9551886792452831,0.20052813995708862
0.9551886792452831,0.2005612413337735
0.9551886792452831,0.20059435364041606
0.9551886792452831,0.20062747688243066
0.9551886792452831,0.20066061106523533
0.9551886792452831,0.20069375619425173
0.9551886792452831,0.200726912274905
0.9551886792452831,0.20076007931262393
0.9551886792452831,0.20079325731284084
0.9551886792452831,0.20082644628099172
0.9551886792452831,0.20085964622251612
0.9551886792452831,0.20089285714285715
0.9551886792452831,0.20092607904746154
0.9551886792452831,0.20095931194177968
0.9551886792452831,0.20099255583126552
0.9551886792452831,0.20102581072137657
0.9544025157232704,0.2008935958960781
0.9544025157232704,0.20092684541542535
0.9544025157232704,0.2009601059427247
0.9544025157232704,0.2009933774834437
0.9544025157232704,0.20102666004305347
0.9544025157232704,0.20105995362702883
0.9544025157232704,0.20109325824084812
0.9544025157232704,0.20112657388999336
0.9544025157232704,0.20115990057995028
0.9544025157232704,0.20119323831620817
0.9544025157232704,0.2012265871042599
0.9544025157232704,0.20125994694960211
0.9544025157232704,0.20129331785773505
0.9544025157232704,0.20132669983416251
0.9544025157232704,0.2013600928843921
0.9544025157232704,0.20139349701393497
0.9544025157232704,0.20142691222830594
0.9544025157232704,0.20146033853302356
0.9544025157232704,0.20149377593360995
0.9544025157232704,0.20152722443559096
0.9544025157232704,0.2015606840444961
0.9544025157232704,0.2015941547658585
0.9544025157232704,0.20162763660521507
0.9544025157232704,0.2016611295681063
0.9544025157232704,0.20169463366007642
0.9544025157232704,0.20172814888667331
0.9544025157232704,0.20176167525344857
0.9544025157232704,0.20179521276595744
0.9544025157232704,0.20182876142975895
0.9544025157232704,0.2018623212504157
0.9536163522012578,0.20172958589722267
0.9536163522012578,0.20176314038589488
0.9536163522012578,0.20179670603892863
0.9536163522012578,0.20183028286189683
0.9536163522012578,0.2018638708603761
0.9536163522012578,0.20189747003994674
0.9536163522012578,0.2019310804061928
0.9536163522012578,0.20196470196470195
0.9536163522012578,0.2019983347210658
0.9536163522012578,0.2020319786808794
0.9536163522012578,0.2020656338497418
0.9536163522012578,0.2020993002332556
0.9536163522012578,0.20213297783702716
0.9536163522012578,0.20216666666666666
0.9536163522012578,0.20220036672778796
0.9536163522012578,0.20223407802600868
0.9536163522012578,0.20226780056695015
0.9536163522012578,0.2023015343562375
0.9536163522012578,0.20233527939949958
0.9536163522012578,0.20236903570236903
0.9536163522012578,0.20240280327048224
0.9528301886792453,0.20226969292389854
0.9528301886792453,0.20230345518277415
0.9528301886792453,0.2023372287145242
0.9528301886792453,0.20237101352479545
0.9528301886792453,0.20240480961923848
0.9528301886792453,0.2024386170035076
0.9528301886792453,0.20247243568326095
0.9528301886792453,0.2025062656641604
0.9528301886792453,0.20254010695187166
0.9528301886792453,0.20257395955206417
0.9528301886792453,0.20260782347041123
0.9528301886792453,0.20264169871258986
0.9528301886792453,0.20267558528428092
0.9528301886792453,0.2027094831911691
0.9528301886792453,0.2027433924389428
0.9528301886792453,0.2027773130332943
0.9528301886792453,0.20281124497991967
0.9528301886792453,0.20284518828451883
0.9528301886792453,0.20287914295279544
0.9528301886792453,0.20291310899045706
0.9528301886792453,0.20294708640321502
0.9528301886792453,0.20298107519678446
0.9528301886792453,0.20301507537688443
0.9528301886792453,0.20304908694923773
0.9528301886792453,0.20308310991957104
0.9528301886792453,0.20311714429361488
0.9528301886792453,0.20315119007710358
0.9528301886792453,0.20318524727577536
0.9528301886792453,0.20321931589537223
0.9528301886792453,0.2032533959416401
0.9528301886792453,0.20328748742032876
0.9528301886792453,0.20332159033719174
0.9528301886792453,0.20335570469798658
0.9528301886792453,0.2033898305084746
0.9528301886792453,0.20342396777442096
0.9528301886792453,0.20345811650159476
0.9528301886792453,0.20349227669576897
0.9528301886792453,0.2035264483627204
0.9528301886792453,0.20356063150822976
0.9528301886792453,0.20359482613808164
0.9528301886792453,0.20362903225806453
0.9528301886792453,0.20366324987397075
0.9528301886792453,0.20369747899159663
0.9528301886792453,0.2037317196167423
0.9528301886792453,0.20376597175521183
0.9528301886792453,0.2038002354128132
0.9528301886792453,0.20383451059535823
0.9528301886792453,0.20386879730866275
0.9528301886792453,0.20390309555854644
0.9528301886792453,0.2039374053508329
0.9528301886792453,0.20397172669134972
0.9528301886792453,0.2040060595859283
0.9528301886792453,0.20404040404040405
0.9528301886792453,0.20407476006061626
0.9528301886792453,0.2041091276524082
0.9528301886792453,0.20414350682162707
0.9528301886792453,0.204177897574124
0.9528301886792453,0.20421229991575401
0.9528301886792453,0.20424671385237614
0.9528301886792453,0.20428113938985337
0.9520440251572327,0.20414699932569116
0.9520440251572327,0.20418141965941664
0.9520440251572327,0.2042158516020236
0.9520440251572327,0.20425029515938606
0.9520440251572327,0.20428475033738192
0.9520440251572327,0.20431921714189302
0.9520440251572327,0.20435369557880526
0.9520440251572327,0.20438818565400843
0.9520440251572327,0.20442268737339636
0.9520440251572327,0.2044572007428668
0.9520440251572327,0.2044917257683215
0.9520440251572327,0.20452626245566627
0.9520440251572327,0.20456081081081082
0.9520440251572327,0.20459537083966886
0.9520440251572327,0.20462994254815817
0.9520440251572327,0.20466452594220044
0.9520440251572327,0.20469912102772142
0.9520440251572327,0.20473372781065088
0.9520440251572327,0.20476834629692256
0.9520440251572327,0.2048029764924742
0.9520440251572327,0.20483761840324763
0.9520440251572327,0.20487227203518862
0.9520440251572327,0.20490693739424704
0.9520440251572327,0.2049416144863767
0.9520440251572327,0.20497630331753555
0.9520440251572327,0.20501100389368546
0.9520440251572327,0.2050457162207924
0.9520440251572327,0.20508044030482642
0.9520440251572327,0.20511517615176153
0.9520440251572327,0.20514992376757582
0.9520440251572327,0.20518468315825145
0.9520440251572327,0.20521945432977462
0.9520440251572327,0.2052542372881356
0.9520440251572327,0.2052890320393287
0.9520440251572327,0.20532383858935233
0.9520440251572327,0.2053586569442089
0.9520440251572327,0.20539348710990502
0.9520440251572327,0.20542832909245123
0.9520440251572327,0.20546318289786222
0.9520440251572327,0.2054980485321568
0.9520440251572327,0.20553292600135778
0.9520440251572327,0.2055678153114921
0.9520440251572327,0.20560271646859082
0.9520440251572327,0.20563762947868908
0.9520440251572327,0.20567255434782608
0.9520440251572327,0.2057074910820452
0.9520440251572327,0.2057424396873938
0.9520440251572327,0.20577740016992355
0.9520440251572327,0.20581237253569
0.9520440251572327,0.20584735679075303
0.9520440251572327,0.20588235294117646
0.9512578616352201,0.20574732188403333
0.9512578616352201,0.20578231292517007
0.9512578616352201,0.20581731587004592
0.9512578616352201,0.2058523307247363
0.9512578616352201,0.20588735749532075
0.9512578616352201,0.2059223961878829
0.9512578616352201,0.20595744680851064
0.9512578616352201,0.20599250936329588
0.9512578616352201,0.20602758385833475
0.9512578616352201,0.20606267029972752
0.9512578616352201,0.2060977686935786
0.9512578616352201,0.2061328790459966
0.9512578616352201,0.2061680013630942
0.9512578616352201,0.2062031356509884
0.9512578616352201,0.20623828191580024
0.9512578616352201,0.20627344016365495
0.9512578616352201,0.20630861040068202
0.9512578616352201,0.206343792633015
0.9512578616352201,0.20637898686679174
0.9512578616352201,0.2064141931081542
0.9512578616352201,0.2064494113632486
0.9512578616352201,0.20648464163822525
0.9504716981132075,0.20634920634920634
0.9504716981132075,0.20638443154660294
0.9504716981132075,0.20641966877240908
0.9504716981132075,0.20645491803278687
0.9504716981132075,0.20649017933390265
0.9504716981132075,0.20652545268192687
0.9504716981132075,0.20656073808303435
0.9504716981132075,0.20659603554340397
0.9504716981132075,0.20663134506921893
0.9504716981132075,0.20666666666666667
0.9504716981132075,0.20670200034193878
0.9504716981132075,0.20673734610123118
0.9504716981132075,0.20677270395074396
0.9504716981132075,0.2068080738966815
0.9504716981132075,0.20684345594525236
0.9504716981132075,0.2068788501026694
0.9504716981132075,0.20691425637514976
0.949685534591195,0.20677850051352276
0.949685534591195,0.20681390172915598
0.949685534591195,0.20684931506849316
0.949685534591195,0.20688474053776332
0.949685534591195,0.2069201781431997
0.949685534591195,0.2069556278910399
0.949685534591195,0.2069910897875257
0.949685534591195,0.20702656383890317
0.949685534591195,0.2070620500514227
0.949685534591195,0.20709754843133893
0.949685534591195,0.20713305898491083
0.949685534591195,0.20716858171840163
0.949685534591195,0.2072041166380789
0.949685534591195,0.20723966375021444
0.949685534591195,0.20727522306108442
0.949685534591195,0.20731079457696927
0.949685534591195,0.20734637830415378
0.949685534591195,0.20738197424892704
0.949685534591195,0.20741758241758243
0.949685534591195,0.20745320281641766
0.949685534591195,0.2074888354517348
0.949685534591195,0.20752448032984022
0.949685534591195,0.20756013745704469
0.949685534591195,0.20759580683966317
0.949685534591195,0.20763148848401514
0.949685534591195,0.20766718239642426
0.949685534591195,0.2077028885832187
0.949685534591195,0.20773860705073086
0.949685534591195,0.20777433780529755
0.949685534591195,0.20781008085325994
0.949685534591195,0.20784583620096353
0.949685534591195,0.2078816038547582
0.949685534591195,0.20791738382099828
0.949685534591195,0.20795317610604236
0.949685534591195,0.20798898071625344
0.949685534591195,0.20802479765799897
0.949685534591195,0.2080606269376507
0.949685534591195,0.20809646856158484
0.949685534591195,0.20813232253618194
0.949685534591195,0.20816818886782698
0.949685534591195,0.20820406756290935
0.949685534591195,0.2082399586278228
0.949685534591195,0.2082758620689655
0.949685534591195,0.20831177789274014
0.949685534591195,0.20834770610555364
0.949685534591195,0.20838364671381748
0.949685534591195,0.20841959972394755
0.949685534591195,0.2084555651423641
0.949685534591195,0.20849154297549188
0.949685534591195,0.20852753322976006
0.949685534591195,0.2085635359116022
0.949685534591195,0.2085995510274564
0.949685534591195,0.2086355785837651
0.949685534591195,0.2086716185869753
0.949685534591195,0.20870767104353835
0.949685534591195,0.20874373595991014
0.949685534591195,0.208779813342551
0.949685534591195,0.20881590319792567
0.949685534591195,0.20885200553250347
0.949685534591195,0.20888812035275808
0.949685534591195,0.20892424766516776
0.949685534591195,0.20896038747621518
0.949685534591195,0.20899653979238755
0.949685534591195,0.2090327046201765
0.949685534591195,0.20906888196607823
0.949685534591195,0.20910507183659338
0.949685534591195,0.20914127423822715
0.9488993710691824,0.209004329004329
0.9488993710691824,0.2090405264980949
0.9488993710691824,0.20907673653213235
0.9488993710691824,0.2091129591129591
0.9488993710691824,0.20914919424709755
0.9488993710691824,0.20918544194107452
0.9488993710691824,0.2092217022014214
0.9488993710691824,0.20925797503467405
0.9488993710691824,0.20929426044737298
0.9488993710691824,0.20933055844606313
0.9488993710691824,0.209366869037294
0.9488993710691824,0.20940319222761972
0.9481132075471698,0.2092660072878709
0.9481132075471698,0.20930232558139536
0.9481132075471698,0.20933865648324942
0.9481132075471698,0.209375
0.9481132075471698,0.20941135613821843
0.9481132075471698,0.20944772490448071
0.9481132075471698,0.20948410630536737
0.9481132075471698,0.20952050034746353
0.9481132075471698,0.20955690703735882
0.9481132075471698,0.20959332638164754
0.9481132075471698,0.20962975838692857
0.9481132075471698,0.2096662030598053
0.9481132075471698,0.20970266040688576
0.9481132075471698,0.20973913043478262
0.9481132075471698,0.20977561315011306
0.9473270440251572,0.20963813500347947
0.9473270440251572,0.2096746128414825
0.9473270440251572,0.20971110337626175
0.9473270440251572,0.20974760661444736
0.9473270440251572,0.2097841225626741
0.9473270440251572,0.2098206512275814
0.9473270440251572,0.20985719261581331
0.9473270440251572,0.20989374673401848
0.9473270440251572,0.20993031358885017
0.9473270440251572,0.20996689318696637
0.9473270440251572,0.21000348553502962
0.9473270440251572,0.21004009063970716
0.9473270440251572,0.21007670850767085
0.9473270440251572,0.2101133391455972
0.9473270440251572,0.21014998256016743
0.9473270440251572,0.21018663875806734
0.9473270440251572,0.21022330774598744
0.9473270440251572,0.21025998953062291
0.9473270440251572,0.21029668411867364
0.9473270440251572,0.21033339151684413
0.9473270440251572,0.21037011173184358
0.9473270440251572,0.2104068447703859
0.9473270440251572,0.21044359063918966
0.9473270440251572,0.21048034934497817
0.9473270440251572,0.21051712089447938
0.9473270440251572,0.210553905294426
0.9473270440251572,0.2105907025515554
0.9473270440251572,0.21062751267260968
0.9473270440251572,0.21066433566433568
0.9473270440251572,0.2107011715334849
0.9473270440251572,0.21073802028681357
0.9473270440251572,0.21077488193108274
0.9473270440251572,0.21081175647305808
0.9473270440251572,0.21084864391951005
0.9473270440251572,0.21088554427721387
0.9465408805031447,0.21074741816908804
0.9465408805031447,0.2107843137254902
0.9465408805031447,0.21082122220276658
0.9465408805031447,0.21085814360770577
0.9465408805031447,0.21089507794710108
0.9465408805031447,0.21093202522775054
0.9465408805031447,0.21096898545645698
0.9465408805031447,0.21100595864002805
0.9465408805031447,0.21104294478527608
0.9465408805031447,0.21107994389901824
0.9465408805031447,0.21111695598807645
0.9465408805031447,0.21115398105927743
0.9465408805031447,0.21119101911945273
0.9465408805031447,0.2112280701754386
0.9465408805031447,0.21126513423407614
0.9465408805031447,0.2113022113022113
0.9465408805031447,0.21133930138669474
0.9465408805031447,0.21137640449438203
0.9465408805031447,0.21141352063213345
0.9465408805031447,0.2114506498068142
0.9465408805031447,0.21148779202529422
0.9465408805031447,0.21152494729444835
0.9465408805031447,0.2115621156211562
0.9465408805031447,0.2115992970123023
0.9465408805031447,0.2116364914747759
0.9465408805031447,0.21167369901547117
0.9465408805031447,0.21171091964128716
0.9465408805031447,0.2117481533591277
0.9465408805031447,0.2117854001759015
0.9465408805031447,0.21182266009852216
0.9465408805031447,0.21185993313390813
0.9465408805031447,0.21189721928898275
0.9465408805031447,0.2119345185706742
0.9465408805031447,0.2119718309859155
0.9465408805031447,0.21200915654164465
0.9465408805031447,0.2120464952448045
0.9465408805031447,0.2120838471023428
0.9465408805031447,0.21212121212121213
0.9465408805031447,0.21215859030837003
0.9465408805031447,0.212195981670779
0.9465408805031447,0.2122333862154063
0.9465408805031447,0.21227080394922426
0.9465408805031447,0.21230823487921002
0.9465408805031447,0.2123456790123457
0.9465408805031447,0.21238313635561828
0.9465408805031447,0.21242060691601977
0.9465408805031447,0.21245809070054703
0.9465408805031447,0.21249558771620192
0.9465408805031447,0.21253309796999117
0.9465408805031447,0.21257062146892655
0.9465408805031447,0.2126081582200247
0.9465408805031447,0.21264570823030732
0.9457547169811321,0.21250662427133016
0.9457547169811321,0.21254416961130743
0.9457547169811321,0.21258172822053367
0.9457547169811321,0.21261930010604455
0.9457547169811321,0.2126568852748807
0.9457547169811321,0.2126944837340877
0.9457547169811321,0.21273209549071617
0.9457547169811321,0.21276972055182172
0.9457547169811321,0.2128073589244649
0.9457547169811321,0.21284501061571126
0.9457547169811321,0.21288267563263139
0.9457547169811321,0.2129203539823009
0.9457547169811321,0.21295804567180032
0.9449685534591195,0.2128186968838527
0.9449685534591195,0.21285638392066583
0.9449685534591195,0.2128940843074743
0.9449685534591195,0.21293179805137288
0.9449685534591195,0.21296952515946138
0.9449685534591195,0.2130072656388446
0.9449685534591195,0.2130450194966324
0.9449685534591195,0.21308278673993972
0.9449685534591195,0.21312056737588653
0.9449685534591195,0.2131583614115978
0.9449685534591195,0.21319616885420362
0.9449685534591195,0.2132339897108391
0.9449685534591195,0.21327182398864442
0.9449685534591195,0.21330967169476486
0.9449685534591195,0.21334753283635072
0.9449685534591195,0.21338540742055742
0.9449685534591195,0.21342329545454544
0.9449685534591195,0.21346119694548038
0.9449685534591195,0.21349911190053286
0.9449685534591195,0.21353704032687867
0.9449685534591195,0.21357498223169866
0.9449685534591195,0.21361293762217878
0.9449685534591195,0.21365090650551014
0.9449685534591195,0.2136888888888889
0.9449685534591195,0.21372688477951635
0.9449685534591195,0.21376489418459896
0.9449685534591195,0.21380291711134827
0.9449685534591195,0.21384095356698096
0.9449685534591195,0.21387900355871886
0.9449685534591195,0.21391706709378894
0.9449685534591195,0.2139551441794233
0.9449685534591195,0.21399323482285917
0.9449685534591195,0.21403133903133903
0.9449685534591195,0.21406945681211043
0.9449685534591195,0.2141075881724261
0.9441823899371069,0.21396757527169072
0.9441823899371069,0.2140057020669993
0.9441823899371069,0.2140438424523258
0.9441823899371069,0.2140819964349376
0.9441823899371069,0.21412016402210732
0.9441823899371069,0.21415834522111268
0.9441823899371069,0.21419654003923666
0.9441823899371069,0.2142347484837674
0.9441823899371069,0.2142729705619982
0.9441823899371069,0.21431120628122768
0.9441823899371069,0.2143494556487596
0.9441823899371069,0.2143877186719029
0.9441823899371069,0.2144259953579718
0.9441823899371069,0.21446428571428572
0.9441823899371069,0.21450258974816933
0.9441823899371069,0.21454090746695248
0.9441823899371069,0.21457923887797034
0.9441823899371069,0.21461758398856326
0.9441823899371069,0.21465594280607686
0.9441823899371069,0.21469431533786199
0.9441823899371069,0.2147327015912748
0.9441823899371069,0.21477110157367668
0.9441823899371069,0.21480951529243428
0.9441823899371069,0.2148479427549195
0.9441823899371069,0.21488638396850956
0.9441823899371069,0.21492483894058698
0.9441823899371069,0.21496330767853947
0.9441823899371069,0.21500179018976012
0.9441823899371069,0.21504028648164727
0.9441823899371069,0.21507879656160458
0.9441823899371069,0.21511732043704102
0.9441823899371069,0.21515585811537083
0.9441823899371069,0.21519440960401362
0.9441823899371069,0.21523297491039425
0.9433962264150944,0.2150923104499014
0.9433962264150944,0.2151308712800287
0.9426100628930818,0.21499013806706113
0.9426100628930818,0.2150286944045911
0.9426100628930818,0.21506726457399103
0.9426100628930818,0.21510584858270543
0.9426100628930818,0.2151444464381841
0.9426100628930818,0.21518305814788227
0.9426100628930818,0.21522168371926045
0.9418238993710691,0.21508078994614005
0.9418238993710691,0.21511941102531873
0.9418238993710691,0.2151580459770115
0.9418238993710691,0.21519669480869408
0.9418238993710691,0.21523535752784764
0.9418238993710691,0.21527403414195867
0.9418238993710691,0.21531272465851906
0.9418238993710691,0.21535142908502605
0.9418238993710691,0.21539014742898238
0.9418238993710691,0.21542887969789606
0.9418238993710691,0.21546762589928056
0.9410377358490566,0.21532649757150565
0.9410377358490566,0.21536523929471033
0.9410377358490566,0.21540399496131005
0.940251572327044,0.21526277897768178
0.940251572327044,0.2153015301530153
0.940251572327044,0.21534029528267914
0.940251572327044,0.21537907437421214
0.940251572327044,0.2154178674351585
0.940251572327044,0.2154566744730679
0.940251572327044,0.2154954954954955
0.940251572327044,0.21553433051000181
0.940251572327044,0.21557317952415284
0.940251572327044,0.2156120425455201
0.940251572327044,0.21565091958168048
0.940251572327044,0.21568981064021642
0.940251572327044,0.21572871572871574
0.940251572327044,0.2157676348547718
0.940251572327044,0.2158065680259834
0.940251572327044,0.21584551524995488
0.940251572327044,0.21588447653429602
0.940251572327044,0.21592345188662213
0.940251572327044,0.215962441314554
0.940251572327044,0.2160014448257179
0.940251572327044,0.21604046242774566
0.940251572327044,0.21607949412827462
0.940251572327044,0.2161185399349476
0.940251572327044,0.21615759985541297
0.940251572327044,0.21619667389732466
0.940251572327044,0.21623576206834208
0.940251572327044,0.2162748643761302
0.940251572327044,0.21631398082835956
0.940251572327044,0.21635311143270622
0.940251572327044,0.21639225619685182
0.940251572327044,0.21643141512848355
0.940251572327044,0.2164705882352941
0.940251572327044,0.2165097755249819
0.940251572327044,0.21654897700525078
0.940251572327044,0.21658819268381022
0.940251572327044,0.2166274225683753
0.940251572327044,0.21666666666666667
0.940251572327044,0.2167059249864106
0.940251572327044,0.21674519753533888
0.940251572327044,0.21678448432118905
0.940251572327044,0.21682378535170413
0.940251572327044,0.21686310063463282
0.940251572327044,0.21690243017772942
0.940251572327044,0.21694177398875386
0.940251572327044,0.2169811320754717
0.940251572327044,0.21702050444565416
0.940251572327044,0.21705989110707805
0.940251572327044,0.21709929206752587
0.940251572327044,0.21713870733478577
0.940251572327044,0.21717813691665153
0.940251572327044,0.21721758082092263
0.940251572327044,0.21725703905540417
0.940251572327044,0.21729651162790697
0.940251572327044,0.2173359985462475
0.940251572327044,0.2173754998182479
0.940251572327044,0.21741501545173605
0.940251572327044,0.21745454545454546
0.940251572327044,0.21749408983451538
0.940251572327044,0.21753364859949073
0.940251572327044,0.2175732217573222
0.940251572327044,0.21761280931586607
0.940251572327044,0.21765241128298454
0.940251572327044,0.21769202766654533
0.9394654088050315,0.2175496085927544
0.9394654088050315,0.21758922068463218
0.9394654088050315,0.21762884720451647
0.9394654088050315,0.21766848816029144
0.9394654088050315,0.21770814355984697
0.9394654088050315,0.2177478134110787
0.9394654088050315,0.2177874977218881
0.9394654088050315,0.21782719650018229
0.9394654088050315,0.2178669097538742
0.9394654088050315,0.21790663749088257
0.9394654088050315,0.21794637971913186
0.9394654088050315,0.21798613644655235
0.9394654088050315,0.2180259076810801
0.9394654088050315,0.21806569343065693
0.9394654088050315,0.2181054937032305
0.9394654088050315,0.2181453085067543
0.9394654088050315,0.2181851378491875
0.9394654088050315,0.21822498173849525
0.9394654088050315,0.2182648401826484
0.9394654088050315,0.2183047131896237
0.9394654088050315,0.2183446007674036
0.9394654088050315,0.2183845029239766
0.9394654088050315,0.21842441966733686
0.9394654088050315,0.21846435100548445
0.9394654088050315,0.2185042969464253
0.9394654088050315,0.2185442574981712
0.9394654088050315,0.21858423266873972
0.9394654088050315,0.2186242224661544
0.9394654088050315,0.21866422689844464
0.9394654088050315,0.21870424597364568
0.9394654088050315,0.21874427969979865
0.9394654088050315,0.21878432808495057
0.9394654088050315,0.21882439113715438
0.9394654088050315,0.21886446886446886
0.9394654088050315,0.21890456127495878
0.9394654088050315,0.21894466837669477
0.9394654088050315,0.21898479017775335
0.9394654088050315,0.219024926686217
0.9394654088050315,0.21906507791017416
0.9394654088050315,0.2191052438577191
0.9394654088050315,0.21914542453695213
0.9394654088050315,0.21918561995597946
0.9394654088050315,0.21922583012291322
0.9394654088050315,0.21926605504587157
0.9394654088050315,0.21930629473297852
0.9394654088050315,0.21934654919236418
0.9394654088050315,0.21938681843216448
0.9394654088050315,0.2194271024605215
0.9394654088050315,0.2194674012855831
0.9394654088050315,0.2195077149155033
0.9394654088050315,0.21954804335844202
0.9386792452830188,0.21940463065049615
0.9386792452830188,0.2194449549715126
0.9386792452830188,0.21948529411764706
0.9386792452830188,0.21952564809707667
0.9386792452830188,0.21956601691798455
0.9386792452830188,0.21960640058855987
0.9386792452830188,0.2196467991169978
0.9386792452830188,0.21968721251149953
0.9386792452830188,0.21972764078027235
0.9386792452830188,0.21976808393152955
0.9386792452830188,0.21980854197349042
0.9386792452830188,0.21984901491438041
0.9386792452830188,0.21988950276243094
0.9386792452830188,0.21993000552587955
0.9386792452830188,0.21997052321296978
0.9386792452830188,0.22001105583195135
0.9386792452830188,0.22005160339108
0.9386792452830188,0.22009216589861752
0.9386792452830188,0.22013274336283187
0.9386792452830188,0.22017333579199705
0.9386792452830188,0.22021394319439322
0.9386792452830188,0.22025456557830658
0.9386792452830188,0.22029520295202953
0.9386792452830188,0.2203358553238605
0.9386792452830188,0.2203765227021041
0.9386792452830188,0.22041720509507107
0.9386792452830188,0.22045790251107827
0.9386792452830188,0.22049861495844875
0.9386792452830188,0.22053934244551163
0.9386792452830188,0.22058008498060225
0.9386792452830188,0.22062084257206208
0.9386792452830188,0.22066161522823877
0.9386792452830188,0.22070240295748614
0.9386792452830188,0.22074320576816417
0.9386792452830188,0.22078402366863906
0.9386792452830188,0.22082485666728316
0.9386792452830188,0.22086570477247502
0.9386792452830188,0.22090656799259945
0.9386792452830188,0.22094744633604738
0.9386792452830188,0.220988339811216
0.9386792452830188,0.2210292484265087
0.9386792452830188,0.22107017219033512
0.9386792452830188,0.22111111111111112
0.9386792452830188,0.22115206519725875
0.9386792452830188,0.22119303445720637
0.9386792452830188,0.22123401889938854
0.9378930817610063,0.22108969607116383
0.9378930817610063,0.2211306765523633
0.9378930817610063,0.22117167222840192
0.9378930817610063,0.22121268310773223
0.9378930817610063,0.22125370919881307
0.9378930817610063,0.22129475051010944
0.9378930817610063,0.22133580705009276
0.9378930817610063,0.22137687882724066
0.9378930817610063,0.22141796585003712
0.9378930817610063,0.22145906812697233
0.9378930817610063,0.2215001856665429
0.9378930817610063,0.22154131847725161
0.9378930817610063,0.22158246656760772
0.9378930817610063,0.2216236299461267
0.9378930817610063,0.22166480862133037
0.9378930817610063,0.2217060026017469
0.9378930817610063,0.2217472118959108
0.9378930817610063,0.22178843651236288
0.9378930817610063,0.22182967645965043
0.9378930817610063,0.22187093174632694
0.9378930817610063,0.22191220238095238
0.9378930817610063,0.22195348837209303
0.9378930817610063,0.22199478972832154
0.9378930817610063,0.222036106458217
0.9378930817610063,0.22207743857036485
0.9378930817610063,0.22211878607335692
0.9378930817610063,0.22216014897579142
0.9378930817610063,0.22220152728627304
0.9378930817610063,0.2222429210134128
0.9378930817610063,0.22228433016582821
0.9378930817610063,0.2223257547521431
0.9378930817610063,0.22236719478098788
0.9371069182389937,0.2222222222222222
0.9371069182389937,0.22226365840014917
0.9371069182389937,0.22230511003356956
0.9371069182389937,0.22234657713113226
0.9371069182389937,0.22238805970149253
0.9371069182389937,0.2224295577533122
0.9371069182389937,0.22247107129525942
0.9371069182389937,0.22251260033600895
0.9371069182389937,0.22255414488424197
0.9371069182389937,0.2225957049486461
0.9371069182389937,0.22263728053791557
0.9371069182389937,0.22267887166075098
0.9371069182389937,0.2227204783258595
0.9371069182389937,0.22276210054195478
0.9371069182389937,0.22280373831775702
0.9371069182389937,0.2228453916619929
0.9371069182389937,0.22288706058339566
0.9371069182389937,0.22292874509070507
0.9371069182389937,0.22297044519266743
0.9371069182389937,0.22301216089803555
0.9371069182389937,0.22305389221556887
0.9371069182389937,0.22309563915403333
0.9371069182389937,0.22313740172220142
0.9371069182389937,0.22317917992885228
0.9371069182389937,0.22322097378277153
0.9371069182389937,0.22326278329275145
0.9371069182389937,0.22330460846759087
0.9371069182389937,0.22334644931609518
0.9371069182389937,0.22338830584707647
0.9371069182389937,0.22343017806935334
0.9371069182389937,0.22347206599175104
0.9371069182389937,0.22351396962310144
0.9371069182389937,0.22355588897224307
0.9371069182389937,0.223597824048021
0.9371069182389937,0.22363977485928704
0.9371069182389937,0.2236817414148996
0.9371069182389937,0.22372372372372373
0.9371069182389937,0.2237657217946311
0.9371069182389937,0.2238077356365002
0.9371069182389937,0.22384976525821595
0.9371069182389937,0.22389181066867017
0.9371069182389937,0.22393387187676123
0.9371069182389937,0.22397594889139422
0.9363207547169812,0.2238301071227213
0.9363207547169812,0.2238721804511278
0.9363207547169812,0.2239142695995488
0.9363207547169812,0.22395637457690862
0.9363207547169812,0.22399849539213842
0.9363207547169812,0.22404063205417607
0.9363207547169812,0.22408278457196612
0.9363207547169812,0.22412495295445992
0.9363207547169812,0.22416713721061546
0.9363207547169812,0.2242093373493976
0.9363207547169812,0.2242515533797778
0.9363207547169812,0.22429378531073446
0.9363207547169812,0.22433603315125258
0.9363207547169812,0.22437829691032404
0.9355345911949685,0.224232146221971
0.9355345911949685,0.22427440633245382
0.9355345911949685,0.22431668237511782
0.9355345911949685,0.22435897435897437
0.9355345911949685,0.22440128229304168
0.9355345911949685,0.22444360618634476
0.9355345911949685,0.2244859460479155
0.9355345911949685,0.22452830188679246
0.9355345911949685,0.22457067371202113
0.9355345911949685,0.22461306153265384
0.9355345911949685,0.22465546535774966
0.9355345911949685,0.22469788519637462
0.9355345911949685,0.2247403210576015
0.9355345911949685,0.22478277295051002
0.9355345911949685,0.22482524088418665
0.9355345911949685,0.22486772486772486
0.9355345911949685,0.22491022491022492
0.9355345911949685,0.22495274102079396
0.9355345911949685,0.22499527320854604
0.9355345911949685,0.22503782148260212
0.9355345911949685,0.22508038585209003
0.9355345911949685,0.22512296632614454
0.9355345911949685,0.2251655629139073
0.9355345911949685,0.22520817562452689
0.9355345911949685,0.2252508044671588
0.934748427672956,0.22510412722453615
0.934748427672956,0.22514675250899452
0.934748427672956,0.22518939393939394
0.934748427672956,0.22523205152491002
0.934748427672956,0.22527472527472528
0.934748427672956,0.22531741519802917
0.934748427672956,0.2253601213040182
0.934748427672956,0.22540284360189575
0.934748427672956,0.2254455821008722
0.934748427672956,0.225488336810165
0.934748427672956,0.22553110773899848
0.934748427672956,0.22557389489660407
0.934748427672956,0.2256166982922201
0.934748427672956,0.22565951793509204
0.9339622641509434,0.2255125284738041
0.9339622641509434,0.22555534459844315
0.9339622641509434,0.2255981769844284
0.9339622641509434,0.22564102564102564
0.9331761006289309,0.22549392097264437
0.9331761006289309,0.2255367661029831
0.9331761006289309,0.22557962751805397
0.9331761006289309,0.22562250522714314
0.9331761006289309,0.22566539923954373
0.9331761006289309,0.225708309564556
0.9331761006289309,0.22575123621148727
0.9331761006289309,0.2257941791896519
0.9331761006289309,0.2258371385083714
0.9331761006289309,0.22588011417697432
0.9331761006289309,0.22592310620479636
0.9331761006289309,0.22596611460118027
0.9331761006289309,0.226009139375476
0.9331761006289309,0.22605218053704057
0.9331761006289309,0.2260952380952381
0.9331761006289309,0.2261383120594399
0.9331761006289309,0.2261814024390244
0.9331761006289309,0.22622450924337717
0.9331761006289309,0.22626763248189097
0.9331761006289309,0.22631077216396567
0.9331761006289309,0.22635392829900838
0.9331761006289309,0.22639710089643333
0.9331761006289309,0.22644028996566196
0.9331761006289309,0.22648349551612287
0.9331761006289309,0.2265267175572519
0.9331761006289309,0.2265699560984921
0.9331761006289309,0.22661321114929361
0.9331761006289309,0.22665648271911398
0.9323899371069182,0.22650878533231475
0.9323899371069182,0.2265520534861509
0.9323899371069182,0.2265953381734811
0.9323899371069182,0.22663863940378368
0.9316037735849056,0.22649082568807338
0.9316037735849056,0.2265341234945517
0.9316037735849056,0.22657743785850862
0.9316037735849056,0.22662076878944348
0.9316037735849056,0.22666411629686303
0.9316037735849056,0.22670748039028124
0.9316037735849056,0.2267508610792193
0.9308176100628931,0.22660287081339714
0.9308176100628931,0.22664624808575803
0.9308176100628931,0.2266896419682175
0.9308176100628931,0.2267330524703179
0.9308176100628931,0.22677647960160888
0.9308176100628931,0.2268199233716475
0.9308176100628931,0.2268633837899981
0.9308176100628931,0.22690686086623227
0.9308176100628931,0.22695035460992907
0.9308176100628931,0.22699386503067484
0.9308176100628931,0.2270373921380633
0.9308176100628931,0.22708093594169543
0.9308176100628931,0.22712449645117974
0.9308176100628931,0.227168073676132
0.9308176100628931,0.2272116676261754
0.9308176100628931,0.2272552783109405
0.9308176100628931,0.22729890574006528
0.9308176100628931,0.22734254992319508
0.9308176100628931,0.2273862108699827
0.9308176100628931,0.22742988859008836
0.9308176100628931,0.22747358309317964
0.9308176100628931,0.2275172943889316
0.9308176100628931,0.22756102248702673
0.9308176100628931,0.22760476739715493
0.9308176100628931,0.22764852912901365
0.9308176100628931,0.2276923076923077
0.9308176100628931,0.22773610309674938
0.9300314465408805,0.22758753366679493
0.9300314465408805,0.22763132576486433
0.9300314465408805,0.22767513471901463
0.9300314465408805,0.22771896053897978
0.9300314465408805,0.22776280323450135
0.9300314465408805,0.22780666281532833
0.9300314465408805,0.22785053929121726
0.9300314465408805,0.22789443267193218
0.9300314465408805,0.2279383429672447
0.9300314465408805,0.2279822701869339
0.9300314465408805,0.22802621434078643
0.9300314465408805,0.22807017543859648
0.9300314465408805,0.22811415349016584
0.9300314465408805,0.22815814850530375
0.9300314465408805,0.22820216049382716
0.9300314465408805,0.2282461894655605
0.9300314465408805,0.22829023543033578
0.9300314465408805,0.22833429839799266
0.9300314465408805,0.22837837837837838
0.9300314465408805,0.22842247538134774
0.9300314465408805,0.22846658941676323
0.9300314465408805,0.2285107204944949
0.9300314465408805,0.2285548686244204
0.9300314465408805,0.22859903381642513
0.9300314465408805,0.228643216080402
0.9300314465408805,0.22868741542625168
0.9300314465408805,0.22873163186388246
0.9300314465408805,0.2287758654032102
0.9300314465408805,0.2288201160541586
0.9300314465408805,0.22886438382665894
0.9300314465408805,0.22890866873065016
0.9300314465408805,0.22895297077607896
0.9300314465408805,0.22899728997289973
0.9300314465408805,0.22904162633107453
0.9300314465408805,0.2290859798605732
0.9300314465408805,0.22913035057137324
0.9300314465408805,0.2291747384734599
0.9300314465408805,0.22921914357682618
0.9300314465408805,0.22926356589147287
0.9300314465408805,0.22930800542740842
0.9300314465408805,0.22935246219464908
0.9292452830188679,0.22920302501454334
0.9292452830188679,0.22924747866563228
0.9292452830188679,0.22929194956353055
0.9292452830188679,0.22933643771827705
0.9292452830188679,0.2293809431399185
0.9292452830188679,0.2294254658385093
0.9292452830188679,0.2294700058241118
0.9284591194968553,0.22932038834951457
0.9284591194968553,0.22936492522819965
0.9284591194968553,0.22940947940947942
0.9284591194968553,0.2294540509034389
0.9284591194968553,0.229498639720171
0.9284591194968553,0.22954324586977648
0.9284591194968553,0.22958786936236392
0.9284591194968553,0.22963251020804978
0.9284591194968553,0.22967716841695837
0.9284591194968553,0.22972184399922194
0.9284591194968553,0.22976653696498053
0.9284591194968553,0.22981124732438218
0.9284591194968553,0.2298559750875827
0.9284591194968553,0.22990072026474595
0.9284591194968553,0.2299454828660436
0.9284591194968553,0.2299902629016553
0.9284591194968553,0.2300350603817686
0.9284591194968553,0.230079875316579
0.9284591194968553,0.23012470771628996
0.9284591194968553,0.23016955759111285
0.9284591194968553,0.23021442495126707
0.9284591194968553,0.23025930980697992
0.9284591194968553,0.23030421216848673
0.9284591194968553,0.23034913204603083
0.9284591194968553,0.23039406944986343
0.9284591194968553,0.2304390243902439
0.9284591194968553,0.2304839968774395
0.9284591194968553,0.23052898692172555
0.9284591194968553,0.2305739945333854
0.9284591194968553,0.2306190197227104
0.9284591194968553,0.2306640625
0.9284591194968553,0.23070912287556164
0.9284591194968553,0.23075420085971082
0.9284591194968553,0.23079929646277114
0.9284591194968553,0.23084440969507428
0.9284591194968553,0.23088954056695993
0.9284591194968553,0.2309346890887759
0.9284591194968553,0.23097985527087816
0.9284591194968553,0.23102503912363068
0.9284591194968553,0.23107024065740558
0.9284591194968553,0.23111545988258317
0.9284591194968553,0.23116069680955176
0.9284591194968553,0.2312059514487079
0.9284591194968553,0.23125122381045624
0.9284591194968553,0.23129651390520956
0.9284591194968553,0.23134182174338883
0.9284591194968553,0.2313871473354232
0.9284591194968553,0.23143249069174995
0.9284591194968553,0.23147785182281458
0.9284591194968553,0.23152323073907077
0.9284591194968553,0.2315686274509804
0.9284591194968553,0.23161404196901353
0.9284591194968553,0.2316594743036485
0.9284591194968553,0.23170492446537178
0.9284591194968553,0.23175039246467818
0.9276729559748428,0.23159960745829244
0.9276729559748428,0.23164507263447193
0.9276729559748428,0.23169055566463773
0.9276729559748428,0.2317360565593087
0.9276729559748428,0.23178157532901197
0.9276729559748428,0.2318271119842829
0.9276729559748428,0.23187266653566516
0.9276729559748428,0.2319182389937107
0.9276729559748428,0.23196382936897975
0.9268867924528302,0.2318128195045222
0.9268867924528302,0.23185840707964603
0.9268867924528302,0.23190401258851298
0.9268867924528302,0.23194963604170765
0.9268867924528302,0.2319952774498229
0.9268867924528302,0.23204093682345994
0.9268867924528302,0.23208661417322834
0.9268867924528302,0.232132309509746
0.9268867924528302,0.23217802284363923
0.9268867924528302,0.23222375418554264
0.9268867924528302,0.2322695035460993
0.9268867924528302,0.2323152709359606
0.9268867924528302,0.23236105636578636
0.9268867924528302,0.23240685984624482
0.9268867924528302,0.23245268138801262
0.9268867924528302,0.2324985210017748
0.9268867924528302,0.23254437869822486
0.9268867924528302,0.2325902544880647
0.9268867924528302,0.23263614838200475
0.9268867924528302,0.23268206039076378
0.9268867924528302,0.2327279905250691
0.9268867924528302,0.23277393879565647
0.9268867924528302,0.23281990521327015
0.9261006289308176,0.23266837843175983
0.9261006289308176,0.2327143421572501
0.9261006289308176,0.2327603240466311
0.9261006289308176,0.23280632411067192
0.9261006289308176,0.23285234236015023
0.9261006289308176,0.23289837880585212
0.9261006289308176,0.23294443345857227
0.9261006289308176,0.23299050632911392
0.9261006289308176,0.23303659742828883
0.9261006289308176,0.23308270676691728
0.9261006289308176,0.2331288343558282
0.9261006289308176,0.23317498020585906
0.9261006289308176,0.23322114432785587
0.9261006289308176,0.23326732673267328
0.9261006289308176,0.23331352743117448
0.9261006289308176,0.23335974643423138
0.9261006289308176,0.2334059837527244
0.9261006289308176,0.23345223939754262
0.9261006289308176,0.23349851337958374
0.9261006289308176,0.23354480570975417
0.9261006289308176,0.23359111639896887
0.9261006289308176,0.23363744545815152
0.9261006289308176,0.2336837928982345
0.9261006289308176,0.23373015873015873
0.9261006289308176,0.233776542964874
0.9261006289308176,0.23382294561333863
0.9261006289308176,0.23386936668651975
0.9261006289308176,0.23391580619539318
0.925314465408805,0.23376365441906655
0.925314465408805,0.23381009137862535
0.925314465408805,0.23385654679117823
0.925314465408805,0.23390302066772656
0.925314465408805,0.23394951301928046
0.925314465408805,0.23399602385685886
0.925314465408805,0.23404255319148937
0.925314465408805,0.23408910103420844
0.925314465408805,0.23413566739606126
0.925314465408805,0.23418225228810188
0.925314465408805,0.23422885572139304
0.925314465408805,0.23427547770700638
0.925314465408805,0.2343221182560223
0.925314465408805,0.23436877737953007
0.925314465408805,0.23441545508862777
0.9245283018867925,0.2342629482071713
0.9245283018867925,0.23430962343096234
0.9245283018867925,0.23435631725787165
0.9245283018867925,0.23440302969902332
0.9245283018867925,0.23444976076555024
0.9245283018867925,0.2344965104685942
0.9245283018867925,0.23454327881930595
0.9245283018867925,0.234590065828845
0.9245283018867925,0.2346368715083799
0.9245283018867925,0.234683695869088
0.9245283018867925,0.2347305389221557
0.9245283018867925,0.2347774006787782
0.9245283018867925,0.23482428115015974
0.9245283018867925,0.23487118034751348
0.9245283018867925,0.23491809828206153
0.9245283018867925,0.23496503496503496
0.9245283018867925,0.23501199040767387
0.9245283018867925,0.23505896462122727
0.9245283018867925,0.23510595761695322
0.9245283018867925,0.23515296940611877
0.9245283018867925,0.2352
0.9245283018867925,0.23524704940988198
0.9245283018867925,0.23529411764705882
0.9245283018867925,0.2353412047228337
0.9245283018867925,0.2353883106485188
0.9245283018867925,0.23543543543543544
0.9245283018867925,0.2354825790949139
0.9245283018867925,0.2355297416382936
0.9245283018867925,0.23557692307692307
0.9245283018867925,0.23562412342215988
0.9237421383647799,0.23547094188376755
0.9237421383647799,0.23551813990779716
0.9237421383647799,0.2355653568564555
0.9237421383647799,0.23561259274112692
0.9229559748427673,0.23545928600080224
0.9229559748427673,0.23550651955867602
0.9229559748427673,0.235553772070626
0.9229559748427673,0.2356010435480634
0.9229559748427673,0.23564833400240867
0.9221698113207547,0.2354948805460751
0.9221698113207547,0.2355421686746988
0.9221698113207547,0.23558947579835307
0.9221698113207547,0.23563680192848532
0.9221698113207547,0.23568414707655214
0.9221698113207547,0.23573151125401928
0.9221698113207547,0.2357788944723618
0.9221698113207547,0.23582629674306393
0.9221698113207547,0.23587371807761914
0.9221698113207547,0.23592115848753017
0.9221698113207547,0.235968617984309
0.9221698113207547,0.23601609657947686
0.9221698113207547,0.2360635942845643
0.9221698113207547,0.2361111111111111
0.9221698113207547,0.2361586470706664
0.9221698113207547,0.23620620217478855
0.9221698113207547,0.2362537764350453
0.9221698113207547,0.2363013698630137
0.9221698113207547,0.23634898247028008
0.9221698113207547,0.23639661426844014
0.9221698113207547,0.23644426526909898
0.9221698113207547,0.23649193548387096
0.9221698113207547,0.2365396249243799
0.9221698113207547,0.23658733360225898
0.9221698113207547,0.2366350615291507
0.9221698113207547,0.23668280871670702
0.9221698113207547,0.2367305751765893
0.9213836477987422,0.2365765038352846
0.9213836477987422,0.2366242681203311
0.9213836477987422,0.23667205169628433
0.9213836477987422,0.23671985457483335
0.9213836477987422,0.23676767676767677
0.9213836477987422,0.23681551828652253
0.9213836477987422,0.2368633791430881
0.9205974842767296,0.23670911663634525
0.9205974842767296,0.2367569753336029
0.9205974842767296,0.23680485338725984
0.9205974842767296,0.23685275080906149
0.9205974842767296,0.2369006676107627
0.9205974842767296,0.23694860380412788
0.9205974842767296,0.23699655940093098
0.9205974842767296,0.23704453441295548
0.9205974842767296,0.23709252885199433
0.9205974842767296,0.23714054272985013
0.9205974842767296,0.23718857605833502
0.9205974842767296,0.23723662884927066
0.9205974842767296,0.23728470111448835
0.9205974842767296,0.23733279286582895
0.9198113207547169,0.23717818771538618
0.9198113207547169,0.23722627737226276
0.9198113207547169,0.23727438653417157
0.9198113207547169,0.23732251521298176
0.9198113207547169,0.23737066342057211
0.9198113207547169,0.23741883116883117
0.9198113207547169,0.23746701846965698
0.9198113207547169,0.23751522533495736
0.9198113207547169,0.23756345177664975
0.9198113207547169,0.23761169780666125
0.9198113207547169,0.2376599634369287
0.9198113207547169,0.23770824867939863
0.9190251572327044,0.2375533428165007
0.9190251572327044,0.23760162601626017
0.9190251572327044,0.2376499288473267
0.9190251572327044,0.2376982513216755
0.9182389937106918,0.23754321740898923
0.9182389937106918,0.23759153783563874
0.9174528301886793,0.23743641912512717
0.9174528301886793,0.23748473748473747
0.9174528301886793,0.2375330755139426
0.9174528301886793,0.2375814332247557
0.9174528301886793,0.23762981062919974
0.9174528301886793,0.23767820773930753
0.9174528301886793,0.23772662456712162
0.9166666666666666,0.2375713121434393
0.9166666666666666,0.2376197269207255
0.9166666666666666,0.23766816143497757
0.9166666666666666,0.23771661569826708
0.9166666666666666,0.23776508972267538
0.9166666666666666,0.2378135835202937
0.9166666666666666,0.23786209710322317
0.9166666666666666,0.23791063048357478
0.9166666666666666,0.23795918367346938
0.9166666666666666,0.23800775668503776
0.9166666666666666,0.23805634953042057
0.9166666666666666,0.23810496222176844
0.9166666666666666,0.23815359477124182
0.9166666666666666,0.23820224719101124
0.9166666666666666,0.23825091949325705
0.9166666666666666,0.23829961169016964
0.9166666666666666,0.2383483237939493
0.9166666666666666,0.23839705581680637
0.9166666666666666,0.23844580777096114
0.9166666666666666,0.2384945796686439
0.9166666666666666,0.23854337152209493
0.9166666666666666,0.23859218334356455
0.9166666666666666,0.23864101514531313
0.9166666666666666,0.23868986693961106
0.9166666666666666,0.23873873873873874
0.9166666666666666,0.2387876305549867
0.9166666666666666,0.23883654240065547
0.9166666666666666,0.23888547428805573
0.9166666666666666,0.2389344262295082
0.9166666666666666,0.2389833982373437
0.9166666666666666,0.23903239032390325
0.9166666666666666,0.23908140250153784
0.9166666666666666,0.2391304347826087
0.9166666666666666,0.23917948717948717
0.9166666666666666,0.23922855970455478
0.9166666666666666,0.23927765237020315
0.9166666666666666,0.23932676518883417
0.9166666666666666,0.23937589817285979
0.9166666666666666,0.23942505133470227
0.9166666666666666,0.239474224686794
0.9166666666666666,0.23952341824157766
0.9166666666666666,0.23957263201150605
0.9166666666666666,0.23962186600904234
0.9166666666666666,0.23967112024665982
0.9158805031446541,0.23951480263157895
0.9158805031446541,0.23956405511001438
0.9150943396226415,0.23940765117235704
0.9150943396226415,0.2394569018720428
0.9150943396226415,0.23950617283950618
0.914308176100629,0.23934966042395556
0.914308176100629,0.2393989296006587
0.914308176100629,0.23944821906526662
0.914308176100629,0.23949752883031303
0.914308176100629,0.2395468589083419
0.914308176100629,0.2395962093119077
0.914308176100629,0.2396455800535751
0.914308176100629,0.2396949711459192
0.914308176100629,0.23974438260152545
0.914308176100629,0.2397938144329897
0.914308176100629,0.23984326665291814
0.914308176100629,0.2398927392739274
0.914308176100629,0.23994223230864453
0.914308176100629,0.23999174576970697
0.914308176100629,0.24004127966976263
0.914308176100629,0.24009083402146986
0.914308176100629,0.24014040883749743
0.914308176100629,0.24019000413052458
0.914308176100629,0.24023961991324105
0.914308176100629,0.2402892561983471
0.914308176100629,0.24033891299855342
0.914308176100629,0.24038859032658122
0.914308176100629,0.2404382881951623
0.914308176100629,0.24048800661703887
0.914308176100629,0.2405377456049638
0.914308176100629,0.24058750517170047
0.9135220125786163,0.24043037450858679
0.9135220125786163,0.24048013245033112
0.9135220125786163,0.24052991099151314
0.9127358490566038,0.24037267080745342
0.9127358490566038,0.24042244771174157
0.9127358490566038,0.24047224523612262
0.9127358490566038,0.24052206339341206
0.9127358490566038,0.24057190219643598
0.9127358490566038,0.2406217616580311
0.9127358490566038,0.24067164179104478
0.9127358490566038,0.24072154260833506
0.9127358490566038,0.24077146412277065
0.9127358490566038,0.24082140634723087
0.9127358490566038,0.2408713692946058
0.9127358490566038,0.2409213529777962
0.9127358490566038,0.24097135740971357
0.9127358490566038,0.24102138260328004
0.9127358490566038,0.24107142857142858
0.9127358490566038,0.2411214953271028
0.9127358490566038,0.24117158288325716
0.9127358490566038,0.24122169125285683
0.9127358490566038,0.2412718204488778
0.9127358490566038,0.24132197048430679
0.9127358490566038,0.24137214137214139
0.9127358490566038,0.24142233312538988
0.9127358490566038,0.24147254575707155
0.9127358490566038,0.24152277928021634
0.9127358490566038,0.24157303370786518
0.9127358490566038,0.24162330905306972
0.9127358490566038,0.2416736053288926
0.9127358490566038,0.24172392254840724
0.9127358490566038,0.24177426072469804
0.9127358490566038,0.24182461987086024
0.9127358490566038,0.241875
0.9127358490566038,0.24192540112523442
0.9127358490566038,0.24197582325969152
0.9127358490566038,0.24202626641651032
0.9127358490566038,0.2420767306088407
0.9127358490566038,0.2421272158498436
0.9127358490566038,0.24217772215269087
0.9127358490566038,0.2422282495305654
0.9127358490566038,0.2422787979966611
0.9127358490566038,0.24232936756418283
0.9127358490566038,0.24237995824634656
0.9127358490566038,0.2424305700563792
0.9127358490566038,0.2424812030075188
0.9127358490566038,0.24253185711301442
0.9127358490566038,0.2425825323861262
0.9127358490566038,0.2426332288401254
0.9127358490566038,0.2426839464882943
0.9127358490566038,0.2427346853439264
0.9127358490566038,0.24278544542032623
0.9127358490566038,0.24283622673080946
0.9127358490566038,0.24288702928870293
0.9127358490566038,0.24293785310734464
0.9127358490566038,0.24298869820008373
0.9127358490566038,0.2430395645802805
0.9127358490566038,0.24309045226130654
0.9127358490566038,0.2431413612565445
0.9127358490566038,0.24319229157938835
0.9127358490566038,0.24324324324324326
0.9127358490566038,0.24329421626152556
0.9127358490566038,0.24334521064766296
0.9127358490566038,0.24339622641509434
0.9127358490566038,0.24344726357726987
0.9127358490566038,0.24349832214765102
0.9127358490566038,0.24354940213971052
0.9127358490566038,0.24360050356693244
0.9127358490566038,0.24365162644281219
0.9127358490566038,0.24370277078085642
0.9127358490566038,0.24375393659458325
0.9127358490566038,0.24380512389752204
0.9127358490566038,0.2438563327032136
0.9127358490566038,0.24390756302521008
0.9127358490566038,0.24395881487707502
0.9127358490566038,0.24401008827238335
0.9127358490566038,0.24406138322472146
0.9119496855345912,0.24390243902439024
0.9119496855345912,0.24395373291272346
0.9119496855345912,0.2440050483803113
0.9111635220125787,0.24384599200504944
0.9111635220125787,0.2438973063973064
0.9111635220125787,0.24394864239107555
0.9111635220125787,0.244
0.9111635220125787,0.24405137923773426
0.9111635220125787,0.2441027801179444
0.9111635220125787,0.24415420265430798
0.9111635220125787,0.24420564686051413
0.9111635220125787,0.24425711275026343
0.9111635220125787,0.24430860033726812
0.9111635220125787,0.24436010963525195
0.9111635220125787,0.24441164065795024
0.9111635220125787,0.24446319341910988
0.9111635220125787,0.24451476793248944
0.9111635220125787,0.24456636421185904
0.910377358490566,0.24440692275221612
0.910377358490566,0.24445851804939836
0.910377358490566,0.24451013513513514
0.910377358490566,0.24456177402323126
0.910377358490566,0.24461343472750316
0.910377358490566,0.244665117261779
0.910377358490566,0.24471682163989855
0.910377358490566,0.2447685478757134
0.910377358490566,0.2448202959830867
0.910377358490566,0.24487206597589342
0.910377358490566,0.24492385786802032
0.910377358490566,0.24497567167336576
0.9095911949685535,0.24481591197630131
0.9095911949685535,0.24486772486772487
0.9095911949685535,0.2449195596951736
0.9095911949685535,0.244971416472581
0.9095911949685535,0.2450232952138924
0.9095911949685535,0.24507519593306504
0.9095911949685535,0.2451271186440678
0.9095911949685535,0.24517906336088155
0.9095911949685535,0.24523103009749894
0.9095911949685535,0.24528301886792453
0.9095911949685535,0.24533502968617474
0.9095911949685535,0.24538706256627785
0.9095911949685535,0.24543911752227407
0.9095911949685535,0.24549119456821558
0.9095911949685535,0.24554329371816638
0.9095911949685535,0.2455954149862025
0.9095911949685535,0.2456475583864119
0.9095911949685535,0.24569972393289446
0.9095911949685535,0.2457519116397621
0.9095911949685535,0.24580412152113873
0.9095911949685535,0.24585635359116023
0.9095911949685535,0.2459086078639745
0.9095911949685535,0.2459608843537415
0.9095911949685535,0.2460131830746332
0.9095911949685535,0.2460655040408337
0.9095911949685535,0.24611784726653904
0.9095911949685535,0.24617021276595744
0.9095911949685535,0.24622260055330922
0.9095911949685535,0.24627501064282672
0.9095911949685535,0.24632744304875454
0.9095911949685535,0.24637989778534924
0.9095911949685535,0.24643237486687966
0.9095911949685535,0.24648487430762675
0.9095911949685535,0.24653739612188366
0.9095911949685535,0.24658994032395568
0.9095911949685535,0.2466425069281603
0.9095911949685535,0.2466950959488273
0.9095911949685535,0.24674770740029858
0.9095911949685535,0.24680034129692832
0.9095911949685535,0.246852997653083
0.9095911949685535,0.24690567648314127
0.9088050314465409,0.24674493062966915
0.9088050314465409,0.24679760888129804
0.9088050314465409,0.2468503096305787
0.9088050314465409,0.24690303289192653
0.9088050314465409,0.24695577867976928
0.9080188679245284,0.2467948717948718
0.9080188679245284,0.24684761701218208
0.9080188679245284,0.24690038477982043
0.9080188679245284,0.24695317511225146
0.9080188679245284,0.2470059880239521
0.9080188679245284,0.24705882352941178
0.9080188679245284,0.2471116816431322
0.9080188679245284,0.24716456237962764
0.9080188679245284,0.24721746575342465
0.9080188679245284,0.2472703917790623
0.9080188679245284,0.24732334047109208
0.9080188679245284,0.24737631184407796
0.9080188679245284,0.2474293059125964
0.9080188679245284,0.24748232269123635
0.9080188679245284,0.24753536219459923
0.9080188679245284,0.24758842443729903
0.9080188679245284,0.24764150943396226
0.9080188679245284,0.24769461719922797
0.9080188679245284,0.24774774774774774
0.9080188679245284,0.2478009010941858
0.9080188679245284,0.2478540772532189
0.9080188679245284,0.24790727623953637
0.9080188679245284,0.24796049806784026
0.9080188679245284,0.24801374275284518
0.9080188679245284,0.24806701030927836
0.9080188679245284,0.24812030075187969
0.9080188679245284,0.2481736140954018
0.9080188679245284,0.24822695035460993
0.9080188679245284,0.24828030954428204
0.9080188679245284,0.24833369167920877
0.9080188679245284,0.24838709677419354
0.9072327044025157,0.24822542482254248
0.9072327044025157,0.2482788296041308
0.9072327044025157,0.24833225737034645
0.9072327044025157,0.248385708136031
0.9072327044025157,0.24843918191603875
0.9072327044025157,0.24849267872523687
0.9072327044025157,0.24854619857850527
0.9072327044025157,0.24859974149073674
0.9072327044025157,0.2486533074768369
0.9072327044025157,0.24870689655172415
0.9072327044025157,0.24876050873032982
0.9072327044025157,0.2488141440275981
0.9072327044025157,0.24886780245848608
0.9072327044025157,0.24892148403796377
0.9072327044025157,0.24897518878101402
0.9072327044025157,0.24902891670263272
0.9072327044025157,0.24908266781782862
0.9072327044025157,0.24913644214162348
0.9072327044025157,0.24919023968905205
0.9072327044025157,0.24924406047516198
0.9072327044025157,0.24929790451501405
0.9072327044025157,0.24935177182368193
0.9072327044025157,0.24940566241625242
0.9072327044025157,0.24945957630782534
0.9072327044025157,0.2495135135135135
0.9072327044025157,0.2495674740484429
0.9072327044025157,0.24962145792775253
0.9072327044025157,0.24967546516659456
0.9072327044025157,0.24972949578013418
0.9072327044025157,0.24978354978354977
0.9072327044025157,0.2498376271920329
0.9072327044025157,0.2498917280207882
0.9072327044025157,0.24994585228503358
0.9072327044025157,0.25
0.9072327044025157,0.25005417118093176
0.9072327044025157,0.25010836584308627
0.9072327044025157,0.25016258400173425
0.9072327044025157,0.2502168256721596
0.9072327044025157,0.2502710908696595
0.9072327044025157,0.2503253796095445
0.9072327044025157,0.2503796919071382
0.9072327044025157,0.2504340277777778
0.9072327044025157,0.25048838723681355
0.9072327044025157,0.2505427702996092
0.9072327044025157,0.2505971769815418
0.9072327044025157,0.25065160729800173
0.9072327044025157,0.25070606126439277
0.9064465408805031,0.2505432420686658
0.9064465408805031,0.2505976961530102
0.9064465408805031,0.25065217391304345
0.9064465408805031,0.2507066753642096
0.9064465408805031,0.2507612005219661
0.9064465408805031,0.25081574940178375
0.9064465408805031,0.2508703220191471
0.9064465408805031,0.2509249183895539
0.9064465408805031,0.25097953852851546
0.9064465408805031,0.25103418245155673
0.9064465408805031,0.251088850174216
0.9064465408805031,0.2511435417120453
0.9064465408805031,0.25119825708061
0.9064465408805031,0.2512529962954892
0.9064465408805031,0.2513077593722755
0.9064465408805031,0.2513625463265751
0.9064465408805031,0.25141735717400787
0.9064465408805031,0.2514721919302072
0.9064465408805031,0.25152705061082026
0.9064465408805031,0.25158193323150774
0.9064465408805031,0.2516368398079441
0.9064465408805031,0.2516917703558175
0.9064465408805031,0.2517467248908297
0.9064465408805031,0.25180170342869623
0.9064465408805031,0.25185670598514637
0.9064465408805031,0.2519117325759231
0.9064465408805031,0.25196678321678323
0.9064465408805031,0.2520218579234973
0.9064465408805031,0.2520769567118496
0.9064465408805031,0.25213207959763834
0.9064465408805031,0.2521872265966754
0.9064465408805031,0.2522423977247867
0.9064465408805031,0.2522975929978118
0.9064465408805031,0.2523528124316043
0.9064465408805031,0.25240805604203154
0.9056603773584906,0.25224436172542153
0.9056603773584906,0.25229960578186594
0.9056603773584906,0.25235487404162105
0.9056603773584906,0.25241016652059595
0.9056603773584906,0.252465483234714
0.9056603773584906,0.25252082419991234
0.9056603773584906,0.25257618943214205
0.9056603773584906,0.25263157894736843
0.904874213836478,0.2524676464136872
0.904874213836478,0.2525230364194822
0.904874213836478,0.25257845073513274
0.9040880503144654,0.252414398595259
0.9040880503144654,0.2524698133918771
0.9040880503144654,0.25252525252525254
0.9040880503144654,0.252580716011421
0.9033018867924528,0.25241652021089633
0.9033018867924528,0.2524719841793013
0.9033018867924528,0.25252747252747254
0.9033018867924528,0.25258298527148826
0.9033018867924528,0.2526385224274406
0.9033018867924528,0.2526940840114361
0.9033018867924528,0.25274967003959525
0.9033018867924528,0.2528052805280528
0.9033018867924528,0.25286091549295775
0.9025157232704403,0.2526964560862866
0.9017295597484277,0.2525319242624395
0.9017295597484277,0.2525875357850694
0.9017295597484277,0.2526431718061674
0.9017295597484277,0.25269883234192553
0.9017295597484277,0.25275451740855004
0.9017295597484277,0.2528102270222614
0.9017295597484277,0.25286596119929455
0.9017295597484277,0.25292171995589857
0.9017295597484277,0.252977503308337
0.9017295597484277,0.2530333112728877
0.9017295597484277,0.2530891438658429
0.9017295597484277,0.2531450011035092
0.9017295597484277,0.2532008830022075
0.9017295597484277,0.25325678957827336
0.9017295597484277,0.25331272084805656
0.9017295597484277,0.25336867682792136
0.9017295597484277,0.2534246575342466
0.9017295597484277,0.2534806629834254
0.9017295597484277,0.2535366931918656
0.9017295597484277,0.25359274817598937
0.9017295597484277,0.25364882795223354
0.9017295597484277,0.25370493253704934
0.9017295597484277,0.2537610619469027
0.9017295597484277,0.25381721619827396
0.9017295597484277,0.25387339530765823
0.9017295597484277,0.2539295992915652
0.9017295597484277,0.25398582816651905
0.9017295597484277,0.2540420819490587
0.9017295597484277,0.2540983606557377
0.9017295597484277,0.25415466430312433
0.9017295597484277,0.2542109929078014
0.9017295597484277,0.2542673464863667
0.9017295597484277,0.2543237250554324
0.9017295597484277,0.2543801286316256
0.9017295597484277,0.2544365572315883
0.9017295597484277,0.2544930108719769
0.9017295597484277,0.25454948956946294
0.9017295597484277,0.25460599334073253
0.9017295597484277,0.2546625222024867
0.9017295597484277,0.25471907617144124
0.9017295597484277,0.25477565526432694
0.9017295597484277,0.25483225949788935
0.9017295597484277,0.2548888888888889
0.9017295597484277,0.2549455434541009
0.9017295597484277,0.2550022232103157
0.9017295597484277,0.25505892817433845
0.9017295597484277,0.25511565836298933
0.9017295597484277,0.25517241379310346
0.9017295597484277,0.2552291944815309
0.9017295597484277,0.2552860004451369
0.9017295597484277,0.2553428317008014
0.9017295597484277,0.25539968826541976
0.9017295597484277,0.255456570155902
0.9017295597484277,0.2555134773891735
0.9017295597484277,0.2555704099821747
0.9017295597484277,0.2556273679518609
0.9017295597484277,0.25568435131520284
0.9009433962264151,0.2555183946488294
0.9009433962264151,0.25557537912578054
0.9009433962264151,0.25563238902520635
0.9009433962264151,0.2556894243641232
0.9009433962264151,0.2557464851595626
0.9009433962264151,0.2558035714285714
0.9001572327044025,0.25563741906675597
0.9001572327044025,0.2556945064761054
0.89937106918239,0.25552825552825553
0.89937106918239,0.2555853440571939
0.89937106918239,0.25564245810055863
0.89937106918239,0.2556995976754582
0.89937106918239,0.2557567627990163
0.89937106918239,0.2558139534883721
0.89937106918239,0.2558711697606799
0.89937106918239,0.25592841163310964
0.89937106918239,0.25598567912284625
0.89937106918239,0.25604297224709044
0.89937106918239,0.256100291023058
0.89937106918239,0.2561576354679803
0.89937106918239,0.25621500559910415
0.89937106918239,0.25627240143369173
0.8985849056603774,0.25610575845843603
0.8985849056603774,0.25616315553563423
0.8977987421383647,0.25599641336023315
0.8977987421383647,0.25605381165919283
0.8977987421383647,0.2561112357030724
0.8977987421383647,0.25616868550919697
0.8977987421383647,0.25622616109490687
0.8977987421383647,0.25628366247755835
0.8977987421383647,0.256341189674523
0.8977987421383647,0.25639874270318813
0.8977987421383647,0.25645632158095666
0.8970125786163522,0.2562893081761006
0.8970125786163522,0.25634688833969893
0.8970125786163522,0.25640449438202245
0.8970125786163522,0.25646212632052146
0.8962264150943396,0.256294964028777
0.8962264150943396,0.25635259725657744
0.8962264150943396,0.2564102564102564
0.8962264150943396,0.25646794150731156
0.8962264150943396,0.2565256525652565
0.8962264150943396,0.2565833896016205
0.8962264150943396,0.25664115263394865
0.8962264150943396,0.25669894167980184
0.8962264150943396,0.25675675675675674
0.8962264150943396,0.25681459788240596
0.8962264150943396,0.2568724650743578
0.8962264150943396,0.25693035835023664
0.8962264150943396,0.2569882777276826
0.8962264150943396,0.2570462232243517
0.8962264150943396,0.2571041948579161
0.8962264150943396,0.2571621926460636
0.8962264150943396,0.2572202166064982
0.8962264150943396,0.25727826675693977
0.8962264150943396,0.25733634311512416
0.8962264150943396,0.2573944456988033
0.8962264150943396,0.25745257452574527
0.8962264150943396,0.2575107296137339
0.8962264150943396,0.2575689109805694
0.8962264150943396,0.2576271186440678
0.8962264150943396,0.2576853526220615
0.8962264150943396,0.25774361293239884
0.8954402515723271,0.25757575757575757
0.8954402515723271,0.25763401945261255
0.8954402515723271,0.25769230769230766
0.8954402515723271,0.25775062231274043
0.8954402515723271,0.25780896333182435
0.8954402515723271,0.25786733076748924
0.8954402515723271,0.25792572463768115
0.8954402515723271,0.2579841449603624
0.8954402515723271,0.2580425917535116
0.8954402515723271,0.2581010650351235
0.8954402515723271,0.25815956482320945
0.8946540880503144,0.25799138517343007
0.8946540880503144,0.25804988662131517
0.8946540880503144,0.25810841460648676
0.8946540880503144,0.25816696914700543
0.8946540880503144,0.2582255502609485
0.8946540880503144,0.25828415796640947
0.8946540880503144,0.2583427922814983
0.8946540880503144,0.2584014532243415
0.8946540880503144,0.258460140813082
0.8946540880503144,0.2585188550658791
0.8946540880503144,0.2585775960009089
0.8946540880503144,0.2586363636363636
0.8946540880503144,0.2586951579904524
0.8946540880503144,0.25875397908140063
0.8946540880503144,0.25881282692745056
0.8946540880503144,0.2588717015468608
0.8946540880503144,0.2589306029579067
0.8946540880503144,0.2589895311788803
0.8938679245283019,0.2588208513544275
0.8938679245283019,0.258879781420765
0.8938679245283019,0.258938738328399
0.8938679245283019,0.25899772209567196
0.8938679245283019,0.25905673274094326
0.8938679245283019,0.25911577028258886
0.8938679245283019,0.2591748347390016
0.8938679245283019,0.259233926128591
0.8938679245283019,0.25929304446978335
0.8938679245283019,0.2593521897810219
0.8938679245283019,0.2594113620807666
0.8938679245283019,0.2594705613874943
0.8938679245283019,0.2595297877196987
0.8938679245283019,0.2595890410958904
0.8938679245283019,0.25964832153459694
0.8938679245283019,0.25970762905436273
0.8938679245283019,0.25976696367374913
0.8938679245283019,0.25982632541133455
0.8938679245283019,0.2598857142857143
0.8938679245283019,0.2599451303155007
0.8938679245283019,0.2600045735193231
0.8938679245283019,0.260064043915828
0.8938679245283019,0.2601235415236788
0.8938679245283019,0.2601830663615561
0.8938679245283019,0.2602426184481575
0.8938679245283019,0.2603021978021978
0.8938679245283019,0.260361804442409
0.8938679245283019,0.26042143838754006
0.8938679245283019,0.2604810996563574
0.8938679245283019,0.2605407882676444
0.8938679245283019,0.2606005042402017
0.8938679245283019,0.26066024759284734
0.8930817610062893,0.26049071313918826
0.8930817610062893,0.26055045871559634
0.8930817610062893,0.2606102317045194
0.8930817610062893,0.2606700321248279
0.8930817610062893,0.2607298599954097
0.8930817610062893,0.26078971533516987
0.8930817610062893,0.260849598163031
0.8922955974842768,0.26067983463481853
0.8922955974842768,0.2607397197335171
0.8922955974842768,0.2607996323529412
0.8922955974842768,0.2608595725120662
0.8922955974842768,0.26091954022988506
0.8922955974842768,0.26097953552540815
0.8922955974842768,0.2610395584176633
0.8922955974842768,0.2610996089256959
0.8922955974842768,0.2611596870685688
0.8922955974842768,0.2612197928653625
0.8922955974842768,0.26127992633517494
0.8922955974842768,0.2613400874971218
0.8922955974842768,0.26140027637033625
0.8922955974842768,0.2614604929739691
0.8922955974842768,0.26152073732718895
0.8922955974842768,0.26158100944918183
0.8922955974842768,0.2616413093591517
0.8922955974842768,0.26170163707632005
0.8922955974842768,0.2617619926199262
0.8922955974842768,0.2618223760092272
0.8922955974842768,0.2618827872634979
0.8922955974842768,0.26194322640203094
0.8922955974842768,0.26200369344413665
0.8922955974842768,0.26206418840914336
0.8922955974842768,0.26212471131639725
0.8922955974842768,0.26218526218526217
0.8922955974842768,0.26224584103512016
0.8922955974842768,0.26230644788537094
0.8915094339622641,0.2621359223300971
0.8915094339622641,0.2621965317919075
0.8915094339622641,0.2622571692876966
0.8915094339622641,0.2623178348369188
0.8915094339622641,0.26237852845904674
0.8915094339622641,0.26243925017357095
0.8915094339622641,0.2625
0.8915094339622641,0.2625607779578606
0.8915094339622641,0.26262158406669756
0.8915094339622641,0.26268241834607364
0.8915094339622641,0.26274328081556997
0.8915094339622641,0.26280417149478563
0.8907232704402516,0.2626332869726472
0.8907232704402516,0.2626941803848829
0.8907232704402516,0.2627551020408163
0.8907232704402516,0.26281605196010205
0.889937106918239,0.26264501160092807
0.8891509433962265,0.2624738918542585
0.8883647798742138,0.26230269266480966
0.8883647798742138,0.2623635941490597
0.8883647798742138,0.26242452392011145
0.8883647798742138,0.26248548199767713
0.8883647798742138,0.262546468401487
0.8883647798742138,0.2626074831512898
0.8883647798742138,0.2626685262668526
0.8883647798742138,0.26272959776796095
0.8883647798742138,0.2627906976744186
0.8883647798742138,0.2628518260060479
0.8883647798742138,0.2629129827826896
0.8883647798742138,0.2629741680242029
0.8883647798742138,0.26303538175046554
0.8883647798742138,0.2630966239813737
0.8883647798742138,0.2631578947368421
0.8883647798742138,0.2632191940368041
0.8883647798742138,0.26328052190121154
0.8875786163522013,0.26310883243999067
0.8875786163522013,0.2631701631701632
0.8875786163522013,0.2632315224994171
0.8875786163522013,0.2632929104477612
0.8875786163522013,0.26335432703522277
0.8875786163522013,0.26341577228184787
0.8875786163522013,0.2634772462077013
0.8875786163522013,0.2635387488328665
0.8875786163522013,0.2636002801774457
0.8867924528301887,0.2634283045305932
0.8867924528301887,0.263489838822705
0.8867924528301887,0.2635514018691589
0.8867924528301887,0.26361299369011454
0.8867924528301887,0.26367461430575034
0.8867924528301887,0.26373626373626374
0.8867924528301887,0.2637979420018709
0.8867924528301887,0.263859649122807
0.8867924528301887,0.26392138511932617
0.8867924528301887,0.26398315001170136
0.8860062893081762,0.26381086142322097
0.8860062893081762,0.2638726293608054
0.8860062893081762,0.2639344262295082
0.8860062893081762,0.2639962520496603
0.8860062893081762,0.264058106841612
0.8860062893081762,0.2641199906257324
0.8860062893081762,0.26418190342240977
0.8852201257861635,0.26400937866354046
0.8852201257861635,0.26407129455909945
0.8852201257861635,0.2641332395026976
0.8852201257861635,0.2641952135147818
0.8852201257861635,0.26425721661581786
0.8852201257861635,0.2643192488262911
0.8852201257861635,0.2643813101667058
0.8852201257861635,0.2644434006575857
0.8852201257861635,0.26450552031947383
0.8852201257861635,0.26456766917293234
0.8852201257861635,0.2646298472385429
0.8852201257861635,0.2646920545369064
0.8852201257861635,0.2647542910886433
0.8844339622641509,0.2645813734713076
0.8844339622641509,0.2646436132674665
0.8844339622641509,0.2647058823529412
0.8836477987421384,0.2645328312544128
0.8836477987421384,0.2645951035781544
0.8836477987421384,0.2646574052272192
0.8836477987421384,0.2647197362223269
0.8836477987421384,0.26478209658421675
0.8836477987421384,0.2648444863336475
0.8836477987421384,0.2649069054913976
0.8836477987421384,0.264969354078265
0.8836477987421384,0.2650318321150672
0.8828616352201258,0.2648584905660377
0.8828616352201258,0.2649209719273414
0.8828616352201258,0.2649834827748938
0.8828616352201258,0.2650460231295728
0.8828616352201258,0.26510859301227574
0.8828616352201258,0.26517119244391973
0.8828616352201258,0.26523382144544166
0.8828616352201258,0.26529648003779827
0.8828616352201258,0.265359168241966
0.8828616352201258,0.2654218860789411
0.8828616352201258,0.26548463356973995
0.8828616352201258,0.26554741073539845
0.8828616352201258,0.26561021759697256
0.8828616352201258,0.2656730541755382
0.8828616352201258,0.2657359204921912
0.8828616352201258,0.2657988165680473
0.8828616352201258,0.26586174242424243
0.8828616352201258,0.26592469808193225
0.8828616352201258,0.26598768356229274
0.8828616352201258,0.2660506988865198
0.8828616352201258,0.2661137440758294
0.8828616352201258,0.2661768191514577
0.8828616352201258,0.26623992413466097
0.8828616352201258,0.2663030590467157
0.8828616352201258,0.2663662239089184
0.8820754716981132,0.2661921708185053
0.8820754716981132,0.26625533934504036
0.8820754716981132,0.26631853785900783
0.8812893081761006,0.2661443494776828
0.8812893081761006,0.2662075516504393
0.8812893081761006,0.266270783847981
0.8812893081761006,0.26633404609170824
0.8812893081761006,0.2663973384030418
0.8812893081761006,0.26646066080342284
0.8805031446540881,0.2662862577270566
0.8805031446540881,0.26634958382877527
0.8805031446540881,0.2664129400570885
0.8805031446540881,0.2664763264334999
0.8805031446540881,0.26653974297953353
0.8805031446540881,0.26660318971673413
0.8805031446540881,0.26666666666666666
0.8805031446540881,0.2667301738509169
0.8805031446540881,0.266793711291091
0.8805031446540881,0.26685727900881584
0.8805031446540881,0.2669208770257388
0.8805031446540881,0.266984505363528
0.8805031446540881,0.2670481640438722
0.8805031446540881,0.2671118530884808
0.8805031446540881,0.26717557251908397
0.8805031446540881,0.2672393223574326
0.8805031446540881,0.26730310262529833
0.8805031446540881,0.2673669133444736
0.8805031446540881,0.26743075453677173
0.8797169811320755,0.26725579173632674
0.8797169811320755,0.2673196368848543
0.8797169811320755,0.26738351254480286
0.8797169811320755,0.2674474187380497
0.8797169811320755,0.26751135548649296
0.8797169811320755,0.26757532281205165
0.8797169811320755,0.26763932073666585
0.8797169811320755,0.26770334928229667
0.8797169811320755,0.26776740847092606
0.8797169811320755,0.2678314983245572
0.8797169811320755,0.2678956188652143
0.8797169811320755,0.26795977011494254
0.8797169811320755,0.26802395209580837
0.8797169811320755,0.2680881648298994
0.8797169811320755,0.26815240833932424
0.8797169811320755,0.26821668264621285
0.8797169811320755,0.26828098777271636
0.8797169811320755,0.26834532374100717
0.8797169811320755,0.26840969057327896
0.8789308176100629,0.2682341650671785
0.8789308176100629,0.26829853611711063
0.8781446540880503,0.26812289966394626
0.8781446540880503,0.26818727490996397
0.8781446540880503,0.2682516810758886
0.8781446540880503,0.2683161181840019
0.8781446540880503,0.2683805862566074
0.8781446540880503,0.2684450853160298
0.8781446540880503,0.2685096153846154
0.8781446540880503,0.2685741764847319
0.8781446540880503,0.2686387686387686
0.8781446540880503,0.2687033918691364
0.8781446540880503,0.26876804619826755
0.8773584905660378,0.26859205776173284
0.8773584905660378,0.26865671641791045
0.8773584905660378,0.2687214062123766
0.8773584905660378,0.26878612716763006
0.8773584905660378,0.2688508793061913
0.8773584905660378,0.2689156626506024
0.8773584905660378,0.26898047722342733
0.8773584905660378,0.2690453230472517
0.8773584905660378,0.2691102001446829
0.8773584905660378,0.2691751085383502
0.8773584905660378,0.2692400482509047
0.8773584905660378,0.2693050193050193
0.8773584905660378,0.26937002172338886
0.8773584905660378,0.2694350555287301
0.8773584905660378,0.2695001207437817
0.8773584905660378,0.26956521739130435
0.8773584905660378,0.2696303454940807
0.8773584905660378,0.2696955050749154
0.8773584905660378,0.2697606961566352
0.8773584905660378,0.269825918762089
0.8773584905660378,0.26989117291414755
0.8773584905660378,0.26995645863570394
0.8773584905660378,0.27002177594967336
0.8773584905660378,0.2700871248789932
0.8773584905660378,0.2701525054466231
0.8773584905660378,0.2702179176755448
0.8773584905660378,0.2702833615887624
0.8773584905660378,0.2703488372093023
0.8773584905660378,0.27041434456021324
0.8773584905660378,0.27047988366456616
0.8773584905660378,0.27054545454545453
0.8773584905660378,0.27061105722599416
0.8773584905660378,0.2706766917293233
0.8773584905660378,0.27074235807860264
0.8773584905660378,0.27080805629701526
0.8773584905660378,0.270873786407767
0.8773584905660378,0.27093954843408596
0.8765723270440252,0.2707625060709082
0.8765723270440252,0.2708282730143308
0.8757861635220126,0.2706511175898931
0.8757861635220126,0.2707168894289186
0.8757861635220126,0.2707826932425863
0.8757861635220126,0.27084852905421836
0.8757861635220126,0.2709143968871595
0.8757861635220126,0.2709802967647774
0.8757861635220126,0.2710462287104623
0.8757861635220126,0.27111219274762716
0.8757861635220126,0.2711781888997079
0.8757861635220126,0.2712442171901631
0.8757861635220126,0.27131027764247445
0.8757861635220126,0.27137637028014616
0.8757861635220126,0.27144249512670565
0.8757861635220126,0.27150865220570314
0.8757861635220126,0.2715748415407119
0.8757861635220126,0.271641063155328
0.8757861635220126,0.27170731707317075
0.8757861635220126,0.2717736033178824
0.8757861635220126,0.27183992191312834
0.8757861635220126,0.271906272882597
0.8757861635220126,0.27197265625
0.8757861635220126,0.272039072039072
0.8757861635220126,0.2721055202735711
0.8757861635220126,0.2721720009772783
0.8757861635220126,0.272238514173998
0.8757861635220126,0.27230505988755804
0.8757861635220126,0.2723716381418093
0.8757861635220126,0.2724382489606261
0.8757861635220126,0.2725048923679061
0.8757861635220126,0.27257156838757035
0.8757861635220126,0.27263827704356336
0.8757861635220126,0.2727050183598531
0.8757861635220126,0.272771792360431
0.8757861635220126,0.2728385990693118
0.8757861635220126,0.27290543851053406
0.8757861635220126,0.27297231070815975
0.8757861635220126,0.2730392156862745
0.8757861635220126,0.2731061534689875
0.8757861635220126,0.2731731240804316
0.8757861635220126,0.2732401275447633
0.8757861635220126,0.2733071638861629
0.875,0.27312883435582824
0.875,0.27319587628865977
0.875,0.2732629511416646
0.875,0.2733300589390963
0.875,0.27339719970523213
0.875,0.27346437346437347
0.875,0.2735315802408454
0.875,0.27359882005899705
0.8742138364779874,0.2734202114580772
0.8742138364779874,0.2734874569601574
0.8742138364779874,0.2735547355473555
0.8742138364779874,0.2736220472440945
0.8742138364779874,0.27368939207482157
0.8742138364779874,0.2737567700640079
0.8742138364779874,0.2738241812361487
0.8742138364779874,0.2738916256157635
0.8742138364779874,0.2739591032273959
0.8742138364779874,0.27402661409561363
0.8742138364779874,0.2740941582450086
0.8742138364779874,0.27416173570019725
0.8734276729559748,0.27398273736128237
0.8734276729559748,0.27405032067094226
0.8734276729559748,0.27411793733037254
0.8734276729559748,0.27418558736426457
0.8734276729559748,0.27425327079733397
0.8734276729559748,0.274320987654321
0.8734276729559748,0.27438873795999014
0.8734276729559748,0.27445652173913043
0.8734276729559748,0.2745243390165555
0.8726415094339622,0.27434503213049927
0.8726415094339622,0.27441285537700866
0.8726415094339622,0.2744807121661721
0.8726415094339622,0.27454860252287905
0.8726415094339622,0.27461652647204354
0.8726415094339622,0.2746844840386043
0.8726415094339622,0.2747524752475248
0.8718553459119497,0.27457291408764545
0.8718553459119497,0.27464091134224866
0.8710691823899371,0.27446123358929897
0.8710691823899371,0.2745292368681863
0.8702830188679245,0.27434944237918213
0.8702830188679245,0.2744174516608825
0.8702830188679245,0.2744854946689809
0.8694968553459119,0.2743055555555556
0.8694968553459119,0.2743736045646242
0.8694968553459119,0.27444168734491314
0.8694968553459119,0.27450980392156865
0.8694968553459119,0.2745779543197617
0.8694968553459119,0.27464613856468834
0.8694968553459119,0.2747143566815698
0.8694968553459119,0.2747826086956522
0.8694968553459119,0.27485089463220674
0.8694968553459119,0.27491921451652995
0.8694968553459119,0.27498756837394334
0.8694968553459119,0.27505595622979356
0.8694968553459119,0.2751243781094527
0.8694968553459119,0.275192834038318
0.8694968553459119,0.27526132404181186
0.8694968553459119,0.27532984814538214
0.8694968553459119,0.27539840637450197
0.8694968553459119,0.27546699875467
0.8694968553459119,0.27553562531141007
0.8694968553459119,0.2756042860702716
0.8687106918238994,0.2754237288135593
0.8687106918238994,0.2754923959112441
0.8679245283018868,0.2753117206982544
0.8679245283018868,0.2753803941132452
0.8679245283018868,0.2754491017964072
0.8679245283018868,0.27551784377339655
0.8679245283018868,0.27558662006989515
0.8679245283018868,0.27565543071161047
0.8679245283018868,0.2757242757242757
0.8679245283018868,0.27579315513364977
0.8679245283018868,0.27586206896551724
0.8679245283018868,0.2759310172456886
0.8679245283018868,0.276
0.8679245283018868,0.2760690172543136
0.8679245283018868,0.27613806903451726
0.8679245283018868,0.2762071553665249
0.8679245283018868,0.27627627627627627
0.8679245283018868,0.2763454317897372
0.8679245283018868,0.27641462193289934
0.8679245283018868,0.2764838467317806
0.8679245283018868,0.27655310621242485
0.8679245283018868,0.276622400400902
0.8679245283018868,0.27669172932330827
0.8679245283018868,0.27676109300576585
0.8679245283018868,0.2768304914744233
0.8679245283018868,0.2768999247554552
0.8679245283018868,0.2769693928750627
0.8679245283018868,0.277038895859473
0.8679245283018868,0.27710843373493976
0.8679245283018868,0.2771780065277429
0.8679245283018868,0.27724761426418887
0.8679245283018868,0.2773172569706104
0.8679245283018868,0.27738693467336684
0.8679245283018868,0.2774566473988439
0.8679245283018868,0.277526395173454
0.8679245283018868,0.2775961780236359
0.8679245283018868,0.2776659959758551
0.8679245283018868,0.27773584905660376
0.8679245283018868,0.2778057372924006
0.8679245283018868,0.2778756607097911
0.8679245283018868,0.27794561933534745
0.8679245283018868,0.2780156131956686
0.8671383647798742,0.27783375314861464
0.8671383647798742,0.2779037540942303
0.8671383647798742,0.2779737903225806
0.8671383647798742,0.27804386186034785
0.8671383647798742,0.27811396873424105
0.8671383647798742,0.2781841109709962
0.8663522012578616,0.27800201816347125
0.8663522012578616,0.278072167549836
0.8663522012578616,0.27814235234729934
0.8663522012578616,0.2782125725826811
0.8655660377358491,0.278030303030303
0.8655660377358491,0.278100530436979
0.8655660377358491,0.27817079332996464
0.8655660377358491,0.27824109173616374
0.8655660377358491,0.2783114256825076
0.8655660377358491,0.27838179519595446
0.8655660377358491,0.27845220030349016
0.8655660377358491,0.2785226410321275
0.8655660377358491,0.2785931174089069
0.8655660377358491,0.27866362946089596
0.8655660377358491,0.2787341772151899
0.8655660377358491,0.27880476069891114
0.8655660377358491,0.27887537993920974
0.8655660377358491,0.27894603496326326
0.8655660377358491,0.27901672579827674
0.8655660377358491,0.27908745247148287
0.8655660377358491,0.279158215010142
0.8655660377358491,0.279229013441542
0.8655660377358491,0.2792998477929985
0.8647798742138365,0.2791169753869576
0.8647798742138365,0.27918781725888325
0.8647798742138365,0.2792586951002793
0.8647798742138365,0.27932960893854747
0.8647798742138365,0.2794005588011176
0.8647798742138365,0.27947154471544716
0.8647798742138365,0.2795425667090216
0.8639937106918238,0.2793594306049822
0.8639937106918238,0.27943046020849227
0.8639937106918238,0.279501525940997
0.8639937106918238,0.2795726278300687
0.8639937106918238,0.27964376590330786
0.8639937106918238,0.2797149401883431
0.8639937106918238,0.27978615071283097
0.8639937106918238,0.2798573975044563
0.8639937106918238,0.27992868059093223
0.8632075471698113,0.2797452229299363
0.8632075471698113,0.2798165137614679
0.8632075471698113,0.27988784093805763
0.8632075471698113,0.2799592044875064
0.8632075471698113,0.28003060443764344
0.8632075471698113,0.2801020408163265
0.8632075471698113,0.2801735136514417
0.8632075471698113,0.28024502297090353
0.8632075471698113,0.2803165688026551
0.8632075471698113,0.28038815117466803
0.8624213836477987,0.2802043422733078
0.8624213836477987,0.28027593254982114
0.8624213836477987,0.28034755941732686
0.8624213836477987,0.2804192229038855
0.8624213836477987,0.28049092303758627
0.8616352201257862,0.280306905370844
0.8616352201257862,0.2803786134561269
0.8616352201257862,0.2804503582395087
0.8616352201257862,0.2805221397491682
0.8616352201257862,0.2805939580133128
0.8616352201257862,0.28066581306017924
0.8616352201257862,0.2807377049180328
0.8608490566037735,0.28055342044581094
0.8608490566037735,0.2806253203485392
0.8608490566037735,0.28069725711356064
0.8608490566037735,0.28076923076923077
0.8608490566037735,0.28084124134393434
0.8608490566037735,0.2809132888660852
0.8608490566037735,0.28098537336412627
0.8608490566037735,0.28105749486652976
0.8608490566037735,0.2811296534017972
0.8608490566037735,0.2812018489984592
0.8608490566037735,0.2812740816850758
0.8608490566037735,0.2813463514902364
0.8608490566037735,0.28141865844255975
0.8608490566037735,0.2814910025706941
0.8608490566037735,0.28156338390331703
0.8608490566037735,0.2816358024691358
0.8608490566037735,0.28170825829688706
0.8608490566037735,0.2817807514153371
0.8608490566037735,0.28185328185328185
0.8608490566037735,0.28192584963954687
0.8608490566037735,0.2819984548029874
0.8608490566037735,0.2820710973724884
0.8608490566037735,0.2821437773769647
0.8608490566037735,0.2822164948453608
0.8608490566037735,0.2822892498066512
0.8608490566037735,0.28236204228984013
0.8608490566037735,0.2824348723239618
0.8608490566037735,0.2825077399380805
0.8608490566037735,0.28258064516129033
0.8608490566037735,0.28265358802271556
0.8608490566037735,0.28272656855151046
0.8608490566037735,0.2827995867768595
0.8608490566037735,0.28287264272797724
0.8608490566037735,0.28294573643410853
0.8608490566037735,0.2830188679245283
0.8608490566037735,0.28309203722854187
0.8608490566037735,0.28316524437548485
0.8608490566037735,0.28323848939472324
0.8608490566037735,0.2833117723156533
0.8608490566037735,0.2833850931677019
0.8608490566037735,0.28345845198032615
0.8608490566037735,0.28353184878301396
0.8608490566037735,0.2836052836052836
0.8608490566037735,0.28367875647668395
0.8608490566037735,0.2837522674267945
0.8608490566037735,0.2838258164852255
0.8608490566037735,0.2838994036816178
0.8608490566037735,0.28397302904564314
0.8608490566037735,0.2840466926070039
0.8608490566037735,0.2841203943954333
0.8608490566037735,0.2841941344406956
0.8608490566037735,0.2842679127725857
0.8608490566037735,0.2843417294209296
0.8608490566037735,0.2844155844155844
0.8608490566037735,0.284489477786438
0.8608490566037735,0.2845634095634096
0.8608490566037735,0.2846373797764492
0.860062893081761,0.2844513780551222
0.860062893081761,0.2845253576072822
0.860062893081761,0.2845993756503642
0.860062893081761,0.2846734322144158
0.860062893081761,0.28474752732951586
0.860062893081761,0.28482166102577455
0.860062893081761,0.28489583333333335
0.8592767295597484,0.284709559781193
0.8592767295597484,0.28478374153204794
0.8584905660377359,0.2845973416731822
0.8584905660377359,0.2846715328467153
0.8577044025157232,0.28448500651890485
0.8577044025157232,0.28455920709441834
0.8577044025157232,0.28463344638664234
0.8577044025157232,0.28470772442588727
0.8577044025157232,0.28478204124249545
0.8577044025157232,0.2848563968668407
0.8577044025157232,0.2849307913293288
0.8577044025157232,0.28500522466039707
0.8577044025157232,0.28507969689051477
0.8577044025157232,0.28515420805018293
0.8577044025157232,0.28522875816993465
0.8577044025157232,0.28530334728033474
0.8577044025157232,0.2853779754119801
0.8577044025157232,0.28545264259549974
0.8577044025157232,0.28552734886155456
0.8577044025157232,0.2856020942408377
0.8569182389937107,0.28541503011259495
0.8569182389937107,0.285489785227868
0.8569182389937107,0.2855645795127063
0.8569182389937107,0.2856394129979036
0.8561320754716981,0.2854521625163827
0.8561320754716981,0.2855270057682223
0.8561320754716981,0.28560188827694727
0.8561320754716981,0.28567681007345225
0.8561320754716981,0.2857517711886644
0.8553459119496856,0.28556430446194225
0.8553459119496856,0.28563927540036754
0.8553459119496856,0.2857142857142857
0.8553459119496856,0.2857893354347255
0.8553459119496856,0.2858644245927483
0.8553459119496856,0.2859395532194481
0.8553459119496856,0.28601472134595163
0.8553459119496856,0.28608992900341834
0.8553459119496856,0.2861651762230405
0.8553459119496856,0.28624046303604317
0.8553459119496856,0.2863157894736842
0.8553459119496856,0.28639115556725453
0.8553459119496856,0.2864665613480779
0.8553459119496856,0.2865420068475112
0.8553459119496856,0.28661749209694415
0.8553459119496856,0.2866930171277997
0.8553459119496856,0.286768581971534
0.8553459119496856,0.2868441866596362
0.8545597484276729,0.2866561181434599
0.8545597484276729,0.2867317330519652
0.8545597484276729,0.28680738786279686
0.8545597484276729,0.2868830826075482
0.8545597484276729,0.28695881731784584
0.8537735849056604,0.286770530763137
0.8537735849056604,0.2868462757527734
0.8537735849056604,0.2869220607661823
0.8537735849056604,0.2869978858350951
0.8537735849056604,0.28707375099127674
0.8537735849056604,0.28714965626652567
0.8537735849056604,0.2872256016926739
0.8537735849056604,0.2873015873015873
0.8537735849056604,0.2873776131251654
0.8537735849056604,0.2874536791953414
0.8537735849056604,0.2875297855440826
0.8537735849056604,0.2876059322033898
0.8537735849056604,0.287682119205298
0.8529874213836478,0.28749337572866984
0.8529874213836478,0.287569573283859
0.8529874213836478,0.2876458112407211
0.8522012578616353,0.28745690798196766
0.8522012578616353,0.2875331564986737
0.8522012578616353,0.28760944547625367
0.8522012578616353,0.28768577494692144
0.8514150943396226,0.2874966817095832
0.8514150943396226,0.28757302177376526
0.8514150943396226,0.28764940239043824
0.8514150943396226,0.2877258235919235
0.8514150943396226,0.2878022854105767
0.8514150943396226,0.2878787878787879
0.8514150943396226,0.28795533102898163
0.8514150943396226,0.288031914893617
0.8514150943396226,0.28810853950518756
0.8514150943396226,0.2881852048962214
0.8514150943396226,0.28826191109928134
0.8514150943396226,0.28833865814696485
0.8514150943396226,0.2884154460719041
0.8514150943396226,0.2884922749067661
0.8514150943396226,0.2885691446842526
0.8514150943396226,0.2886460554371002
0.8514150943396226,0.28872300719808053
0.8514150943396226,0.2888
0.8514150943396226,0.2888770338757002
0.8514150943396226,0.2889541088580576
0.8514150943396226,0.289031224979984
0.8514150943396226,0.28918558077436585
0.8514150943396226,0.28926282051282054
0.8514150943396226,0.2893401015228426
0.8514150943396226,0.28941742383752006
0.8514150943396226,0.2894947874899759
0.8514150943396226,0.28957219251336896
0.8514150943396226,0.2896496389408933
0.8514150943396226,0.2897271268057785
0.8514150943396226,0.2898046561412898
0.8514150943396226,0.2898822269807281
0.8514150943396226,0.2899598393574297
0.8514150943396226,0.290037493304767
0.8514150943396226,0.29011518885614784
0.8514150943396226,0.29019292604501606
0.8514150943396226,0.29027070490485124
0.8514150943396226,0.2903485254691689
0.8514150943396226,0.2904263877715205
0.8514150943396226,0.2905042918454936
0.8514150943396226,0.2905822377247116
0.8514150943396226,0.29066022544283415
0.8514150943396226,0.29073825503355705
0.85062893081761,0.2905477980665951
0.85062893081761,0.2906258393768466
0.85062893081761,0.2907039226222461
0.85062893081761,0.29078204783660305
0.85062893081761,0.2908602150537634
0.85062893081761,0.2909384243076096
0.85062893081761,0.29101667563206024
0.85062893081761,0.29109496906107074
0.85062893081761,0.29117330462863295
0.85062893081761,0.29125168236877524
0.85062893081761,0.2913301023155627
0.85062893081761,0.2914085645030972
0.85062893081761,0.29148706896551724
0.85062893081761,0.29156561573699813
0.85062893081761,0.291644204851752
0.85062893081761,0.291722836344028
0.85062893081761,0.2918015102481122
0.85062893081761,0.29188022659832746
0.85062893081761,0.291958985429034
0.85062893081761,0.2920377867746289
0.85062893081761,0.29211663066954646
0.85062893081761,0.29219551714825814
0.85062893081761,0.2922744462452728
0.8498427672955975,0.29208322075114834
0.8498427672955975,0.2921621621621622
0.8498427672955975,0.2922411462557448
0.8498427672955975,0.29232017306652247
0.8498427672955975,0.2923992426291588
0.8490566037735849,0.2922077922077922
0.8490566037735849,0.2922868741542625
0.8490566037735849,0.292365998917163
0.8490566037735849,0.2924451665312754
0.8490566037735849,0.29252437703141926
0.8490566037735849,0.2926036304524519
0.8490566037735849,0.2926829268292683
0.8490566037735849,0.2927622661968013
0.8490566037735849,0.2928416485900217
0.8490566037735849,0.29292107404393813
0.8482704402515723,0.2927292457948996
0.8482704402515723,0.29280868385346
0.8482704402515723,0.2928881650380022
0.8482704402515723,0.29296768938365464
0.8482704402515723,0.2930472569255839
0.8482704402515723,0.2931268676989948
0.8482704402515723,0.2932065217391304
0.8482704402515723,0.29328621908127206
0.8482704402515723,0.29336595976073954
0.8482704402515723,0.29344574381289096
0.8482704402515723,0.29352557127312295
0.8482704402515723,0.29360544217687073
0.8482704402515723,0.29368535655960804
0.8482704402515723,0.2937653144568473
0.8482704402515723,0.2938453159041394
0.8482704402515723,0.2939253609370744
0.8474842767295597,0.29373297002724796
0.8466981132075472,0.29354047424366314
0.8466981132075472,0.2936205016357688
0.8466981132075472,0.2937005726752113
0.8466981132075472,0.2937806873977087
0.8466981132075472,0.2938608458390177
0.8466981132075472,0.2939410480349345
0.8466981132075472,0.294021294021294
0.8466981132075472,0.2941015838339705
0.8466981132075472,0.29418191750887734
0.8466981132075472,0.2942622950819672
0.8466981132075472,0.29434271658923206
0.8466981132075472,0.2944231820667031
0.8466981132075472,0.2945036915504512
0.8466981132075472,0.2945842450765864
0.8466981132075472,0.29466484268125853
0.8466981132075472,0.2947454844006568
0.8466981132075472,0.2948261702710101
0.8466981132075472,0.2949069003285871
0.8466981132075472,0.294987674609696
0.8466981132075472,0.29506849315068495
0.8466981132075472,0.2951493559879419
0.8466981132075472,0.29523026315789475
0.8466981132075472,0.2953112146970112
0.8466981132075472,0.2953922106417992
0.8466981132075472,0.29547325102880656
0.8466981132075472,0.2955543358946213
0.8466981132075472,0.29563546527587153
0.8466981132075472,0.2957166392092257
0.8466981132075472,0.2957978577313925
0.8466981132075472,0.2958791208791209
0.8459119496855346,0.29568562791975816
0.8459119496855346,0.2957669048927982
0.8459119496855346,0.2958482265603519
0.8459119496855346,0.29592959295929594
0.8459119496855346,0.29601100412654746
0.8459119496855346,0.29609246009906437
0.8459119496855346,0.2961739609138453
0.8459119496855346,0.29625550660792954
0.845125786163522,0.2960616909942165
0.845125786163522,0.29614325068870523
0.845125786163522,0.2962248553320474
0.845125786163522,0.29630650496141125
0.845125786163522,0.2963881996140061
0.845125786163522,0.2964699393270822
0.845125786163522,0.296551724137931
0.845125786163522,0.2966335540838852
0.845125786163522,0.2967154292023185
0.845125786163522,0.29679734953064607
0.845125786163522,0.2968793151063242
0.845125786163522,0.2969613259668508
0.845125786163522,0.2970433821497651
0.845125786163522,0.29712548369264785
0.845125786163522,0.2972076306331214
0.845125786163522,0.29728982300884954
0.845125786163522,0.29737206085753803
0.845125786163522,0.2974543442169341
0.845125786163522,0.297536673124827
0.845125786163522,0.2976190476190476
0.845125786163522,0.29770146773746886
0.845125786163522,0.29778393351800553
0.845125786163522,0.2978664449986146
0.845125786163522,0.2979490022172949
0.8443396226415094,0.2977543665095647
0.8443396226415094,0.2978369384359401
0.8443396226415094,0.29791955617198335
0.8443396226415094,0.29800221975582686
0.8443396226415094,0.2980849292256453
0.8443396226415094,0.29816768461965576
0.8443396226415094,0.29825048597611775
0.8443396226415094,0.29833333333333334
0.8443396226415094,0.2984162267296471
0.8443396226415094,0.29849916620344635
0.8443396226415094,0.29858215179316094
0.8443396226415094,0.2986651835372636
0.8443396226415094,0.2987482614742698
0.8443396226415094,0.2988313856427379
0.8443396226415094,0.29891455608126916
0.8443396226415094,0.2989977728285078
0.8443396226415094,0.29908103592314117
0.8443396226415094,0.29916434540389975
0.8443396226415094,0.29924770130955697
0.8443396226415094,0.2993311036789298
0.8443396226415094,0.2994145525508782
0.8443396226415094,0.2994980479643056
0.8443396226415094,0.299581589958159
0.8443396226415094,0.29966517857142855
0.8443396226415094,0.2997488138431482
0.8443396226415094,0.2998324958123953
0.8443396226415094,0.299916224518291
0.8443396226415094,0.3
0.8443396226415094,0.3000838222967309
0.8443396226415094,0.30016769144773614
0.8443396226415094,0.300251607492312
0.8443396226415094,0.30033557046979864
0.8443396226415094,0.30041958041958045
0.8443396226415094,0.3005036373810856
0.8443396226415094,0.30058774139378674
0.8443396226415094,0.30067189249720044
0.8443396226415094,0.3007560907308877
0.8443396226415094,0.30084033613445377
0.8443396226415094,0.30092462874754833
0.8443396226415094,0.3010089686098655
0.8443396226415094,0.3010933557611438
0.8443396226415094,0.3011777902411666
0.8443396226415094,0.3012622720897616
0.8443396226415094,0.30134680134680136
0.8443396226415094,0.3014313780522032
0.8443396226415094,0.3015160022459292
0.8443396226415094,0.3016006739679865
0.8443396226415094,0.30168539325842697
0.8443396226415094,0.3017701601573476
0.8443396226415094,0.30185497470489037
0.8443396226415094,0.3019398369412426
0.8443396226415094,0.30202474690663667
0.8443396226415094,0.30210970464135023
0.8443396226415094,0.30219471018570626
0.8443396226415094,0.3022797635800732
0.8443396226415094,0.30236486486486486
0.8443396226415094,0.3024500140805407
0.8443396226415094,0.30253521126760563
0.8443396226415094,0.3026204564666103
0.8435534591194969,0.302423900789177
0.8435534591194969,0.30250916267268113
0.8435534591194969,0.3025944726452341
0.8435534591194969,0.30267983074753174
0.8435534591194969,0.30276523702031605
0.8427672955974843,0.30256844482077333
0.8427672955974843,0.3026538678712592
0.8427672955974843,0.30273933916972606
0.8427672955974843,0.30282485875706217
0.8427672955974843,0.30291042667420176
0.8427672955974843,0.3029960429621255
0.8427672955974843,0.3030817076618603
0.8427672955974843,0.3031674208144796
0.8427672955974843,0.3032531824611033
0.8427672955974843,0.30333899264289754
0.8427672955974843,0.30342485140107556
0.8427672955974843,0.3035107587768969
0.8427672955974843,0.30359671481166806
0.8427672955974843,0.3036827195467422
0.8427672955974843,0.3037687730235194
0.8427672955974843,0.30385487528344673
0.8427672955974843,0.3039410263680181
0.8427672955974843,0.3040272263187748
0.8427672955974843,0.30411347517730497
0.8427672955974843,0.30419977298524403
0.8427672955974843,0.3042861197842748
0.8427672955974843,0.3043725156161272
0.8427672955974843,0.3044589605225788
0.8427672955974843,0.30454545454545456
0.8427672955974843,0.30463199772662686
0.8427672955974843,0.30471859010801594
0.8427672955974843,0.3048052317315894
0.8427672955974843,0.30489192263936293
0.8427672955974843,0.3049786628733997
0.8427672955974843,0.305065452475811
0.8427672955974843,0.30515229148875606
0.8427672955974843,0.3052391799544419
0.8427672955974843,0.3053261179151239
0.8419811320754716,0.30512820512820515
0.8419811320754716,0.30521516101453405
0.8419811320754716,0.30530216647662484
0.8419811320754716,0.30538922155688625
0.8419811320754716,0.30547632629777527
0.8419811320754716,0.30556348074179746
0.8419811320754716,0.3056506849315068
0.8419811320754716,0.3057379389095061
0.8419811320754716,0.3058252427184466
0.8419811320754716,0.3059125964010283
0.8419811320754716,0.306
0.8419811320754716,0.3060874535581595
0.8419811320754716,0.30617495711835335
0.8419811320754716,0.30626251072347727
0.8411949685534591,0.3060640732265446
0.8404088050314465,0.30586552217453505
0.8404088050314465,0.30595306239267317
0.839622641509434,0.30575436587460636
0.8388364779874213,0.3055555555555556
0.8388364779874213,0.30564308221140074
0.8388364779874213,0.30573065902578794
0.8388364779874213,0.3058182860418458
0.8388364779874213,0.30590596330275227
0.8388364779874213,0.305993690851735
0.8388364779874213,0.30608146873207115
0.8388364779874213,0.3061692969870875
0.8388364779874213,0.30625717566016075
0.8388364779874213,0.3063451047947172
0.8388364779874213,0.30643308443423317
0.8388364779874213,0.30652111462223497
0.8388364779874213,0.30660919540229886
0.8388364779874213,0.3066973268180512
0.8380503144654088,0.3064979873490512
0.8380503144654088,0.30658613747483465
0.8380503144654088,0.3066743383199079
0.8380503144654088,0.30676258992805755
0.8380503144654088,0.3068508923431203
0.8380503144654088,0.3069392456089836
0.8380503144654088,0.30702764976958524
0.8380503144654088,0.30711610486891383
0.8380503144654088,0.30720461095100865
0.8380503144654088,0.30729316805995965
0.8380503144654088,0.3073817762399077
0.8380503144654088,0.3074704355350447
0.8380503144654088,0.30755914598961337
0.8380503144654088,0.30764790764790767
0.8380503144654088,0.30773672055427254
0.8380503144654088,0.30782558475310423
0.8380503144654088,0.30791450028885037
0.8380503144654088,0.30800346720600985
0.8380503144654088,0.30809248554913293
0.8380503144654088,0.3081815553628216
0.8380503144654088,0.3082706766917293
0.8380503144654088,0.3083598495805612
0.8380503144654088,0.30844907407407407
0.8380503144654088,0.3085383502170767
0.8380503144654088,0.30862767805442964
0.8380503144654088,0.30871705763104546
0.8372641509433962,0.30851680185399766
0.8372641509433962,0.30860620110113013
0.8372641509433962,0.30869565217391304
0.8372641509433962,0.3087851551174253
0.8372641509433962,0.30887470997679817
0.8364779874213837,0.3086742094574993
0.8364779874213837,0.3087637840975044
0.835691823899371,0.3085631349782293
0.835691823899371,0.3086527293844367
0.835691823899371,0.3087423758350276
0.835691823899371,0.30883207437536314
0.835691823899371,0.3089218250508573
0.8349056603773585,0.30872093023255814
0.8349056603773585,0.30881070078511197
0.8349056603773585,0.30899039860343325
0.8341194968553459,0.3087892898719441
0.8341194968553459,0.3088791848617176
0.8333333333333334,0.30867792661619103
0.8333333333333334,0.3087678415380134
0.8333333333333334,0.30885780885780884
0.8333333333333334,0.3089478286213932
0.8333333333333334,0.30903790087463556
0.8333333333333334,0.30912802566345876
0.8333333333333334,0.30921820303383896
0.8333333333333334,0.3093084330318062
0.8333333333333334,0.30939871570344424
0.8333333333333334,0.3094890510948905
0.8333333333333334,0.30957943925233644
0.8333333333333334,0.30966988022202746
0.8333333333333334,0.309760374050263
0.8333333333333334,0.30985092078339666
0.8333333333333334,0.30994152046783624
0.8333333333333334,0.3100321731500439
0.8333333333333334,0.310122878876536
0.8333333333333334,0.31021363769388355
0.8333333333333334,0.31030444964871196
0.8333333333333334,0.3103953147877013
0.8325471698113207,0.3101933216168717
0.8317610062893082,0.3099912100791093
0.8317610062893082,0.31008206330597887
0.8317610062893082,0.31017296980357667
0.8317610062893082,0.3102639296187683
0.8317610062893082,0.31035494279847464
0.8317610062893082,0.3104460093896714
0.8317610062893082,0.3105371294393895
0.8317610062893082,0.3106283029947152
0.8317610062893082,0.31071953010279
0.8317610062893082,0.3108108108108108
0.8309748427672956,0.31060828680575964
0.8309748427672956,0.31069958847736623
0.8309748427672956,0.310790943840047
0.8309748427672956,0.31088235294117644
0.8309748427672956,0.3109738158281848
0.8309748427672956,0.31106533254855795
0.8309748427672956,0.31115690314983807
0.8309748427672956,0.3112485276796231
0.8309748427672956,0.311340206185567
0.8309748427672956,0.3114319387153801
0.8309748427672956,0.31152372531682876
0.8309748427672956,0.3116155660377358
0.8309748427672956,0.31170746092598056
0.8309748427672956,0.3117994100294985
0.8309748427672956,0.31189141339628207
0.8309748427672956,0.3119834710743802
0.8309748427672956,0.3120755831118984
0.8309748427672956,0.3121677495569994
0.8309748427672956,0.3122599704579025
0.8309748427672956,0.3123522458628842
0.8309748427672956,0.31244457582027785
0.8309748427672956,0.3125369603784743
0.8309748427672956,0.31262939958592134
0.8309748427672956,0.3127218934911243
0.8309748427672956,0.31281444214264575
0.8309748427672956,0.312907045589106
0.8309748427672956,0.3129997038791827
0.8309748427672956,0.3130924170616114
0.8309748427672956,0.3131851851851852
0.8309748427672956,0.3132780082987552
0.8309748427672956,0.31337088645123035
0.8309748427672956,0.3134638196915777
0.8309748427672956,0.3135568080688223
0.8309748427672956,0.3136498516320475
0.8309748427672956,0.3137429504303948
0.8309748427672956,0.31383610451306415
0.8309748427672956,0.31392931392931395
0.8309748427672956,0.31402257872846107
0.8301886792452831,0.3138187221396731
0.8301886792452831,0.31391200951248516
0.8301886792452831,0.31400535236396077
0.8301886792452831,0.314098750743605
0.8301886792452831,0.31419220470098186
0.8301886792452831,0.3142857142857143
0.8301886792452831,0.31437927954748435
0.8301886792452831,0.31447290053603333
0.8301886792452831,0.3145665773011618
0.8301886792452831,0.3146603098927294
0.8301886792452831,0.31475409836065577
0.8301886792452831,0.3148479427549195
0.8301886792452831,0.3149418431255592
0.8301886792452831,0.315035799522673
0.8294025157232704,0.3148313936138466
0.8294025157232704,0.31492537313432833
0.8294025157232704,0.3150194087787399
0.8294025157232704,0.3151135005973716
0.8294025157232704,0.31520764864057366
0.8286163522012578,0.315002988643156
0.8286163522012578,0.31509715994020926
0.8286163522012578,0.31519138755980863
0.8286163522012578,0.31528567155249776
0.8286163522012578,0.31538001196888094
0.8286163522012578,0.31547440885962286
0.8286163522012578,0.3155688622754491
0.8286163522012578,0.31566337226714586
0.8286163522012578,0.3157579388855602
0.8286163522012578,0.31585256218160024
0.8286163522012578,0.315947242206235
0.8286163522012578,0.31604197901049474
0.8286163522012578,0.3161367726454709
0.8286163522012578,0.31623162316231623
0.8286163522012578,0.3163265306122449
0.8286163522012578,0.31642149504653255
0.8286163522012578,0.3165165165165165
0.8286163522012578,0.31661159507359565
0.8286163522012578,0.3167067307692308
0.8286163522012578,0.3168019236549444
0.8286163522012578,0.31689717378232113
0.8286163522012578,0.3169924812030075
0.8286163522012578,0.31708784596871237
0.8286163522012578,0.31718326813120673
0.8286163522012578,0.3172787477423239
0.8286163522012578,0.31737428485395963
0.8286163522012578,0.31746987951807226
0.8286163522012578,0.31756553178668273
0.8286163522012578,0.3176612417118746
0.8278301886792453,0.3174555321073259
0.8278301886792453,0.3175512665862485
0.8278301886792453,0.3176470588235294
0.8278301886792453,0.31774290887145445
0.8278301886792453,0.31783881678237247
0.8278301886792453,0.3179347826086957
0.8278301886792453,0.31803080640289944
0.8278301886792453,0.31812688821752266
0.8278301886792453,0.3182230281051677
0.8278301886792453,0.3183192261185006
0.8270440251572327,0.31811309343816146
0.8270440251572327,0.31820931639443434
0.8270440251572327,0.3183055975794251
0.8270440251572327,0.31840193704600483
0.8262578616352201,0.31819557977596125
0.8262578616352201,0.3182919442761962
0.8262578616352201,0.31838836716146623
0.8262578616352201,0.3184848484848485
0.8262578616352201,0.3185813882994847
0.8262578616352201,0.31867798665858094
0.8262578616352201,0.31877464361540797
0.8262578616352201,0.31887135922330095
0.8262578616352201,0.3189681335356601
0.8262578616352201,0.31906496660595024
0.8262578616352201,0.3191618584877012
0.8262578616352201,0.3192588092345079
0.8262578616352201,0.3193558189000304
0.8262578616352201,0.31945288753799395
0.8262578616352201,0.3195500152021891
0.8262578616352201,0.319647201946472
0.8262578616352201,0.31974444782476424
0.8262578616352201,0.31984175289105293
0.8262578616352201,0.31993911719939117
0.8262578616352201,0.3200365408038977
0.8262578616352201,0.3201340237587572
0.8262578616352201,0.3202315661182206
0.8262578616352201,0.3203291679366047
0.8262578616352201,0.3204268292682927
0.8254716981132075,0.3202195791399817
0.8254716981132075,0.32031726662599147
0.8254716981132075,0.32041501373207204
0.8254716981132075,0.32051282051282054
0.8254716981132075,0.32061068702290074
0.8254716981132075,0.32070861331704337
0.824685534591195,0.3205010693553315
0.824685534591195,0.32059902200489
0.824685534591195,0.3206970345460104
0.824685534591195,0.32079510703363917
0.824685534591195,0.32089323952278986
0.8238993710691824,0.32068543451652387
0.8231132075471698,0.3204775022956841
0.8231132075471698,0.3205756276791182
0.8231132075471698,0.32067381316998467
0.8231132075471698,0.32077205882352944
0.8231132075471698,0.3208703646950659
0.8231132075471698,0.32096873083997546
0.8231132075471698,0.32106715731370744
0.8223270440251572,0.32085889570552145
0.8223270440251572,0.32095734888002453
0.8223270440251572,0.3210558624923266
0.8223270440251572,0.3211544365980964
0.8223270440251572,0.32125307125307123
0.8223270440251572,0.32135176651305686
0.8223270440251572,0.32145052243392747
0.8223270440251572,0.3215493390716262
0.8223270440251572,0.3216482164821648
0.8223270440251572,0.32174715472162413
0.8223270440251572,0.32184615384615384
0.8223270440251572,0.3219452139119729
0.8215408805031447,0.3217364532019704
0.8215408805031447,0.3218355404989221
0.8215408805031447,0.3219346888478127
0.8215408805031447,0.3220338983050847
0.8215408805031447,0.3221331689272503
0.8215408805031447,0.32223250077089116
0.8215408805031447,0.32233189389265887
0.8215408805031447,0.3224313483492749
0.8215408805031447,0.32253086419753085
0.8215408805031447,0.3226304414942884
0.8215408805031447,0.3227300802964793
0.8215408805031447,0.32282978066110596
0.8215408805031447,0.32292954264524104
0.8215408805031447,0.3230293663060278
0.8215408805031447,0.3231292517006803
0.8215408805031447,0.32322919888648316
0.8215408805031447,0.32332920792079206
0.8215408805031447,0.32342927886103373
0.8215408805031447,0.3235294117647059
0.8215408805031447,0.3236296066893775
0.8215408805031447,0.32372986369268897
0.8215408805031447,0.32383018283235204
0.8215408805031447,0.32393056416615
0.8207547169811321,0.32372093023255816
0.8207547169811321,0.3238213399503722
0.8207547169811321,0.3239218119764195
0.8207547169811321,0.3240223463687151
0.8207547169811321,0.3241229431853462
0.8207547169811321,0.3242236024844721
0.8207547169811321,0.32432432432432434
0.8207547169811321,0.32442510876320696
0.8207547169811321,0.32452595585949645
0.8207547169811321,0.3246268656716418
0.8207547169811321,0.32472783825816487
0.8207547169811321,0.3248288736776602
0.8207547169811321,0.32492997198879553
0.8207547169811321,0.32503113325031135
0.8207547169811321,0.3251323575210215
0.8207547169811321,0.3252336448598131
0.8207547169811321,0.32533499532564664
0.8207547169811321,0.3254364089775561
0.8207547169811321,0.3255378858746492
0.8207547169811321,0.3256394260761073
0.8207547169811321,0.3257410296411856
0.8207547169811321,0.3258426966292135
0.8199685534591195,0.3256322197939432
0.8199685534591195,0.3257339163023111
0.8199685534591195,0.32583567635114025
0.8199685534591195,0.3259375
0.8199685534591195,0.32603938730853393
0.8199685534591195,0.3261413383364603
0.8199685534591195,0.3262433531435721
0.8199685534591195,0.3263454317897372
0.8191823899371069,0.3261345852895149
0.8191823899371069,0.32623669380087666
0.8191823899371069,0.32633886626996556
0.8191823899371069,0.32644110275689225
0.8191823899371069,0.3265434033218427
0.8191823899371069,0.3266457680250784
0.8191823899371069,0.32674819692693635
0.8191823899371069,0.32685069008782935
0.8191823899371069,0.326953247568246
0.8191823899371069,0.3270558694287508
0.8191823899371069,0.3271585557299843
0.8191823899371069,0.32726130653266333
0.8191823899371069,0.3273641218975809
0.8191823899371069,0.3274670018856065
0.8191823899371069,0.3275699465576863
0.8191823899371069,0.32767295597484275
0.8191823899371069,0.3277760301981755
0.8191823899371069,0.3278791692888609
0.8191823899371069,0.32798237330815233
0.8183962264150944,0.3277707808564232
0.8183962264150944,0.3278740157480315
0.8176100628930818,0.3276622558286074
0.8176100628930818,0.32776552158840216
0.8176100628930818,0.32786885245901637
0.8176100628930818,0.3279722485020498
0.8176100628930818,0.3280757097791798
0.8176100628930818,0.32817923635216156
0.8176100628930818,0.3282828282828283
0.8176100628930818,0.32838648563309125
0.8176100628930818,0.32849020846494
0.8176100628930818,0.3285939968404423
0.8176100628930818,0.32869785082174463
0.8176100628930818,0.3288017704710718
0.8176100628930818,0.3289057558507274
0.8176100628930818,0.32900980702309396
0.8176100628930818,0.3291139240506329
0.8176100628930818,0.3292181069958848
0.8176100628930818,0.3293223559214693
0.8176100628930818,0.32942667089008554
0.8176100628930818,0.32953105196451205
0.8176100628930818,0.329635499207607
0.8168238993710691,0.32942295497780594
0.8168238993710691,0.32952743418966063
0.8160377358490566,0.3293147208121827
0.8160377358490566,0.3294192319898445
0.8160377358490566,0.3295238095238095
0.8160377358490566,0.32962845347729436
0.8160377358490566,0.3297331639135959
0.8160377358490566,0.32983794089609153
0.8160377358490566,0.32994278448823905
0.8160377358490566,0.3300476947535771
0.8160377358490566,0.3301526717557252
0.8160377358490566,0.33025771555838374
0.8160377358490566,0.3303628262253342
0.8160377358490566,0.33046800382043934
0.8160377358490566,0.3305732484076433
0.8160377358490566,0.3306785600509716
0.8160377358490566,0.33078393881453155
0.8160377358490566,0.33088938476251195
0.8160377358490566,0.3309948979591837
0.8160377358490566,0.3311004784688995
0.815251572327044,0.33088704530950863
0.815251572327044,0.33099265879348866
0.815251572327044,0.33109833971902936
0.815251572327044,0.3312040881507506
0.815251572327044,0.33130990415335465
0.815251572327044,0.3314157877916267
0.815251572327044,0.33152173913043476
0.815251572327044,0.3316277582347298
0.815251572327044,0.33173384516954574
0.815251572327044,0.33184
0.8144654088050315,0.33162612035851474
0.8144654088050315,0.33173230867755366
0.8144654088050315,0.33183856502242154
0.8144654088050315,0.33194488945850686
0.8144654088050315,0.33205128205128204
0.8144654088050315,0.3321577428663033
0.8144654088050315,0.33226427196921104
0.8144654088050315,0.33237086942572985
0.8144654088050315,0.3324775353016688
0.8144654088050315,0.3325842696629214
0.8144654088050315,0.33269107257546565
0.8136792452830188,0.33247671056858336
0.8136792452830188,0.33258354755784064
0.8136792452830188,0.3326904532304725
0.8136792452830188,0.3327974276527331
0.8136792452830188,0.3329044708909617
0.8136792452830188,0.333011583011583
0.8136792452830188,0.3331187640811072
0.8136792452830188,0.33322601416613007
0.8136792452830188,0.3333333333333333
0.8136792452830188,0.3334407216494845
0.8136792452830188,0.3335481791814373
0.8136792452830188,0.33365570599613154
0.8136792452830188,0.33376330216059336
0.8136792452830188,0.3338709677419355
0.8136792452830188,0.3339787028073572
0.8136792452830188,0.3340865074241446
0.8136792452830188,0.33419438165967064
0.8136792452830188,0.33430232558139533
0.8136792452830188,0.3344103392568659
0.8136792452830188,0.33451842275371685
0.8136792452830188,0.33462657613967023
0.8136792452830188,0.3347347994825356
0.8136792452830188,0.3348430928502103
0.8136792452830188,0.33495145631067963
0.8136792452830188,0.33505988993201685
0.8136792452830188,0.33516839378238344
0.8136792452830188,0.33527696793002915
0.8136792452830188,0.3353856124432923
0.8136792452830188,0.3354943273905997
0.8136792452830188,0.3356031128404669
0.8136792452830188,0.33571196886149857
0.8136792452830188,0.3358208955223881
0.8136792452830188,0.3359298928919182
0.8136792452830188,0.336038961038961
0.8136792452830188,0.3361481000324781
0.8136792452830188,0.3362573099415205
0.8136792452830188,0.33636659083522913
0.8136792452830188,0.3364759427828348
0.8128930817610063,0.336260162601626
0.8128930817610063,0.33636955107351985
0.8128930817610063,0.33647901073869185
0.8121069182389937,0.3362630208333333
0.8121069182389937,0.33637251709540866
0.8121069182389937,0.33648208469055374
0.8121069182389937,0.3365917236884979
0.8121069182389937,0.3367014341590613
0.8121069182389937,0.3368112161721552
0.8121069182389937,0.33692106979778214
0.8121069182389937,0.3370309951060359
0.8121069182389937,0.3371409921671018
0.8121069182389937,0.33725106105125696
0.8121069182389937,0.33736120182887
0.8121069182389937,0.3374714145704018
0.8121069182389937,0.33758169934640525
0.8121069182389937,0.33769205622752535
0.8121069182389937,0.3378024852844997
0.8121069182389937,0.3379129865881583
0.8121069182389937,0.3380235602094241
0.8121069182389937,0.3381342062193126
0.8121069182389937,0.3382449246889325
0.8121069182389937,0.33835571568948575
0.8121069182389937,0.33846657929226737
0.8121069182389937,0.338577515568666
0.8121069182389937,0.3386885245901639
0.8113207547169812,0.3384716300426369
0.8113207547169812,0.33858267716535434
0.8113207547169812,0.3386937971775517
0.8113207547169812,0.3388049901510177
0.8113207547169812,0.3389162561576355
0.8113207547169812,0.33902759526938236
0.8113207547169812,0.3391390075583306
0.8113207547169812,0.33925049309664695
0.8105345911949685,0.33903321275896087
0.8105345911949685,0.3391447368421053
0.8105345911949685,0.3392563343205002
0.809748427672956,0.3390388413429888
0.809748427672956,0.3391504774448469
0.809748427672956,0.33926218708827405
0.809748427672956,0.3393739703459638
0.809748427672956,0.33948582729070537
0.809748427672956,0.3395977579953841
0.809748427672956,0.3397097625329815
0.809748427672956,0.33982184097657536
0.809748427672956,0.33993399339933994
0.809748427672956,0.34004621987454603
0.8089622641509434,0.33982826948480843
0.8089622641509434,0.3399405351833499
0.8089622641509434,0.34005287508261733
0.8089622641509434,0.3401652892561983
0.8089622641509434,0.3402777777777778
0.8089622641509434,0.34039034072113794
0.8089622641509434,0.34050297816015884
0.8089622641509434,0.34061569016881826
0.8081761006289309,0.3403973509933775
0.8081761006289309,0.34051010268300763
0.8081761006289309,0.340622929092114
0.8081761006289309,0.34073583029499505
0.8081761006289309,0.34084880636604775
0.8081761006289309,0.3409618573797678
0.8081761006289309,0.3410749834107498
0.8081761006289309,0.3411881845336874
0.8081761006289309,0.34130146082337315
0.8081761006289309,0.34141481235469945
0.8081761006289309,0.3415282392026578
0.8081761006289309,0.34164174144233966
0.8081761006289309,0.34175531914893614
0.8081761006289309,0.3418689723977386
0.8081761006289309,0.3419827012641384
0.8081761006289309,0.3420965058236273
0.8081761006289309,0.3422103861517976
0.8073899371069182,0.341991341991342
0.8073899371069182,0.34210526315789475
0.8073899371069182,0.34221926024658444
0.8073899371069182,0.3423333333333333
0.8073899371069182,0.34244748249416473
0.8073899371069182,0.34256170780520345
0.8073899371069182,0.342676009342676
0.8066037735849056,0.342456608811749
0.8066037735849056,0.3425709515859766
0.8066037735849056,0.342685370741483
0.8066037735849056,0.34279986635482795
0.8066037735849056,0.3429144385026738
0.8066037735849056,0.3430290872617854
0.8066037735849056,0.3431438127090301
0.8066037735849056,0.3432586149213784
0.8066037735849056,0.3433734939759036
0.8066037735849056,0.3434884499497824
0.8066037735849056,0.3436034829202947
0.8066037735849056,0.3437185929648241
0.8066037735849056,0.3438337801608579
0.8066037735849056,0.34394904458598724
0.8058176100628931,0.3437290409121395
0.8058176100628931,0.3438443475343844
0.8050314465408805,0.3436241610738255
0.8050314465408805,0.3437395099026519
0.8050314465408805,0.34385493619879115
0.8050314465408805,0.343970440040309
0.8042452830188679,0.34375
0.8042452830188679,0.3438655462184874
0.8042452830188679,0.3439811701412239
0.8042452830188679,0.3440968718466196
0.8042452830188679,0.3442126514131898
0.8042452830188679,0.3443285089195557
0.8034591194968553,0.3441077441077441
0.8034591194968553,0.34422364432468844
0.8034591194968553,0.3443396226415094
0.8034591194968553,0.3444556791371756
0.8034591194968553,0.34457181389076197
0.8026729559748428,0.34435075885328836
0.8026729559748428,0.34446693657219973
0.8026729559748428,0.34458319271009114
0.8026729559748428,0.3446995273463876
0.8026729559748428,0.3448159405606214
0.8026729559748428,0.34493243243243243
0.8026729559748428,0.3450490030415681
0.8018867924528302,0.3448275862068966
0.8018867924528302,0.34494420020290834
0.8018867924528302,0.34506089309878213
0.8018867924528302,0.34517766497461927
0.8018867924528302,0.34529451591062965
0.8018867924528302,0.34541144598713175
0.8011006289308176,0.345189701897019
0.8011006289308176,0.3453066757031515
0.8011006289308176,0.3454237288135593
0.8011006289308176,0.34554086130891826
0.8011006289308176,0.3456580732700136
0.8011006289308176,0.34577536477774007
0.8011006289308176,0.3458927359131025
0.8011006289308176,0.3460101867572156
0.8011006289308176,0.3461277173913043
0.8011006289308176,0.34624532789670404
0.8011006289308176,0.34636301835486066
0.800314465408805,0.34614076844610675
0.800314465408805,0.34625850340136055
0.800314465408805,0.346376318475672
0.800314465408805,0.34649421375085093
0.800314465408805,0.34661218930881854
0.800314465408805,0.3467302452316076
0.800314465408805,0.3468483816013629
0.800314465408805,0.34696659850034084
0.800314465408805,0.3470848960109103
0.800314465408805,0.3472032742155525
0.800314465408805,0.34732173319686116
0.800314465408805,0.34744027303754266
0.7995283018867925,0.3472174803687265
0.7995283018867925,0.3473360655737705
0.7995283018867925,0.34745473180731123
0.7995283018867925,0.34757347915242653
0.7995283018867925,0.3476923076923077
0.7995283018867925,0.3478112175102599
0.7995283018867925,0.34793020868970237
0.7995283018867925,0.3480492813141684
0.7995283018867925,0.3481684354673057
0.7995283018867925,0.34828767123287674
0.7995283018867925,0.3484069886947585
0.7995283018867925,0.3485263879369431
0.7995283018867925,0.3486458690435379
0.7987421383647799,0.3484224965706447
0.7987421383647799,0.34854202401372214
0.7987421383647799,0.34866163349347973
0.7987421383647799,0.3487813250944044
0.7987421383647799,0.3489010989010989
0.7987421383647799,0.3490209549982824
0.7979559748427673,0.3487972508591065
0.7979559748427673,0.3489171536610519
0.7979559748427673,0.34903713892709765
0.7979559748427673,0.34915720674234607
0.7971698113207547,0.3489332415691672
0.7963836477987422,0.34870912220309813
0.7955974842767296,0.3484848484848485
0.7955974842767296,0.34860489149156043
0.7948113207547169,0.3483804272915231
0.7948113207547169,0.3485005170630817
0.7948113207547169,0.3486206896551724
0.7948113207547169,0.3487409451535012
0.7948113207547169,0.34886128364389235
0.7948113207547169,0.34898170521228855
0.7948113207547169,0.3491022099447514
0.7948113207547169,0.34922279792746114
0.7948113207547169,0.34934346924671733
0.7948113207547169,0.34946422398893884
0.7948113207547169,0.3495850622406639
0.7948113207547169,0.3497059840885507
0.7940251572327044,0.3494809688581315
0.7932389937106918,0.3492557978539287
0.7932389937106918,0.3493767313019391
0.7932389937106918,0.3494977485278836
0.7932389937106918,0.3496188496188496
0.7932389937106918,0.34974003466204506
0.7932389937106918,0.3498613037447989
0.7932389937106918,0.3499826569545612
0.7932389937106918,0.35010409437890355
0.7924528301886793,0.34987851440472056
0.7924528301886793,0.35
0.7924528301886793,0.3501215699895797
0.7924528301886793,0.3502432244614315
0.7916666666666666,0.3500173792144595
0.7916666666666666,0.3501390820584145
0.7916666666666666,0.3502608695652174
0.7916666666666666,0.35038274182324286
0.7916666666666666,0.3505046989209885
0.7916666666666666,0.3506267409470752
0.7916666666666666,0.3507488679902473
0.7916666666666666,0.35087108013937285
0.7916666666666666,0.3509933774834437
0.7916666666666666,0.351115760111576
0.7916666666666666,0.35123822811301014
0.7916666666666666,0.351360781577111
0.7908805031446541,0.35113438045375217
0.7908805031446541,0.3512569832402235
0.7908805031446541,0.3513796716730702
0.7908805031446541,0.35150244584206847
0.7908805031446541,0.3516253058371199
0.7908805031446541,0.35174825174825175
0.7900943396226415,0.3515215110178384
0.7900943396226415,0.3516445066480056
0.7900943396226415,0.35176758837941896
0.7900943396226415,0.35189075630252103
0.7900943396226415,0.3520140105078809
0.789308176100629,0.35178696566222845
0.789308176100629,0.35191026989134244
0.789308176100629,0.3520336605890603
0.789308176100629,0.3521571378463697
0.789308176100629,0.35228070175438597
0.789308176100629,0.3524043524043524
0.789308176100629,0.35252808988764045
0.7885220125786163,0.35230066736916055
0.7885220125786163,0.3524244553759663
0.7885220125786163,0.3525483304042179
0.7885220125786163,0.35267229254571025
0.7885220125786163,0.3527963418923672
0.7885220125786163,0.3529204785362421
0.7885220125786163,0.35304470256951775
0.7885220125786163,0.353169014084507
0.7885220125786163,0.3532934131736527
0.7885220125786163,0.3534178999295278
0.7877358490566038,0.35318998942544944
0.7877358490566038,0.3533145275035261
0.7877358490566038,0.35343915343915344
0.7877358490566038,0.35356386732533523
0.7877358490566038,0.3536886692552065
0.7869496855345912,0.3534604519774011
0.7869496855345912,0.3535853055457436
0.7869496855345912,0.3537102473498233
0.7869496855345912,0.3538352774832096
0.7869496855345912,0.35396039603960394
0.7869496855345912,0.3540856031128405
0.7869496855345912,0.35421089879688605
0.7869496855345912,0.3543362831858407
0.7869496855345912,0.3544617563739377
0.7869496855345912,0.35458731845554375
0.7869496855345912,0.35471296952515946
0.7869496855345912,0.3548387096774194
0.7869496855345912,0.3549645390070922
0.7869496855345912,0.35509045760908126
0.7869496855345912,0.3552164655784244
0.7869496855345912,0.35534256301029465
0.7869496855345912,0.35546875
0.7869496855345912,0.35559502664298404
0.7869496855345912,0.35572139303482586
0.7869496855345912,0.3558478492712407
0.7869496855345912,0.3559743954480797
0.7869496855345912,0.3561010316613305
0.7869496855345912,0.3562277580071174
0.7861635220125787,0.35599857600569595
0.7861635220125787,0.3561253561253561
0.7861635220125787,0.3562522265764161
0.7861635220125787,0.3563791874554526
0.7861635220125787,0.35650623885918004
0.7861635220125787,0.3566333808844508
0.7861635220125787,0.35676061362825545
0.7861635220125787,0.35688793718772305
0.7861635220125787,0.3570153516601214
0.7861635220125787,0.35714285714285715
0.7861635220125787,0.35727045373347627
0.785377358490566,0.3570407433881344
0.785377358490566,0.3571683947086164
0.7845911949685535,0.3569384835479256
0.7845911949685535,0.3570661896243292
0.7845911949685535,0.35719398711524697
0.7845911949685535,0.3573218761188686
0.7845911949685535,0.35744985673352436
0.7845911949685535,0.35757792905768543
0.7845911949685535,0.35770609318996416
0.7845911949685535,0.3578343492291144
0.7845911949685535,0.35796269727403157
0.7845911949685535,0.35809113742375315
0.7845911949685535,0.3582196697774587
0.7845911949685535,0.35834829443447036
0.7845911949685535,0.3584770114942529
0.7845911949685535,0.3586058210564139
0.7845911949685535,0.35873472322070454
0.7845911949685535,0.35886371808701906
0.7838050314465409,0.35863309352517986
0.7838050314465409,0.3587621446563512
0.7838050314465409,0.35889128869690423
0.7830188679245284,0.3586604249189773
0.7830188679245284,0.35878962536023057
0.7830188679245284,0.3589189189189189
0.7830188679245284,0.3590483056957462
0.7830188679245284,0.3591777857915615
0.7830188679245284,0.3593073593073593
0.7830188679245284,0.35943702634428004
0.7830188679245284,0.3595667870036101
0.7830188679245284,0.35969664138678226
0.7830188679245284,0.3598265895953757
0.7830188679245284,0.35995663173111675
0.7822327044025157,0.35972523499638465
0.7822327044025157,0.35985533453887886
0.7822327044025157,0.35998552821997104
0.7822327044025157,0.36011581614187477
0.7822327044025157,0.3602461984069515
0.7814465408805031,0.36001448750452736
0.7814465408805031,0.3601449275362319
0.7814465408805031,0.36027546212395795
0.7814465408805031,0.3604060913705584
0.7814465408805031,0.3605368153790352
0.7814465408805031,0.3606676342525399
0.7814465408805031,0.36079854809437384
0.7814465408805031,0.3609295570079884
0.7814465408805031,0.3610606610969851
0.7814465408805031,0.36119186046511625
0.7814465408805031,0.361323155216285
0.7814465408805031,0.3614545454545455
0.7814465408805031,0.3615860312841033
0.7814465408805031,0.36171761280931586
0.7814465408805031,0.3618492901346924
0.7814465408805031,0.3619810633648944
0.7814465408805031,0.36211293260473587
0.7814465408805031,0.3622448979591837
0.7814465408805031,0.36237695953335763
0.7814465408805031,0.362509117432531
0.7814465408805031,0.3626413717621306
0.7814465408805031,0.3627737226277372
0.7814465408805031,0.3629061701350858
0.7814465408805031,0.36303871439006574
0.7814465408805031,0.3631713554987212
0.7814465408805031,0.36330409356725146
0.7814465408805031,0.36343692870201094
0.7814465408805031,0.3635698610095099
0.7814465408805031,0.3637028905964142
0.7814465408805031,0.36383601756954614
0.7814465408805031,0.36396924203588427
0.7814465408805031,0.3641025641025641
0.7814465408805031,0.364235983876878
0.7814465408805031,0.36436950146627567
0.7814465408805031,0.3645031169783645
0.7814465408805031,0.3646368305209098
0.7814465408805031,0.36477064220183486
0.7806603773584906,0.3645374449339207
0.7806603773584906,0.36467131839882483
0.7806603773584906,0.3648052902277737
0.7806603773584906,0.3649393605292172
0.7806603773584906,0.3650735294117647
0.7806603773584906,0.3652077969841854
0.7806603773584906,0.36534216335540837
0.7806603773584906,0.36547662863452335
0.7806603773584906,0.36561119293078054
0.7806603773584906,0.36574585635359114
0.7806603773584906,0.3658806190125276
0.779874213836478,0.36564688536675266
0.779874213836478,0.36578171091445427
0.779874213836478,0.36591663592770196
0.779874213836478,0.36605166051660515
0.779874213836478,0.36618678479143596
0.7790880503144654,0.36595273264401773
0.7790880503144654,0.3660879202068711
0.7783018867924528,0.36585365853658536
0.7775157232704403,0.3656192236598891
0.7775157232704403,0.3657544378698225
0.7775157232704403,0.365889752127266
0.7775157232704403,0.36602516654330125
0.7775157232704403,0.3661606812291744
0.7775157232704403,0.3662962962962963
0.7775157232704403,0.3664320118562431
0.7767295597484277,0.36619718309859156
0.7767295597484277,0.3663329625509826
0.7767295597484277,0.3664688427299703
0.7767295597484277,0.3666048237476809
0.7767295597484277,0.36674090571640683
0.7767295597484277,0.3668770887486075
0.7767295597484277,0.36701337295690933
0.7767295597484277,0.3671497584541063
0.7767295597484277,0.36728624535315985
0.7767295597484277,0.3674228337671997
0.7767295597484277,0.36755952380952384
0.7767295597484277,0.36769631559359883
0.7767295597484277,0.3678332092330603
0.7767295597484277,0.3679702048417132
0.7767295597484277,0.368107302533532
0.7767295597484277,0.3682445024226612
0.7767295597484277,0.36838180462341535
0.7767295597484277,0.36851920925027976
0.7767295597484277,0.3686567164179104
0.7759433962264151,0.3684210526315789
0.7759433962264151,0.36855862584017923
0.7759433962264151,0.3686963018304072
0.7751572327044025,0.3684603886397608
0.7751572327044025,0.3685981308411215
0.7751572327044025,0.368735976065819
0.7751572327044025,0.36887392442947997
0.7751572327044025,0.3690119760479042
0.77437106918239,0.3687757394234369
0.7735849056603774,0.3685393258426966
0.7735849056603774,0.36867740726863996
0.7735849056603774,0.36881559220389803
0.7735849056603774,0.3689538807649044
0.7735849056603774,0.3690922730682671
0.7735849056603774,0.36923076923076925
0.7735849056603774,0.36936936936936937
0.7735849056603774,0.36950807360120164
0.7735849056603774,0.36964688204357626
0.7735849056603774,0.3697857948139797
0.7735849056603774,0.3699248120300752
0.7735849056603774,0.37006393380970287
0.7735849056603774,0.37020316027088035
0.7735849056603774,0.37034249153180276
0.7735849056603774,0.3704819277108434
0.7735849056603774,0.3706214689265537
0.7735849056603774,0.3707611152976639
0.7735849056603774,0.37090086694308333
0.7735849056603774,0.37104072398190047
0.7735849056603774,0.37118068653338365
0.7735849056603774,0.3713207547169811
0.7735849056603774,0.3714609286523216
0.7735849056603774,0.3716012084592145
0.7735849056603774,0.3717415942576502
0.7735849056603774,0.37188208616780044
0.7735849056603774,0.3720226843100189
0.7735849056603774,0.3721633888048411
0.7735849056603774,0.37230419977298523
0.7735849056603774,0.372445117335352
0.7735849056603774,0.3725861416130254
0.7735849056603774,0.37272727272727274
0.7735849056603774,0.3728685107995453
0.7735849056603774,0.3730098559514784
0.7735849056603774,0.3731513083048919
0.7735849056603774,0.37329286798179057
0.7735849056603774,0.3734345351043643
0.7735849056603774,0.3735763097949886
0.7735849056603774,0.3737181921762248
0.7735849056603774,0.3738601823708207
0.7735849056603774,0.37400228050171036
0.7735849056603774,0.3741444866920152
0.7735849056603774,0.37428680106504375
0.7735849056603774,0.3744292237442922
0.7735849056603774,0.374571754853445
0.7735849056603774,0.3747143945163747
0.7735849056603774,0.37485714285714283
0.7735849056603774,0.375
0.7735849056603774,0.3751429660693862
0.7735849056603774,0.37528604118993136
0.7735849056603774,0.3754292254864556
0.7727987421383647,0.3751908396946565
0.7727987421383647,0.3753340969835815
0.7727987421383647,0.3754774637127578
0.7727987421383647,0.37562094000764235
0.7727987421383647,0.37576452599388377
0.7727987421383647,0.37590822179732314
0.7720125786163522,0.37566947207345064
0.7720125786163522,0.37581324148488326
0.7720125786163522,0.3759571209800919
0.7720125786163522,0.37610111068556107
0.7720125786163522,0.37624521072796935
0.7720125786163522,0.37638942123418934
0.7720125786163522,0.37653374233128833
0.7712264150943396,0.3762945914844649
0.7704402515723271,0.3760552570990023
0.7696540880503144,0.37581573896353165
0.7696540880503144,0.3759600614439324
0.7696540880503144,0.3761044948136765
0.7696540880503144,0.3762490392006149
0.7696540880503144,0.3763936947327951
0.7696540880503144,0.37653846153846154
0.7696540880503144,0.37668333974605617
0.7696540880503144,0.3768283294842186
0.7688679245283019,0.37658837119753563
0.7688679245283019,0.37673343605546994
0.7688679245283019,0.376878612716763
0.7688679245283019,0.37702390131071706
0.7688679245283019,0.3771693019668338
0.7688679245283019,0.3773148148148148
0.7680817610062893,0.3770744886144346
0.7672955974842768,0.37683397683397685
0.7672955974842768,0.37697952877558905
0.7672955974842768,0.37712519319938176
0.7672955974842768,0.37727097023579437
0.7672955974842768,0.3774168600154679
0.7672955974842768,0.37756286266924566
0.7672955974842768,0.37770897832817335
0.7665094339622641,0.37746806039488967
0.7665094339622641,0.37761425251742836
0.7665094339622641,0.37776055792328556
0.7665094339622641,0.37790697674418605
0.7665094339622641,0.3780535091120589
0.7657232704402516,0.3778122575640031
0.7657232704402516,0.37795886689949554
0.764937106918239,0.37771739130434784
0.7641509433962265,0.3774757281553398
0.7641509433962265,0.3776223776223776
0.7641509433962265,0.37776914108045084
0.7633647798742138,0.3775272161741835
0.7633647798742138,0.3776740567872423
0.7633647798742138,0.37782101167315174
0.7625786163522013,0.37757882444530944
0.7617924528301887,0.3773364485981308
0.7617924528301887,0.37748344370860926
0.7617924528301887,0.37763055339049106
0.7617924528301887,0.37777777777777777
0.7617924528301887,0.3779251170046802
0.7617924528301887,0.37807257120561844
0.7617924528301887,0.37822014051522246
0.7617924528301887,0.37836782506833266
0.7617924528301887,0.378515625
0.7617924528301887,0.3786635404454865
0.7617924528301887,0.37881157154026585
0.7610062893081762,0.3785686351192804
0.7610062893081762,0.37871674491392804
0.7610062893081762,0.37886497064579255
0.7602201257861635,0.37862176977290524
0.7602201257861635,0.37877007442224836
0.7602201257861635,0.37891849529780564
0.7602201257861635,0.3790670325362603
0.7602201257861635,0.3792156862745098
0.7602201257861635,0.37936445664966656
0.7602201257861635,0.3795133437990581
0.7602201257861635,0.37966234786022773
0.7602201257861635,0.3798114689709348
0.7602201257861635,0.3799607072691552
0.7602201257861635,0.38011006289308175
0.7602201257861635,0.38025953598112466
0.7602201257861635,0.3804091266719119
0.7602201257861635,0.38055883510428967
0.7594339622641509,0.38031496062992126
0.7594339622641509,0.38046474990153606
0.7594339622641509,0.3806146572104019
0.7594339622641509,0.38076468269609776
0.7594339622641509,0.38091482649842273
0.7594339622641509,0.3810650887573965
0.7586477987421384,0.3808208366219416
0.7586477987421384,0.3809711804184761
0.7586477987421384,0.3811216429699842
0.7586477987421384,0.3812722244172264
0.7586477987421384,0.3814229249011858
0.7586477987421384,0.3815737445630684
0.7586477987421384,0.3817246835443038
0.7586477987421384,0.38187574198654534
0.7586477987421384,0.3820269200316706
0.7586477987421384,0.3821782178217822
0.7578616352201258,0.38193343898573695
0.7578616352201258,0.38208481965913593
0.7578616352201258,0.38223632038065025
0.7578616352201258,0.38238794129313763
0.7578616352201258,0.3825396825396825
0.7578616352201258,0.38269154426359664
0.7578616352201258,0.38284352660841936
0.7578616352201258,0.3829956297179182
0.7578616352201258,0.383147853736089
0.7578616352201258,0.38330019880715704
0.7578616352201258,0.3834526650755768
0.7578616352201258,0.3836052526860326
0.7578616352201258,0.3837579617834395
0.7578616352201258,0.3839107925129431
0.7578616352201258,0.3840637450199203
0.7578616352201258,0.3842168194499801
0.7578616352201258,0.3843700159489633
0.7570754716981132,0.3841244515357
0.7570754716981132,0.38427773343974464
0.7570754716981132,0.3844311377245509
0.7570754716981132,0.3845846645367412
0.7570754716981132,0.3847383140231722
0.7570754716981132,0.38489208633093525
0.7570754716981132,0.38504598160735704
0.7570754716981132,0.3852
0.7570754716981132,0.38535414165666265
0.7570754716981132,0.3855084067253803
0.7562893081761006,0.38526231477773326
0.7562893081761006,0.3854166666666667
0.7562893081761006,0.3855711422845691
0.7562893081761006,0.38572574178027264
0.7562893081761006,0.385880465302848
0.7562893081761006,0.38603531300160515
0.7562893081761006,0.3861902850260939
0.7562893081761006,0.3863453815261044
0.7562893081761006,0.38650060265166736
0.7562893081761006,0.3866559485530547
0.7555031446540881,0.3864093285082429
0.7555031446540881,0.38656476267095735
0.7555031446540881,0.38672032193158956
0.7555031446540881,0.38687600644122383
0.7555031446540881,0.38703181635118805
0.7555031446540881,0.387187751813054
0.7555031446540881,0.3873438129786376
0.7555031446540881,0.3875
0.7555031446540881,0.38765631302944736
0.7555031446540881,0.3878127522195319
0.7555031446540881,0.3879693177230521
0.7555031446540881,0.38812600969305333
0.7555031446540881,0.3882828282828283
0.7555031446540881,0.38843977364591753
0.7555031446540881,0.38859684593611
0.7555031446540881,0.38875404530744334
0.7555031446540881,0.3889113719142048
0.7555031446540881,0.38906882591093117
0.7555031446540881,0.3892264074524099
0.7555031446540881,0.3893841166936791
0.7555031446540881,0.3895419537900284
0.7555031446540881,0.3896999188969992
0.7555031446540881,0.3898580121703854
0.7555031446540881,0.3900162337662338
0.7555031446540881,0.3901745838408445
0.7555031446540881,0.3903330625507717
0.7555031446540881,0.39049167005282404
0.7555031446540881,0.390650406504065
0.7555031446540881,0.39080927206181376
0.7555031446540881,0.3909682668836452
0.7547169811320755,0.3907203907203907
0.7547169811320755,0.39087947882736157
0.7547169811320755,0.3910386965376782
0.7547169811320755,0.39119804400978
0.7539308176100629,0.3909498573175703
0.7539308176100629,0.39110929853181076
0.7539308176100629,0.3912688698490412
0.7539308176100629,0.3914285714285714
0.7539308176100629,0.3915884034299714
0.7539308176100629,0.3917483660130719
0.7539308176100629,0.39190845933796487
0.7531446540880503,0.39165985282093213
0.7531446540880503,0.3918200408997955
0.7523584905660378,0.39157119476268415
0.7523584905660378,0.3917314776913631
0.7523584905660378,0.3918918918918919
0.7523584905660378,0.39205243752560426
0.7523584905660378,0.39221311475409837
0.7523584905660378,0.3923739237392374
0.7523584905660378,0.3925348646431501
0.7523584905660378,0.3926959376282314
0.7515723270440252,0.3924466338259442
0.7515723270440252,0.39260780287474334
0.7515723270440252,0.39276910435497125
0.7515723270440252,0.3929305384299219
0.7515723270440252,0.3930921052631579
0.7515723270440252,0.3932538050185109
0.7515723270440252,0.3934156378600823
0.7507861635220126,0.39316591189790034
0.7507861635220126,0.39332784184514
0.7507861635220126,0.3934899052327977
0.7507861635220126,0.39365210222588626
0.75,0.3934020618556701
0.75,0.3935643564356436
0.7492138364779874,0.3933140734626496
0.7492138364779874,0.393476465730801
0.7492138364779874,0.3936389921520033
0.7492138364779874,0.39380165289256197
0.7492138364779874,0.39396444811905745
0.7492138364779874,0.39412737799834574
0.7492138364779874,0.394290442697559
0.7492138364779874,0.39445364238410596
0.7492138364779874,0.3946169772256729
0.7484276729559748,0.39436619718309857
0.7484276729559748,0.3945296311645255
0.7484276729559748,0.3946932006633499
0.7476415094339622,0.3944421401907922
0.7476415094339622,0.3946058091286307
0.7476415094339622,0.39476961394769616
0.7476415094339622,0.39493355481727577
0.7476415094339622,0.3950976319069381
0.7468553459119497,0.3948462177888612
0.7468553459119497,0.39501039501039503
0.7468553459119497,0.3951747088186356
0.7460691823899371,0.394923012900541
0.7460691823899371,0.39508742714404665
0.7460691823899371,0.39525197834235737
0.7460691823899371,0.3954166666666667
0.7460691823899371,0.3955814922884535
0.7460691823899371,0.3957464553794829
0.7460691823899371,0.39591155611180645
0.7452830188679245,0.39565943238731216
0.7452830188679245,0.39582463465553236
0.7452830188679245,0.39598997493734334
0.7452830188679245,0.3961554534057668
0.7452830188679245,0.3963210702341137
0.7444968553459119,0.3960685905478879
0.7444968553459119,0.396234309623431
0.7444968553459119,0.39640016743407286
0.7437106918238994,0.3961474036850921
0.7437106918238994,0.39631336405529954
0.7429245283018868,0.39606035205364626
0.7429245283018868,0.39622641509433965
0.7429245283018868,0.3963926174496644
0.7429245283018868,0.3965589592950063
0.7429245283018868,0.3967254408060453
0.7429245283018868,0.39689206215875683
0.7429245283018868,0.39705882352941174
0.7421383647798742,0.3968053804119378
0.7413522012578616,0.39655172413793105
0.7413522012578616,0.39671855279764406
0.7405660377358491,0.39646464646464646
0.7397798742138365,0.39621052631578946
0.7397798742138365,0.3963774220724516
0.7397798742138365,0.39654445849136116
0.7397798742138365,0.39671163575042157
0.7397798742138365,0.39687895402783635
0.7397798742138365,0.39704641350210973
0.7389937106918238,0.39679189531447867
0.7389937106918238,0.3969594594594595
0.7389937106918238,0.3971271651880017
0.7389937106918238,0.3972950126796281
0.7389937106918238,0.3974630021141649
0.7389937106918238,0.3976311336717428
0.7389937106918238,0.3977994075327973
0.7382075471698113,0.39754445385266723
0.7382075471698113,0.397712833545108
0.7382075471698113,0.39788135593220336
0.7374213836477987,0.39762611275964393
0.7374213836477987,0.3977947413061917
0.7374213836477987,0.3979635129401782
0.7366352201257862,0.3977079796264856
0.7366352201257862,0.39787685774946924
0.7366352201257862,0.3980458793542906
0.7358490566037735,0.39779005524861877
0.735062893081761,0.39753401360544216
0.735062893081761,0.3977031050616759
0.735062893081761,0.39787234042553193
0.735062893081761,0.39804171988080034
0.735062893081761,0.39821124361158433
0.735062893081761,0.3983809118023008
0.735062893081761,0.39855072463768115
0.735062893081761,0.39872068230277186
0.735062893081761,0.3988907849829352
0.735062893081761,0.39906103286384975
0.735062893081761,0.3992314261315115
0.735062893081761,0.39940196497223407
0.735062893081761,0.3995726495726496
0.735062893081761,0.3997434801197093
0.735062893081761,0.3999144568006843
0.735062893081761,0.40008557980316645
0.735062893081761,0.4002568493150685
0.735062893081761,0.4004282655246253
0.735062893081761,0.40059982862039417
0.735062893081761,0.4007715387912559
0.735062893081761,0.4009433962264151
0.7342767295597484,0.4006864006864007
0.7342767295597484,0.4008583690987124
0.7342767295597484,0.4010304851867754
0.7342767295597484,0.4012027491408935
0.7334905660377359,0.400945423291792
0.7334905660377359,0.4011177987962167
0.7334905660377359,0.4012903225806452
0.7327044025157232,0.4010327022375215
0.7319182389937107,0.40077486009470514
0.7319182389937107,0.400947459086994
0.7319182389937107,0.4011202068074106
0.7319182389937107,0.40129310344827585
0.7319182389937107,0.40146614920224233
0.7319182389937107,0.4016393442622951
0.7319182389937107,0.40181268882175225
0.7311320754716981,0.4015544041450777
0.7311320754716981,0.4017278617710583
0.7311320754716981,0.40190146931719967
0.7311320754716981,0.40207522697795073
0.7311320754716981,0.4022491349480969
0.7311320754716981,0.4024231934227607
0.7311320754716981,0.4025974025974026
0.7311320754716981,0.40277176266782155
0.7311320754716981,0.40294627383015597
0.7311320754716981,0.40312093628088425
0.7311320754716981,0.4032957502168257
0.7311320754716981,0.403470715835141
0.7303459119496856,0.4032118055555556
0.7303459119496856,0.40338688666956146
0.7303459119496856,0.4035621198957428
0.7303459119496856,0.4037375054324207
0.7303459119496856,0.40391304347826085
0.7303459119496856,0.4040887342322749
0.7303459119496856,0.4042645778938207
0.7303459119496856,0.4044405746626034
0.7303459119496856,0.40461672473867594
0.7303459119496856,0.4047930283224401
0.7295597484276729,0.4045335658238884
0.7295597484276729,0.404709986916703
0.7295597484276729,0.4048865619546248
0.7295597484276729,0.4050632911392405
0.7295597484276729,0.4052401746724891
0.7295597484276729,0.4054172127566623
0.7295597484276729,0.40559440559440557
0.7295597484276729,0.40577175338871885
0.7295597484276729,0.40594925634295714
0.7295597484276729,0.4061269146608315
0.7295597484276729,0.4063047285464098
0.7287735849056604,0.4060446780551905
0.7287735849056604,0.40622261174408414
0.7287735849056604,0.4064007014467339
0.7287735849056604,0.40657894736842104
0.7287735849056604,0.40675734971478716
0.7287735849056604,0.40693590869183494
0.7287735849056604,0.40711462450592883
0.7287735849056604,0.4072934973637961
0.7279874213836478,0.40703296703296704
0.7279874213836478,0.4072119613016711
0.7279874213836478,0.40739111306643205
0.7279874213836478,0.40757042253521125
0.7279874213836478,0.4077498899163364
0.7272012578616353,0.40748898678414097
0.7272012578616353,0.4076685764654033
0.7264150943396226,0.4074074074074074
0.7264150943396226,0.40758711954124394
0.7264150943396226,0.4077669902912621
0.7264150943396226,0.40794701986754967
0.7264150943396226,0.4081272084805654
0.72562893081761,0.4078656650463986
0.72562893081761,0.40804597701149425
0.72562893081761,0.4082264484741265
0.72562893081761,0.4084070796460177
0.72562893081761,0.40858787073926517
0.7248427672955975,0.408325952170062
0.7248427672955975,0.408506867523261
0.7248427672955975,0.40868794326241137
0.7248427672955975,0.4088691796008869
0.7240566037735849,0.40860692102928126
0.7232704402515723,0.4083444296493564
0.7224842767295597,0.4080817051509769
0.7224842767295597,0.40826299422478896
0.7216981132075472,0.408
0.7216981132075472,0.4081814139617608
0.7216981132075472,0.4083629893238434
0.7216981132075472,0.40854472630173566
0.7216981132075472,0.40872662511130897
0.7216981132075472,0.4089086859688196
0.7216981132075472,0.4090909090909091
0.7216981132075472,0.40927329469460544
0.7216981132075472,0.4094558429973238
0.7216981132075472,0.40963855421686746
0.7216981132075472,0.40982142857142856
0.7216981132075472,0.4100044662795891
0.7216981132075472,0.4101876675603217
0.7216981132075472,0.41037103263299063
0.7216981132075472,0.41055456171735244
0.7216981132075472,0.41073825503355704
0.7216981132075472,0.41092211280214863
0.7216981132075472,0.41110613524406625
0.7216981132075472,0.4112903225806452
0.7216981132075472,0.41147467503361723
0.7216981132075472,0.4116591928251121
0.7216981132075472,0.41184387617765816
0.7216981132075472,0.4120287253141831
0.7216981132075472,0.4122137404580153
0.7216981132075472,0.4123989218328841
0.7216981132075472,0.41258426966292133
0.7216981132075472,0.41276978417266186
0.7216981132075472,0.41295546558704455
0.7216981132075472,0.41314131413141314
0.7216981132075472,0.41332733003151734
0.7216981132075472,0.4135135135135135
0.7216981132075472,0.41369986480396576
0.7216981132075472,0.4138863841298467
0.7216981132075472,0.4140730717185386
0.7216981132075472,0.41425992779783394
0.7216981132075472,0.4144469525959368
0.7209119496855346,0.41418247515808493
0.7209119496855346,0.4143696339810212
0.7209119496855346,0.41455696202531644
0.7209119496855346,0.4147444595205789
0.7209119496855346,0.4149321266968326
0.7209119496855346,0.4151199637845179
0.7209119496855346,0.41530797101449274
0.7209119496855346,0.4154961486180335
0.7209119496855346,0.4156844968268359
0.7209119496855346,0.4158730158730159
0.7209119496855346,0.4160617059891107
0.7209119496855346,0.41625056740807986
0.7209119496855346,0.4164396003633061
0.720125786163522,0.4161744661517492
0.7193396226415094,0.4159090909090909
0.7193396226415094,0.41609822646657574
0.7193396226415094,0.41628753412192904
0.7193396226415094,0.4164770141101502
0.7193396226415094,0.4166666666666667
0.7193396226415094,0.4168564920273349
0.7193396226415094,0.4170464904284412
0.7185534591194969,0.416780665754674
0.7185534591194969,0.416970802919708
0.7185534591194969,0.41716111364673664
0.7185534591194969,0.41735159817351597
0.7177672955974843,0.41708542713567837
0.7177672955974843,0.4172760511882998
0.7177672955974843,0.417466849565615
0.7177672955974843,0.41765782250686184
0.7177672955974843,0.41784897025171625
0.7177672955974843,0.41804029304029305
0.7169811320754716,0.41777370590929913
0.7169811320754716,0.41796516956920254
0.7169811320754716,0.41815680880330125
0.7169811320754716,0.41834862385321103
0.7169811320754716,0.41854061496099126
0.7169811320754716,0.418732782369146
0.7169811320754716,0.41892512632062473
0.7169811320754716,0.41911764705882354
0.7169811320754716,0.4193103448275862
0.7169811320754716,0.41950321987120515
0.7169811320754716,0.4196962724344225
0.7169811320754716,0.4198895027624309
0.7169811320754716,0.4200829111008752
0.7169811320754716,0.4202764976958525
0.7169811320754716,0.42047026279391425
0.7169811320754716,0.42066420664206644
0.7161949685534591,0.4203968620212275
0.7161949685534591,0.42059095106186517
0.7161949685534591,0.4207852193995381
0.7161949685534591,0.4209796672828096
0.7161949685534591,0.42117429496070274
0.7161949685534591,0.4213691026827012
0.7161949685534591,0.42156409069875056
0.7154088050314465,0.4212962962962963
0.7154088050314465,0.4214914312181566
0.7154088050314465,0.42168674698795183
0.7154088050314465,0.42188224385720907
0.7154088050314465,0.42207792207792205
0.714622641509434,0.4218097447795824
0.714622641509434,0.4220055710306407
0.714622641509434,0.4222015791918254
0.714622641509434,0.42239776951672864
0.714622641509434,0.4225941422594142
0.714622641509434,0.4227906976744186
0.714622641509434,0.422987436016752
0.714622641509434,0.4231843575418994
0.714622641509434,0.4233814625058221
0.714622641509434,0.4235787511649581
0.714622641509434,0.42377622377622376
0.714622641509434,0.4239738805970149
0.714622641509434,0.42417172188520763
0.7138364779874213,0.4239028944911298
0.7138364779874213,0.4241008874357777
0.7130503144654088,0.42383177570093455
0.7130503144654088,0.42402992052360916
0.7130503144654088,0.42422825070159026
0.7130503144654088,0.4244267664950866
0.7130503144654088,0.424625468164794
0.7130503144654088,0.42482435597189694
0.7130503144654088,0.4250234301780694
0.7130503144654088,0.42522269104547583
0.7130503144654088,0.425422138836773
0.7122641509433962,0.4251525105584233
0.7122641509433962,0.4253521126760563
0.7122641509433962,0.42555190230155004
0.7122641509433962,0.4257518796992481
0.7122641509433962,0.42595204513399154
0.7122641509433962,0.4261523988711195
0.7122641509433962,0.4263529411764706
0.7122641509433962,0.4265536723163842
0.7122641509433962,0.4267545925577014
0.7122641509433962,0.42695570216776624
0.7122641509433962,0.42715700141442714
0.7122641509433962,0.42735849056603775
0.7122641509433962,0.42756016989145823
0.7122641509433962,0.42776203966005666
0.7122641509433962,0.42796410014171
0.7122641509433962,0.4281663516068053
0.7122641509433962,0.42836879432624114
0.7122641509433962,0.42857142857142855
0.7122641509433962,0.42877425461429247
0.7122641509433962,0.4289772727272727
0.7114779874213837,0.428706774040739
0.7114779874213837,0.42890995260663506
0.7114779874213837,0.42911332385016593
0.7114779874213837,0.4293168880455408
0.7114779874213837,0.4295206454674893
0.7114779874213837,0.42972459639126304
0.7114779874213837,0.42992874109263657
0.7114779874213837,0.4301330798479088
0.7114779874213837,0.43033761293390393
0.7114779874213837,0.43054234062797336
0.7114779874213837,0.43074726320799617
0.7114779874213837,0.430952380952381
0.7114779874213837,0.4311576941400667
0.7114779874213837,0.43136320305052434
0.7114779874213837,0.43156890796375774
0.710691823899371,0.4312977099236641
0.710691823899371,0.4315035799522673
0.710691823899371,0.43170964660936006
0.710691823899371,0.4319159101767797
0.7099056603773585,0.43164435946462715
0.7099056603773585,0.43185078909612623
0.7099056603773585,0.4320574162679426
0.7099056603773585,0.43226424126376256
0.7099056603773585,0.4324712643678161
0.7099056603773585,0.43267848586487784
0.7099056603773585,0.43288590604026844
0.7099056603773585,0.4330935251798561
0.7099056603773585,0.43330134357005756
0.7099056603773585,0.43350936149783964
0.7099056603773585,0.43371757925072046
0.7099056603773585,0.43392599711677077
0.7099056603773585,0.4341346153846154
0.7091194968553459,0.43386243386243384
0.7083333333333334,0.43358999037536095
0.7083333333333334,0.4337987481945113
0.7083333333333334,0.4340077071290944
0.7083333333333334,0.43421686746987953
0.7083333333333334,0.4344262295081967
0.7083333333333334,0.43463579353593823
0.7083333333333334,0.43484555984555984
0.7083333333333334,0.4350555287300821
0.7083333333333334,0.43526570048309177
0.7083333333333334,0.43547607539874333
0.7083333333333334,0.43568665377176014
0.7083333333333334,0.4358974358974359
0.7083333333333334,0.436108422071636
0.7083333333333334,0.43631961259079904
0.7083333333333334,0.436531007751938
0.7083333333333334,0.4367426078526418
0.7083333333333334,0.43695441319107664
0.7083333333333334,0.4371664240659874
0.7083333333333334,0.437378640776699
0.7083333333333334,0.437591063623118
0.7075471698113207,0.43731778425655976
0.7075471698113207,0.4375303840544482
0.7067610062893082,0.4372568093385214
0.7067610062893082,0.43746958637469585
0.7067610062893082,0.437682570593963
0.7059748427672956,0.43740867023867513
0.7059748427672956,0.43762183235867447
0.7059748427672956,0.4378352023403218
0.7059748427672956,0.4380487804878049
0.7059748427672956,0.43826256710590533
0.7059748427672956,0.4384765625
0.7059748427672956,0.4386907669760625
0.7051886792452831,0.43841642228739003
0.7051886792452831,0.4386308068459658
0.7051886792452831,0.4388454011741683
0.7051886792452831,0.4390602055800294
0.7044025157232704,0.4387855044074437
0.7044025157232704,0.43900048995590396
0.7044025157232704,0.4392156862745098
0.7044025157232704,0.4394310936733693
0.7044025157232704,0.4396467124631992
0.7036163522012578,0.43937162493863524
0.7036163522012578,0.4395874263261297
0.7036163522012578,0.4398034398034398
0.7028301886792453,0.43952802359882004
0.7028301886792453,0.4397442203639941
0.7028301886792453,0.43996062992125984
0.7028301886792453,0.4401772525849335
0.7028301886792453,0.4403940886699507
0.7028301886792453,0.4406111384918679
0.7028301886792453,0.4408284023668639
0.7020440251572327,0.44055254070054267
0.7020440251572327,0.4407699901283317
0.7020440251572327,0.44098765432098763
0.7020440251572327,0.44120553359683795
0.7020440251572327,0.44142362827483933
0.7012578616352201,0.4411473788328388
0.7012578616352201,0.44136566056407717
0.7012578616352201,0.4415841584158416
0.7012578616352201,0.441802872709262
0.7012578616352201,0.44202180376610506
0.7012578616352201,0.4422409519087754
0.7012578616352201,0.44246031746031744
0.7012578616352201,0.4426799007444169
0.7012578616352201,0.4428997020854022
0.7012578616352201,0.4431197218082464
0.7012578616352201,0.4433399602385686
0.7012578616352201,0.4435604177026355
0.7012578616352201,0.4437810945273632
0.7004716981132075,0.4435042309606769
0.7004716981132075,0.4437250996015936
0.7004716981132075,0.4439461883408072
0.7004716981132075,0.4441674975074776
0.7004716981132075,0.44438902743142145
0.7004716981132075,0.44461077844311375
0.7004716981132075,0.44483275087368945
0.7004716981132075,0.44505494505494503
0.699685534591195,0.4447776111944028
0.699685534591195,0.445
0.699685534591195,0.4452226113056528
0.699685534591195,0.44544544544544545
0.699685534591195,0.4456685027541312
0.699685534591195,0.44589178356713427
0.699685534591195,0.44611528822055135
0.699685534591195,0.4463390170511535
0.699685534591195,0.44656297039638737
0.6988993710691824,0.446285140562249
0.6988993710691824,0.44650929181315924
0.6988993710691824,0.4467336683417085
0.6981132075471698,0.4464555052790347
0.6981132075471698,0.44668008048289737
0.6981132075471698,0.44690488173125315
0.6981132075471698,0.4471299093655589
0.6981132075471698,0.4473551637279597
0.6973270440251572,0.4470766129032258
0.6973270440251572,0.44730206757438223
0.6973270440251572,0.4475277497477296
0.6973270440251572,0.447753659767794
0.6965408805031447,0.44747474747474747
0.6965408805031447,0.4477008590197069
0.6965408805031447,0.44792719919110213
0.6965408805031447,0.4481537683358624
0.6965408805031447,0.4483805668016194
0.6965408805031447,0.4486075949367089
0.6957547169811321,0.44832826747720367
0.6949685534591195,0.44804865686771417
0.6941823899371069,0.4477687626774848
0.6941823899371069,0.44799594114662605
0.6941823899371069,0.4482233502538071
0.6941823899371069,0.4484509903504317
0.6941823899371069,0.4486788617886179
0.6941823899371069,0.4489069649211998
0.6941823899371069,0.4491353001017294
0.6941823899371069,0.4493638676844784
0.6941823899371069,0.4495926680244399
0.6941823899371069,0.44982170147733064
0.6941823899371069,0.45005096839959224
0.6941823899371069,0.4502804691483937
0.6941823899371069,0.45051020408163267
0.6941823899371069,0.4507401735579377
0.6941823899371069,0.45097037793667005
0.6941823899371069,0.4512008175779254
0.6941823899371069,0.4514314928425358
0.6933962264150944,0.451150895140665
0.6926100628930818,0.4508700102354145
0.6926100628930818,0.4511008704557092
0.6926100628930818,0.45133196721311475
0.6918238993710691,0.451050743208611
0.6910377358490566,0.45076923076923076
0.6910377358490566,0.45100051308363265
0.690251572327044,0.45071868583162217
0.690251572327044,0.4509501797637391
0.690251572327044,0.4511819116135663
0.690251572327044,0.45141388174807195
0.6894654088050315,0.45113168724279834
0.6894654088050315,0.45136387030365416
0.6894654088050315,0.45159629248197736
0.6894654088050315,0.45182895414734675
0.6894654088050315,0.4520618556701031
0.6894654088050315,0.4522949974213512
0.6894654088050315,0.45252837977296184
0.6894654088050315,0.4527620030975736
0.6894654088050315,0.452995867768595
0.6894654088050315,0.4532299741602067
0.6894654088050315,0.45346432264736297
0.6894654088050315,0.4536989136057941
0.6894654088050315,0.45393374741200826
0.6894654088050315,0.45416882444329365
0.6894654088050315,0.4544041450777202
0.6886792452830188,0.45412130637636083
0.6886792452830188,0.45435684647302904
0.6886792452830188,0.4545926310326933
0.6886792452830188,0.45482866043613707
0.6886792452830188,0.45506493506493506
0.6886792452830188,0.4553014553014553
0.6886792452830188,0.45553822152886114
0.6878930817610063,0.45525494276795003
0.6878930817610063,0.45549193128578863
0.6878930817610063,0.4557291666666667
0.6878930817610063,0.4559666492965086
0.6878930817610063,0.4562043795620438
0.6878930817610063,0.45644235785080856
0.6878930817610063,0.45668058455114824
0.6878930817610063,0.45691906005221933
0.6878930817610063,0.45715778474399166
0.6878930817610063,0.4573967590172504
0.6878930817610063,0.45763598326359833
0.6878930817610063,0.45787545787545786
0.6871069182389937,0.45759162303664924
0.6871069182389937,0.4578313253012048
0.6871069182389937,0.4580712788259958
0.6871069182389937,0.4583114840062926
0.6871069182389937,0.45855194123819515
0.6871069182389937,0.4587926509186352
0.6871069182389937,0.45903361344537813
0.6871069182389937,0.4592748292170257
0.6871069182389937,0.45951629863301785
0.6871069182389937,0.4597580220936349
0.6871069182389937,0.46
0.6871069182389937,0.4602422327540811
0.6871069182389937,0.46048472075869334
0.6871069182389937,0.46072746441750134
0.6871069182389937,0.4609704641350211
0.6871069182389937,0.46121372031662267
0.6871069182389937,0.4614572333685322
0.6871069182389937,0.4617010036978341
0.6871069182389937,0.4619450317124736
0.6871069182389937,0.4621893178212586
0.6871069182389937,0.4624338624338624
0.6871069182389937,0.46267866596082585
0.6871069182389937,0.4629237288135593
0.6871069182389937,0.4631690514043455
0.6871069182389937,0.4634146341463415
0.6871069182389937,0.4636604774535809
0.6863207547169812,0.46337579617834396
0.6863207547169812,0.4636218799787573
0.6855345911949685,0.463336875664187
0.6855345911949685,0.4635832004253057
0.6855345911949685,0.46382978723404256
0.6855345911949685,0.4640766365087813
0.6855345911949685,0.4643237486687966
0.6855345911949685,0.4645711241342568
0.6855345911949685,0.464818763326226
0.6855345911949685,0.4650666666666667
0.6855345911949685,0.46531483457844186
0.6855345911949685,0.4655632674853177
0.6855345911949685,0.4658119658119658
0.6855345911949685,0.4660609299839658
0.6855345911949685,0.4663101604278075
0.6855345911949685,0.4665596575708935
0.6855345911949685,0.4668094218415418
0.6855345911949685,0.46705945366898766
0.6855345911949685,0.46730975348338694
0.6855345911949685,0.4675603217158177
0.6855345911949685,0.4678111587982833
0.684748427672956,0.4675254965110038
0.6839622641509434,0.4672395273899033
0.6839622641509434,0.4674905964535196
0.6839622641509434,0.46774193548387094
0.6839622641509434,0.4679935449166218
0.6839622641509434,0.4682454251883746
0.6839622641509434,0.46849757673667203
0.6839622641509434,0.46875
0.6839622641509434,0.46900269541778977
0.6831761006289309,0.46871628910463864
0.6823899371069182,0.46842957366432814
0.6823899371069182,0.468682505399568
0.6823899371069182,0.4689357104267963
0.6823899371069182,0.46918918918918917
0.6823899371069182,0.46944294213088156
0.6823899371069182,0.4696969696969697
0.6823899371069182,0.4699512723335138
0.6823899371069182,0.47020585048754066
0.6823899371069182,0.4704607046070461
0.6823899371069182,0.47071583514099785
0.6823899371069182,0.47097124253933803
0.6823899371069182,0.47122692725298587
0.6823899371069182,0.4714828897338403
0.6816037735849056,0.47119565217391307
0.6816037735849056,0.47145187601957583
0.6816037735849056,0.47170837867247006
0.6816037735849056,0.4719651605879151
0.6816037735849056,0.4722222222222222
0.6816037735849056,0.47247956403269753
0.6808176100628931,0.4721919302071974
0.6800314465408805,0.4719039825422804
0.6800314465408805,0.4721615720524017
0.6800314465408805,0.4724194429273621
0.6800314465408805,0.4726775956284153
0.6800314465408805,0.47293603061782397
0.6800314465408805,0.47319474835886216
0.6800314465408805,0.4734537493158183
0.6800314465408805,0.47371303395399783
0.6800314465408805,0.473972602739726
0.6792452830188679,0.47368421052631576
0.6792452830188679,0.473944048272079
0.6792452830188679,0.47420417124039516
0.6792452830188679,0.4744645799011532
0.6792452830188679,0.4747252747252747
0.6792452830188679,0.4749862561847169
0.6792452830188679,0.4752475247524752
0.6792452830188679,0.4755090809025867
0.6784591194968553,0.4752202643171806
0.6784591194968553,0.47548209366391186
0.6784591194968553,0.4757442116868798
0.6784591194968553,0.4760066188637617
0.6784591194968553,0.4762693156732892
0.6784591194968553,0.47653230259525126
0.6784591194968553,0.4767955801104972
0.6784591194968553,0.47705914870093974
0.6784591194968553,0.47732300884955753
0.6784591194968553,0.47758716104039844
0.6784591194968553,0.4778516057585825
0.6784591194968553,0.4781163434903047
0.6784591194968553,0.47838137472283815
0.6776729559748428,0.47809206877426513
0.6776729559748428,0.47835738068812433
0.6768867924528302,0.47806774014436426
0.6768867924528302,0.47833333333333333
0.6768867924528302,0.4785992217898833
0.6761006289308176,0.4783092324805339
0.6761006289308176,0.4785754034501948
0.6761006289308176,0.47884187082405344
0.6761006289308176,0.479108635097493
0.675314465408805,0.47881828316610925
0.675314465408805,0.47908533184606805
0.6745283018867925,0.47879464285714285
0.6745283018867925,0.47906197654941374
0.6745283018867925,0.4793296089385475
0.6745283018867925,0.4795975405254332
0.6745283018867925,0.4798657718120805
0.6745283018867925,0.4801343033016228
0.6745283018867925,0.48040313549832026
0.6745283018867925,0.48067226890756304
0.6745283018867925,0.48094170403587444
0.6745283018867925,0.4812114413909142
0.6745283018867925,0.48148148148148145
0.6745283018867925,0.48175182481751827
0.6745283018867925,0.4820224719101124
0.6745283018867925,0.4822934232715008
0.6745283018867925,0.48256467941507314
0.6745283018867925,0.48283624085537424
0.6737421383647799,0.48254504504504503
0.6737421383647799,0.4828169014084507
0.6737421383647799,0.4830890642615558
0.6737421383647799,0.48336153412295546
0.6737421383647799,0.48363431151241537
0.6737421383647799,0.4839073969508752
0.6737421383647799,0.48418079096045197
0.6737421383647799,0.4844544940644432
0.6729559748427673,0.4841628959276018
0.6721698113207547,0.4838709677419355
0.6721698113207547,0.4841449603624009
0.6721698113207547,0.48441926345609065
0.6713836477987422,0.48412698412698413
0.6713836477987422,0.4844015882019285
0.6713836477987422,0.48467650397275824
0.6705974842767296,0.4843838727995457
0.6698113207547169,0.48409090909090907
0.6698113207547169,0.48436611711199545
0.6698113207547169,0.48464163822525597
0.6698113207547169,0.4849174729652817
0.6698113207547169,0.48519362186788156
0.6698113207547169,0.48547008547008547
0.6698113207547169,0.48574686431014824
0.6698113207547169,0.4860239589275528
0.6698113207547169,0.4863013698630137
0.6698113207547169,0.48657909765848084
0.6690251572327044,0.48628571428571427
0.6690251572327044,0.4865637507146941
0.6690251572327044,0.4868421052631579
0.6690251572327044,0.4871207784773898
0.6690251572327044,0.48739977090492553
0.6690251572327044,0.4876790830945559
0.6690251572327044,0.48795871559633025
0.6690251572327044,0.48823866896156054
0.6690251572327044,0.48851894374282434
0.6690251572327044,0.488799540493969
0.6690251572327044,0.48908045977011494
0.6690251572327044,0.48936170212765956
0.6682389937106918,0.4890678941311853
0.6682389937106918,0.48934945308002303
0.6682389937106918,0.48963133640552997
0.6682389937106918,0.4899135446685879
0.6682389937106918,0.49019607843137253
0.6682389937106918,0.49047893825735717
0.6682389937106918,0.4907621247113164
0.6682389937106918,0.49104563835932985
0.6674528301886793,0.4907514450867052
0.6674528301886793,0.4910352805089647
0.6674528301886793,0.4913194444444444
0.6674528301886793,0.4916039374638101
0.6674528301886793,0.4918887601390498
0.6674528301886793,0.49217391304347824
0.6674528301886793,0.49245939675174016
0.6674528301886793,0.4927452118398143
0.6674528301886793,0.4930313588850174
0.6674528301886793,0.49331783846600813
0.6674528301886793,0.4936046511627907
0.6674528301886793,0.493891797556719
0.6674528301886793,0.49417927823050056
0.6674528301886793,0.49446709376820036
0.6674528301886793,0.49475524475524474
0.6674528301886793,0.49504373177842564
0.6666666666666666,0.49474912485414235
0.6666666666666666,0.4950379451255108
0.6666666666666666,0.4953271028037383
0.6658805031446541,0.4950321449444769
0.6658805031446541,0.4953216374269006
0.6658805031446541,0.49561146869514333
0.6658805031446541,0.4959016393442623
0.6658805031446541,0.4961921499707089
0.6658805031446541,0.49648300117233296
0.6650943396226415,0.4961876832844575
0.6650943396226415,0.4964788732394366
0.6650943396226415,0.4967704051673517
0.6650943396226415,0.4970622796709753
0.6650943396226415,0.4973544973544973
0.6650943396226415,0.4976470588235294
0.664308176100629,0.4973513831665686
0.6635220125786163,0.49705535924617195
0.6635220125786163,0.497348261638185
0.6627358490566038,0.4970518867924528
0.6619496855345912,0.4967551622418879
0.6611635220125787,0.4964580873671783
0.6611635220125787,0.496751329001772
0.6611635220125787,0.49704491725768324
0.6611635220125787,0.4973388527498522
0.6611635220125787,0.4976331360946746
0.6611635220125787,0.4979277679100059
0.6611635220125787,0.4982227488151659
0.6611635220125787,0.4985180794309425
0.6611635220125787,0.4988137603795967
0.6611635220125787,0.49910979228486646
0.6611635220125787,0.4994061757719715
0.6611635220125787,0.49970291146761736
0.660377358490566,0.4994054696789536
0.660377358490566,0.4997025580011898
0.660377358490566,0.5
0.660377358490566,0.5002977963073257
0.660377358490566,0.5005959475566151
0.660377358490566,0.5008944543828264
0.660377358490566,0.5011933174224343
0.660377358490566,0.5014925373134328
0.660377358490566,0.5017921146953405
0.6595911949685535,0.5014943215780036
0.6595911949685535,0.5017942583732058
0.6595911949685535,0.5020945541591861
0.6595911949685535,0.5023952095808383
0.6595911949685535,0.5026962252846016
0.6595911949685535,0.5029976019184652
0.6588050314465409,0.5026994601079784
0.6580188679245284,0.5024009603841537
0.6580188679245284,0.5027027027027027
0.6580188679245284,0.5030048076923077
0.6580188679245284,0.5033072760072159
0.6580188679245284,0.5036101083032491
0.6580188679245284,0.5039133052378085
0.6580188679245284,0.5042168674698795
0.6580188679245284,0.5045207956600362
0.6580188679245284,0.5048250904704463
0.6580188679245284,0.5051297525648762
0.6572327044025157,0.5048309178743962
0.6564465408805031,0.5045317220543807
0.6564465408805031,0.5048367593712213
0.6564465408805031,0.5051421657592257
0.6564465408805031,0.5054479418886199
0.6564465408805031,0.5057540884312538
0.6564465408805031,0.5060606060606061
0.6564465408805031,0.5063674954517889
0.6564465408805031,0.5066747572815534
0.6564465408805031,0.5069823922282939
0.6564465408805031,0.5072904009720535
0.6564465408805031,0.5075987841945289
0.6556603773584906,0.5072992700729927
0.654874213836478,0.5069993913572732
0.6540880503144654,0.5066991473812423
0.6540880503144654,0.5070079219987812
0.6533018867924528,0.5067073170731707
0.6533018867924528,0.5070164734594265
0.6533018867924528,0.5073260073260073
0.6533018867924528,0.5076359193646915
0.6533018867924528,0.5079462102689487
0.6533018867924528,0.5082568807339449
0.6533018867924528,0.5085679314565483
0.6525157232704403,0.5082669932639314
0.6525157232704403,0.508578431372549
0.6525157232704403,0.5088902513795218
0.6525157232704403,0.50920245398773
0.6525157232704403,0.5095150399017803
0.6525157232704403,0.5098280098280098
0.6525157232704403,0.510141364474493
0.6517295597484277,0.509840098400984
0.6517295597484277,0.5101538461538462
0.6509433962264151,0.5098522167487685
0.6501572327044025,0.5095502156500308
0.6501572327044025,0.5098643649815043
0.6501572327044025,0.5101789019123998
0.64937106918239,0.5098765432098765
0.64937106918239,0.5101914762198888
0.64937106918239,0.5105067985166872
0.64937106918239,0.5108225108225108
0.6485849056603774,0.510519801980198
0.6477987421383647,0.5102167182662539
0.6470125786163522,0.509913258983891
0.6470125786163522,0.5102293862368258
0.6462264150943396,0.5099255583126551
0.6454402515723271,0.5096213531967722
0.6454402515723271,0.5099378881987577
0.6446540880503144,0.509633312616532
0.6446540880503144,0.5099502487562189
0.6438679245283019,0.5096453018046049
0.6438679245283019,0.5099626400996264
0.6438679245283019,0.5102803738317757
0.6438679245283019,0.5105985037406484
0.6438679245283019,0.5109170305676856
0.6438679245283019,0.5112359550561798
0.6430817610062893,0.5109306683322923
0.6430817610062893,0.51125
0.6430817610062893,0.5115697310819262
0.6430817610062893,0.5118898623279099
0.6430817610062893,0.5122103944896681
0.6422955974842768,0.5119047619047619
0.6415094339622641,0.5115987460815047
0.6415094339622641,0.5119196988707654
0.6415094339622641,0.512241054613936
0.6415094339622641,0.5125628140703518
0.6407232704402516,0.5122564424890006
0.6407232704402516,0.5125786163522013
0.6407232704402516,0.512901195720579
0.639937106918239,0.5125944584382871
0.639937106918239,0.5129174543163201
0.639937106918239,0.5132408575031526
0.639937106918239,0.5135646687697161
0.639937106918239,0.5138888888888888
0.639937106918239,0.5142135186355022
0.639937106918239,0.5145385587863464
0.6391509433962265,0.5142314990512334
0.6391509433962265,0.5145569620253164
0.6383647798742138,0.5142495250158328
0.6383647798742138,0.514575411913815
0.6383647798742138,0.5149017121116043
0.6383647798742138,0.5152284263959391
0.6383647798742138,0.5155555555555555
0.6375786163522013,0.5152477763659467
0.6375786163522013,0.5155753337571519
0.6375786163522013,0.5159033078880407
0.6375786163522013,0.5162316995544239
0.6375786163522013,0.5165605095541401
0.6375786163522013,0.5168897386870618
0.6375786163522013,0.517219387755102
0.6375786163522013,0.5175494575622208
0.6375786163522013,0.5178799489144317
0.6375786163522013,0.5182108626198083
0.6367924528301887,0.5179028132992327
0.6367924528301887,0.5182341650671785
0.6367924528301887,0.5185659411011524
0.6367924528301887,0.5188981422165279
0.6367924528301887,0.5192307692307693
0.6367924528301887,0.5195638229634381
0.6367924528301887,0.5198973042362003
0.6367924528301887,0.5202312138728323
0.6367924528301887,0.5205655526992288
0.6367924528301887,0.5209003215434084
0.6367924528301887,0.5212355212355212
0.6367924528301887,0.5215711526078558
0.6367924528301887,0.5219072164948454
0.6367924528301887,0.5222437137330754
0.6360062893081762,0.5219354838709678
0.6360062893081762,0.5222724338282763
0.6360062893081762,0.522609819121447
0.6360062893081762,0.5229476405946994
0.6352201257861635,0.5226390685640362
0.6352201257861635,0.5229773462783172
0.6352201257861635,0.5233160621761658
0.6352201257861635,0.5236552171095269
0.6352201257861635,0.5239948119325551
0.6352201257861635,0.5243348475016223
0.6352201257861635,0.5246753246753246
0.6352201257861635,0.5250162443144899
0.6352201257861635,0.5253576072821846
0.6344339622641509,0.5250487963565387
0.6344339622641509,0.525390625
0.6344339622641509,0.5257328990228013
0.6344339622641509,0.5260756192959583
0.6344339622641509,0.5264187866927593
0.6344339622641509,0.5267624020887729
0.6344339622641509,0.527106466361855
0.6336477987421384,0.526797385620915
0.6336477987421384,0.5271419228253761
0.6336477987421384,0.5274869109947644
0.6328616352201258,0.527177472167649
0.6320754716981132,0.526867627785059
0.6320754716981132,0.5272131147540984
0.6320754716981132,0.5275590551181102
0.6320754716981132,0.5279054497701904
0.6320754716981132,0.5282522996057819
0.6312893081761006,0.5279421433267587
0.6312893081761006,0.5282894736842105
0.6305031446540881,0.5279789335088875
0.6297169811320755,0.5276679841897233
0.6289308176100629,0.5273566249176005
0.6281446540880503,0.5270448548812665
0.6281446540880503,0.5273927392739274
0.6281446540880503,0.5277410832232496
0.6281446540880503,0.5280898876404494
0.6281446540880503,0.5284391534391535
0.6281446540880503,0.528788881535407
0.6281446540880503,0.5291390728476821
0.6273584905660378,0.5288270377733598
0.6273584905660378,0.5291777188328912
0.6273584905660378,0.5295288652952886
0.6273584905660378,0.5298804780876494
0.6273584905660378,0.5302325581395348
0.6273584905660378,0.5305851063829787
0.6273584905660378,0.530938123752495
0.6265723270440252,0.5306258322237017
0.6257861635220126,0.5303131245836109
0.6257861635220126,0.5306666666666666
0.6257861635220126,0.5310206804536357
0.6257861635220126,0.5313751668891856
0.6257861635220126,0.5317301269205077
0.6257861635220126,0.5320855614973262
0.625,0.5317725752508361
0.625,0.5321285140562249
0.625,0.5324849296718017
0.6242138364779874,0.532171581769437
0.6242138364779874,0.5325285043594903
0.6242138364779874,0.5328859060402684
0.6234276729559748,0.5325721961047682
0.6234276729559748,0.5329301075268817
0.6226415094339622,0.5326160053799597
0.6226415094339622,0.5329744279946165
0.6226415094339622,0.5333333333333333
0.6226415094339622,0.5336927223719676
0.6226415094339622,0.5340525960890088
0.6226415094339622,0.5344129554655871
0.6226415094339622,0.5347738014854828
0.6226415094339622,0.5351351351351351
0.6226415094339622,0.5354969574036511
0.6226415094339622,0.5358592692828146
0.6226415094339622,0.5362220717670955
0.6226415094339622,0.5365853658536586
0.6226415094339622,0.5369491525423729
0.6226415094339622,0.5373134328358209
0.6218553459119497,0.5369993211133741
0.6210691823899371,0.5366847826086957
0.6210691823899371,0.5370496261046906
0.6202830188679245,0.536734693877551
0.6202830188679245,0.5371000680735194
0.6202830188679245,0.5374659400544959
0.6202830188679245,0.5378323108384458
0.6202830188679245,0.5381991814461119
0.6202830188679245,0.5385665529010238
0.6202830188679245,0.5389344262295082
0.6202830188679245,0.5393028024606972
0.6202830188679245,0.539671682626539
0.6194968553459119,0.5393566050650239
0.6194968553459119,0.5397260273972603
0.6194968553459119,0.5400959561343386
0.6194968553459119,0.5404663923182441
0.6194968553459119,0.540837336993823
0.6194968553459119,0.5412087912087912
0.6194968553459119,0.5415807560137457
0.6194968553459119,0.5419532324621733
0.6194968553459119,0.5423262216104611
0.6187106918238994,0.5420110192837465
0.6187106918238994,0.5423845623707788
0.6187106918238994,0.5427586206896552
0.6179245283018868,0.5424430641821946
0.6179245283018868,0.5428176795580111
0.6179245283018868,0.5431928127159641
0.6179245283018868,0.5435684647302904
0.6179245283018868,0.5439446366782007
0.6179245283018868,0.5443213296398892
0.6179245283018868,0.5446985446985447
0.6179245283018868,0.5450762829403606
0.6179245283018868,0.5454545454545454
0.6179245283018868,0.5458333333333333
0.6179245283018868,0.5462126476719944
0.6171383647798742,0.5458970792767733
0.6171383647798742,0.546276965901183
0.6171383647798742,0.5466573816155988
0.6171383647798742,0.5470383275261324
0.6163522012578616,0.5467224546722455
0.6163522012578616,0.5471039776692254
0.6163522012578616,0.547486033519553
0.6155660377358491,0.5471698113207547
0.6155660377358491,0.5475524475524476
0.6147798742138365,0.5472358292512246
0.6147798742138365,0.5476190476190477
0.6147798742138365,0.5480028030833918
0.6147798742138365,0.5483870967741935
0.6147798742138365,0.5487719298245614
0.6139937106918238,0.5484550561797753
0.6139937106918238,0.5488404778636683
0.6132075471698113,0.5485232067510548
0.6132075471698113,0.5489092188599578
0.6132075471698113,0.5492957746478874
0.6132075471698113,0.5496828752642706
0.6132075471698113,0.5500705218617772
0.6132075471698113,0.5504587155963303
0.6124213836477987,0.5501412429378532
0.6124213836477987,0.550530035335689
0.6124213836477987,0.5509193776520509
0.6116352201257862,0.5506015569709837
0.6108490566037735,0.5502832861189801
0.610062893081761,0.5499645641389086
0.610062893081761,0.550354609929078
0.6092767295597484,0.5500354861603974
0.6084905660377359,0.5497159090909091
0.6084905660377359,0.5501066098081023
0.6084905660377359,0.55049786628734
0.6084905660377359,0.5508896797153024
0.6084905660377359,0.5512820512820513
0.6077044025157232,0.5509622238061297
0.6077044025157232,0.551355206847361
0.6077044025157232,0.5517487508922199
0.6069182389937107,0.5514285714285714
0.6069182389937107,0.5518227305218013
0.6069182389937107,0.5522174535050072
0.6069182389937107,0.5526127415891195
0.6069182389937107,0.5530085959885387
0.6069182389937107,0.5534050179211469
0.6069182389937107,0.5538020086083214
0.6069182389937107,0.5541995692749462
0.6069182389937107,0.5545977011494253
0.6069182389937107,0.5549964054636952
0.6069182389937107,0.5553956834532374
0.6061320754716981,0.5550755939524838
0.6053459119496856,0.5547550432276657
0.6053459119496856,0.555155010814708
0.6053459119496856,0.5555555555555556
0.6053459119496856,0.555956678700361
0.6053459119496856,0.5563583815028902
0.6045597484276729,0.5560375994215474
0.6045597484276729,0.5564399421128798
0.6045597484276729,0.556842867487328
0.6045597484276729,0.5572463768115942
0.6045597484276729,0.5576504713560552
0.6045597484276729,0.558055152394775
0.6045597484276729,0.5584604212055192
0.6037735849056604,0.5581395348837209
0.6037735849056604,0.5585454545454546
0.6029874213836478,0.5582241630276564
0.6029874213836478,0.5586307356154406
0.6029874213836478,0.5590379008746356
0.6029874213836478,0.5594456601021153
0.6029874213836478,0.5598540145985401
0.6029874213836478,0.5602629656683711
0.6029874213836478,0.560672514619883
0.6029874213836478,0.5610826627651793
0.6029874213836478,0.5614934114202049
0.6029874213836478,0.5619047619047619
0.6029874213836478,0.5623167155425219
0.6029874213836478,0.5627292736610419
0.6029874213836478,0.5631424375917768
0.6029874213836478,0.5635562086700955
0.6029874213836478,0.5639705882352941
0.6029874213836478,0.5643855776306107
0.6029874213836478,0.56480117820324
0.6029874213836478,0.5652173913043478
0.6022012578616353,0.5648967551622419
0.6022012578616353,0.5653136531365314
0.6022012578616353,0.5657311669128509
0.6022012578616353,0.5661492978566149
0.6022012578616353,0.5665680473372781
0.6022012578616353,0.5669874167283494
0.6022012578616353,0.5674074074074074
0.6014150943396226,0.5670867309117865
0.6014150943396226,0.5675074183976261
0.60062893081761,0.5671863400148478
0.60062893081761,0.5676077265973254
0.5998427672955975,0.5672862453531599
0.5990566037735849,0.5669642857142857
0.5982704402515723,0.5666418466120625
0.5982704402515723,0.5670640834575261
0.5982704402515723,0.5674869500372856
0.5982704402515723,0.567910447761194
0.5982704402515723,0.5683345780433159
0.5974842767295597,0.5680119581464873
0.5974842767295597,0.5684367988032909
0.5966981132075472,0.5681137724550899
0.5966981132075472,0.5685393258426966
0.5966981132075472,0.5689655172413793
0.5966981132075472,0.5693923480870218
0.5959119496855346,0.5690690690690691
0.5959119496855346,0.569496619083396
0.5959119496855346,0.5699248120300752
0.5959119496855346,0.5703536493604213
0.595125786163522,0.5700301204819277
0.595125786163522,0.5704596834966089
0.595125786163522,0.5708898944193062
0.595125786163522,0.5713207547169812
0.595125786163522,0.5717522658610272
0.5943396226415094,0.5714285714285714
0.5943396226415094,0.5718608169440242
0.5935534591194969,0.5715367146101439
0.5927672955974843,0.5712121212121212
0.5919811320754716,0.5708870356330553
0.5919811320754716,0.571320182094082
0.5919811320754716,0.571753986332574
0.5919811320754716,0.5721884498480243
0.5911949685534591,0.5718631178707224
0.5904088050314465,0.571537290715373
0.5904088050314465,0.571972581873572
0.5904088050314465,0.5724085365853658
0.5904088050314465,0.5728451563691839
0.5904088050314465,0.5732824427480916
0.5904088050314465,0.573720397249809
0.5904088050314465,0.5741590214067278
0.5904088050314465,0.5745983167559297
0.589622641509434,0.5742725880551302
0.589622641509434,0.5747126436781609
0.5888364779874213,0.5743865030674846
0.5888364779874213,0.5748273215656178
0.5888364779874213,0.5752688172043011
0.5888364779874213,0.5757109915449654
0.5888364779874213,0.5761538461538461
0.5880503144654088,0.5758275596612779
0.5880503144654088,0.576271186440678
0.5880503144654088,0.5767154973014649
0.5880503144654088,0.5771604938271605
0.5880503144654088,0.5776061776061776
0.5872641509433962,0.5772797527047914
0.5872641509433962,0.5777262180974478
0.5872641509433962,0.5781733746130031
0.5872641509433962,0.5786212238574748
0.5864779874213837,0.5782945736434109
0.585691823899371,0.5779674166020171
0.5849056603773585,0.577639751552795
0.5849056603773585,0.578088578088578
0.5849056603773585,0.578538102643857
0.5849056603773585,0.5789883268482491
0.5849056603773585,0.5794392523364486
0.5841194968553459,0.5791114575214341
0.5841194968553459,0.5795631825273011
0.5841194968553459,0.580015612802498
0.5841194968553459,0.58046875
0.5841194968553459,0.5809225957779516
0.5841194968553459,0.581377151799687
0.5833333333333334,0.5810493343774471
0.5825471698113207,0.5807210031347962
0.5825471698113207,0.5811764705882353
0.5825471698113207,0.5816326530612245
0.5825471698113207,0.582089552238806
0.5825471698113207,0.5825471698113207
0.5817610062893082,0.5822187254130606
0.5817610062893082,0.5826771653543307
0.5817610062893082,0.5831363278171788
0.5809748427672956,0.582807570977918
0.5809748427672956,0.5832675611681136
0.5801886792452831,0.5829383886255924
0.5801886792452831,0.583399209486166
0.5794025157232704,0.5830696202531646
0.5794025157232704,0.5835312747426762
0.5794025157232704,0.5839936608557845
0.5794025157232704,0.584456780333069
0.5794025157232704,0.584920634920635
0.5794025157232704,0.585385226370135
0.5794025157232704,0.5858505564387917
0.5794025157232704,0.5863166268894192
0.5786163522012578,0.5859872611464968
0.5786163522012578,0.5864541832669322
0.5786163522012578,0.5869218500797448
0.5786163522012578,0.587390263367917
0.5786163522012578,0.5878594249201278
0.5786163522012578,0.5883293365307753
0.5786163522012578,0.5888
0.5786163522012578,0.589271417133707
0.5786163522012578,0.5897435897435898
0.5786163522012578,0.5902165196471532
0.5786163522012578,0.5906902086677368
0.5786163522012578,0.5911646586345382
0.5778301886792453,0.5908360128617364
0.5778301886792453,0.5913113435237329
0.5778301886792453,0.5917874396135265
0.5778301886792453,0.5922643029814666
0.5778301886792453,0.592741935483871
0.5770440251572327,0.5924132364810331
0.5770440251572327,0.592891760904685
0.5770440251572327,0.5933710590137429
0.5770440251572327,0.5938511326860841
0.5770440251572327,0.594331983805668
0.5762578616352201,0.5940032414910859
0.5762578616352201,0.5944849959448499
0.5762578616352201,0.5949675324675324
0.5762578616352201,0.595450852965069
0.5754716981132075,0.5951219512195122
0.574685534591195,0.5947925142392189
0.574685534591195,0.5952768729641694
0.574685534591195,0.5957620211898941
0.574685534591195,0.5962479608482871
0.574685534591195,0.5967346938775511
0.574685534591195,0.5972222222222222
0.5738993710691824,0.5968928863450531
0.5738993710691824,0.5973813420621932
0.5731132075471698,0.597051597051597
0.5731132075471698,0.5975409836065574
0.5731132075471698,0.5980311730926989
0.5731132075471698,0.5985221674876847
0.5723270440251572,0.5981922760887428
0.5723270440251572,0.5986842105263158
0.5723270440251572,0.5991769547325103
0.5723270440251572,0.5996705107084019
0.5723270440251572,0.6001648804616653
0.5723270440251572,0.6006600660066007
0.5723270440251572,0.6011560693641619
0.5715408805031447,0.6008264462809917
0.5707547169811321,0.6004962779156328
0.5707547169811321,0.6009933774834437
0.5707547169811321,0.6014913007456504
0.5707547169811321,0.6019900497512438
0.5699685534591195,0.6016597510373444
0.5699685534591195,0.6021594684385382
0.5691823899371069,0.6018287614297589
0.5691823899371069,0.6023294509151415
0.5691823899371069,0.6028309741881765
0.5691823899371069,0.6033333333333334
0.5691823899371069,0.603836530442035
0.5691823899371069,0.6043405676126878
0.5691823899371069,0.6048454469507101
0.5691823899371069,0.6053511705685619
0.5691823899371069,0.605857740585774
0.5691823899371069,0.6063651591289783
0.5683962264150944,0.606035205364627
0.5683962264150944,0.6065436241610739
0.5683962264150944,0.6070528967254408
0.5676100628930818,0.6067226890756302
0.5668238993710691,0.6063919259882254
0.5660377358490566,0.6060606060606061
0.5660377358490566,0.6065711878685762
0.5660377358490566,0.6070826306913997
0.5660377358490566,0.6075949367088608
0.5660377358490566,0.6081081081081081
0.5660377358490566,0.6086221470836856
0.5660377358490566,0.6091370558375635
0.5660377358490566,0.6096528365791702
0.5660377358490566,0.6101694915254238
0.5660377358490566,0.6106870229007634
0.5660377358490566,0.6112054329371817
0.5660377358490566,0.6117247238742566
0.5660377358490566,0.6122448979591837
0.5660377358490566,0.6127659574468085
0.5660377358490566,0.6132879045996593
0.5660377358490566,0.6138107416879796
0.565251572327044,0.613481228668942
0.565251572327044,0.61400512382579
0.565251572327044,0.6145299145299146
0.565251572327044,0.6150556030795552
0.565251572327044,0.615582191780822
0.565251572327044,0.6161096829477292
0.5644654088050315,0.6157804459691252
0.5644654088050315,0.6163090128755365
0.5644654088050315,0.6168384879725086
0.5644654088050315,0.6173688736027515
0.5636792452830188,0.617039586919105
0.5636792452830188,0.6175710594315246
0.5636792452830188,0.618103448275862
0.5628930817610063,0.6177739430543572
0.5628930817610063,0.6183074265975821
0.5621069182389937,0.6179775280898876
0.5621069182389937,0.6185121107266436
0.5621069182389937,0.6190476190476191
0.5621069182389937,0.6195840554592721
0.5613207547169812,0.619254119687771
0.5605345911949685,0.6189236111111112
0.5605345911949685,0.6194613379669852
0.5605345911949685,0.62
0.5605345911949685,0.6205395996518712
0.5605345911949685,0.6210801393728222
0.5605345911949685,0.6216216216216216
0.5605345911949685,0.6221640488656196
0.559748427672956,0.6218340611353712
0.559748427672956,0.6223776223776224
0.559748427672956,0.6229221347331584
0.559748427672956,0.6234676007005254
0.5589622641509434,0.6231375985977213
0.5589622641509434,0.6236842105263158
0.5589622641509434,0.6242317822651449
0.5589622641509434,0.624780316344464
0.5589622641509434,0.6253298153034301
0.5581761006289309,0.625
0.5581761006289309,0.6255506607929515
0.5581761006289309,0.6261022927689595
0.5581761006289309,0.6266548984995587
0.5581761006289309,0.627208480565371
0.5581761006289309,0.627763041556145
0.5573899371069182,0.6274336283185841
0.5573899371069182,0.6279893711248893
0.5573899371069182,0.6285460992907801
0.5573899371069182,0.6291038154392191
0.5566037735849056,0.6287744227353463
0.5558176100628931,0.6284444444444445
0.5558176100628931,0.6290035587188612
0.5558176100628931,0.6295636687444346
0.5558176100628931,0.6301247771836007
0.5558176100628931,0.6306868867082962
0.5558176100628931,0.63125
0.5558176100628931,0.6318141197497766
0.5558176100628931,0.6323792486583184
0.5558176100628931,0.6329453894359892
0.5558176100628931,0.6335125448028673
0.5550314465408805,0.6331838565022422
0.5550314465408805,0.6337522441651705
0.5550314465408805,0.6343216531895777
0.5542452830188679,0.6339928057553957
0.5542452830188679,0.6345634563456346
0.5542452830188679,0.6351351351351351
0.5542452830188679,0.6357078449053201
0.5542452830188679,0.6362815884476535
0.5542452830188679,0.6368563685636857
0.5542452830188679,0.6374321880650995
0.5542452830188679,0.6380090497737556
0.5542452830188679,0.6385869565217391
0.5534591194968553,0.6382592928377153
0.5534591194968553,0.6388384754990926
0.5534591194968553,0.6394187102633969
0.5534591194968553,0.64
0.5526729559748428,0.6396724294813467
0.5518867924528302,0.639344262295082
0.5518867924528302,0.6399270738377393
0.5518867924528302,0.6405109489051095
0.5511006289308176,0.6401826484018265
0.5511006289308176,0.6407678244972578
0.5511006289308176,0.6413540713632205
0.5511006289308176,0.641941391941392
0.550314465408805,0.6416131989000916
0.5495283018867925,0.6412844036697247
0.5487421383647799,0.6409550045913682
0.5479559748427673,0.640625
0.5479559748427673,0.641214351425943
0.5479559748427673,0.641804788213628
0.5479559748427673,0.6423963133640553
0.5471698113207547,0.6420664206642066
0.5463836477987422,0.641735918744229
0.5455974842767296,0.6414048059149723
0.5455974842767296,0.6419981498612396
0.5455974842767296,0.6425925925925926
0.5455974842767296,0.6431881371640408
0.5448113207547169,0.6428571428571429
0.5440251572327044,0.6425255338904364
0.5440251572327044,0.6431226765799256
0.5440251572327044,0.6437209302325582
0.5432389937106918,0.6433891992551211
0.5432389937106918,0.6439888164026095
0.5432389937106918,0.644589552238806
0.5424528301886793,0.6442577030812325
0.5416666666666666,0.6439252336448598
0.5416666666666666,0.6445275958840038
0.5408805031446541,0.6441947565543071
0.5408805031446541,0.6447985004686035
0.5408805031446541,0.6454033771106942
0.5408805031446541,0.6460093896713615
0.5408805031446541,0.6466165413533834
0.5400943396226415,0.6462841015992474
0.5400943396226415,0.6468926553672316
0.539308176100629,0.646559849198869
0.5385220125786163,0.6462264150943396
0.5385220125786163,0.6468366383380547
0.5385220125786163,0.6474480151228733
0.5377358490566038,0.6471144749290445
0.5369496855345912,0.646780303030303
0.5361635220125787,0.6464454976303318
0.5361635220125787,0.6470588235294118
0.5361635220125787,0.647673314339981
0.5361635220125787,0.6482889733840305
0.5361635220125787,0.6489058039961941
0.535377358490566,0.6485714285714286
0.5345911949685535,0.6482364156339371
0.5345911949685535,0.648854961832061
0.5338050314465409,0.6485195797516714
0.5338050314465409,0.6491395793499044
0.5338050314465409,0.6497607655502392
0.5330188679245284,0.6494252873563219
0.5330188679245284,0.6500479386385427
0.5330188679245284,0.6506717850287908
0.5322327044025157,0.6503362151777138
0.5322327044025157,0.6509615384615385
0.5314465408805031,0.6506256015399422
0.5314465408805031,0.651252408477842
0.5314465408805031,0.6518804243008679
0.5306603773584906,0.6515444015444015
0.5306603773584906,0.6521739130434783
0.5306603773584906,0.6528046421663443
0.5306603773584906,0.6534365924491772
0.529874213836478,0.6531007751937985
0.5290880503144654,0.6527643064985451
0.5290880503144654,0.6533980582524271
0.5290880503144654,0.6540330417881438
0.5290880503144654,0.6546692607003891
0.5290880503144654,0.6553067185978578
0.5290880503144654,0.6559454191033138
0.5290880503144654,0.6565853658536586
0.5283018867924528,0.65625
0.5275157232704403,0.6559139784946236
0.5267295597484277,0.6555772994129159
0.5259433962264151,0.6552399608227228
0.5259433962264151,0.6558823529411765
0.5259433962264151,0.6565260058881256
0.5259433962264151,0.6571709233791748
0.5259433962264151,0.6578171091445427
0.5259433962264151,0.6584645669291339
0.5251572327044025,0.6581280788177339
0.5251572327044025,0.6587771203155819
0.5251572327044025,0.6594274432379073
0.5251572327044025,0.6600790513833992
0.5251572327044025,0.6607319485657764
0.5251572327044025,0.6613861386138614
0.5251572327044025,0.6620416253716551
0.5251572327044025,0.6626984126984127
0.5251572327044025,0.663356504468719
0.52437106918239,0.6630218687872763
0.52437106918239,0.663681592039801
0.52437106918239,0.6643426294820717
0.52437106918239,0.6650049850448654
0.5235849056603774,0.6646706586826348
0.5235849056603774,0.6653346653346653
0.5235849056603774,0.666
0.5235849056603774,0.6666666666666666
0.5235849056603774,0.6673346693386774
0.5235849056603774,0.6680040120361084
0.5235849056603774,0.6686746987951807
0.5235849056603774,0.6693467336683417
0.5227987421383647,0.6690140845070423
0.5227987421383647,0.6696878147029205
0.5220125786163522,0.6693548387096774
0.5220125786163522,0.6700302724520686
0.5212264150943396,0.6696969696969697
0.5212264150943396,0.6703741152679474
0.5204402515723271,0.6700404858299596
0.5204402515723271,0.6707193515704154
0.5204402515723271,0.6713995943204868
0.5204402515723271,0.6720812182741117
0.5204402515723271,0.6727642276422764
0.5204402515723271,0.6734486266531028
0.5204402515723271,0.6741344195519349
0.5196540880503144,0.6738022426095821
0.5196540880503144,0.6744897959183673
0.5196540880503144,0.6751787538304392
0.5196540880503144,0.6758691206543967
0.5188679245283019,0.6755373592630501
0.5188679245283019,0.6762295081967213
0.5188679245283019,0.676923076923077
0.5188679245283019,0.6776180698151951
0.5188679245283019,0.6783144912641316
0.5180817610062893,0.6779835390946503
0.5180817610062893,0.678681771369722
0.5180817610062893,0.6793814432989691
0.5180817610062893,0.6800825593395253
0.5172955974842768,0.6797520661157025
0.5172955974842768,0.6804550155118925
0.5172955974842768,0.6811594202898551
0.5172955974842768,0.6818652849740933
0.5172955974842768,0.6825726141078838
0.5172955974842768,0.6832814122533749
0.5172955974842768,0.683991683991684
0.5172955974842768,0.6847034339229969
0.5165094339622641,0.684375
0.5157232704402516,0.6840458811261731
0.5157232704402516,0.6847599164926931
0.514937106918239,0.6844305120167189
0.514937106918239,0.6851464435146444
0.514937106918239,0.6858638743455497
0.5141509433962265,0.6855345911949685
0.5133647798742138,0.6852046169989506
0.5133647798742138,0.6859243697478992
0.5125786163522013,0.6855941114616193
0.5117924528301887,0.6852631578947368
0.5117924528301887,0.6859852476290832
0.5117924528301887,0.6867088607594937
0.5117924528301887,0.6874340021119324
0.5110062893081762,0.6871035940803383
0.5110062893081762,0.6878306878306878
0.5102201257861635,0.6875
0.5094339622641509,0.6871686108165429
0.5094339622641509,0.6878980891719745
0.5086477987421384,0.6875664187035069
0.5086477987421384,0.6882978723404255
0.5086477987421384,0.6890308839190629
0.5086477987421384,0.6897654584221748
0.5086477987421384,0.6905016008537886
0.5078616352201258,0.6901709401709402
0.5070754716981132,0.6898395721925134
0.5070754716981132,0.6905781584582441
0.5062893081761006,0.6902465166130761
0.5062893081761006,0.6909871244635193
0.5055031446540881,0.6906552094522019
0.5055031446540881,0.6913978494623656
0.5047169811320755,0.6910656620021528
0.5039308176100629,0.6907327586206896
0.5031446540880503,0.6903991370010788
0.5023584905660378,0.6900647948164147
0.5023584905660378,0.6908108108108109
0.5023584905660378,0.6915584415584416
0.5015723270440252,0.6912242686890574
0.5015723270440252,0.6919739696312365
0.5015723270440252,0.6927252985884907
0.5007861635220126,0.6923913043478261
0.5007861635220126,0.6931447225244831
0.5007861635220126,0.6938997821350763
0.5007861635220126,0.6946564885496184
0.5007861635220126,0.6954148471615721
0.5007861635220126,0.6961748633879782
0.5,0.6958424507658644
0.4992138364779874,0.6955093099671413
0.4992138364779874,0.6962719298245614
0.49842767295597484,0.6959385290889133
0.49842767295597484,0.6967032967032967
0.49842767295597484,0.6974697469746974
0.49842767295597484,0.698237885462555
0.49842767295597484,0.6990077177508269
0.49842767295597484,0.6997792494481236
0.49842767295597484,0.7005524861878453
0.49764150943396224,0.7002212389380531
0.4968553459119497,0.6998892580287929
0.4968553459119497,0.7006651884700665
0.4960691823899371,0.7003329633740288
0.4960691823899371,0.7011111111111111
0.4960691823899371,0.7018909899888766
0.4960691823899371,0.7026726057906458
0.4960691823899371,0.7034559643255296
0.4960691823899371,0.7042410714285714
0.49528301886792453,0.7039106145251397
0.49528301886792453,0.7046979865771812
0.49528301886792453,0.7054871220604704
0.49528301886792453,0.7062780269058296
0.49528301886792453,0.7070707070707071
0.49528301886792453,0.7078651685393258
0.4944968553459119,0.7075365579302587
0.4944968553459119,0.7083333333333334
0.4944968553459119,0.7091319052987599
0.4944968553459119,0.7099322799097065
0.4944968553459119,0.7107344632768362
0.4937106918238994,0.7104072398190046
0.49292452830188677,0.710079275198188
0.49292452830188677,0.7108843537414966
0.4921383647798742,0.7105561861520999
0.4921383647798742,0.7113636363636363
0.4921383647798742,0.7121729237770194
0.4921383647798742,0.7129840546697038
0.4921383647798742,0.7137970353477765
0.4913522012578616,0.7134703196347032
0.49056603773584906,0.7131428571428572
0.49056603773584906,0.7139588100686499
0.49056603773584906,0.7147766323024055
0.49056603773584906,0.7155963302752294
0.48977987421383645,0.7152698048220436
0.48977987421383645,0.7160919540229885
0.48977987421383645,0.716915995397008
0.48977987421383645,0.717741935483871
0.48977987421383645,0.7185697808535179
0.48977987421383645,0.7193995381062356
0.48977987421383645,0.7202312138728324
0.48977987421383645,0.7210648148148148
0.48977987421383645,0.7219003476245655
0.4889937106918239,0.7215777262180975
0.4889937106918239,0.7224157955865272
0.4882075471698113,0.7220930232558139
0.4882075471698113,0.7229336437718277
0.48742138364779874,0.7226107226107226
0.48742138364779874,0.7234539089848308
0.48663522012578614,0.7231308411214953
0.48663522012578614,0.7239766081871345
0.48663522012578614,0.724824355971897
0.48663522012578614,0.7256740914419695
0.4858490566037736,0.7253521126760564
0.4858490566037736,0.7262044653349001
0.485062893081761,0.7258823529411764
0.48427672955974843,0.7255594817432274
0.48427672955974843,0.7264150943396226
0.4834905660377358,0.7260920897284534
0.4834905660377358,0.7269503546099291
0.4834905660377358,0.727810650887574
0.4834905660377358,0.7286729857819905
0.4834905660377358,0.7295373665480427
0.4827044025157233,0.7292161520190024
0.4827044025157233,0.7300832342449465
0.48191823899371067,0.7297619047619047
0.48191823899371067,0.7306317044100119
0.48191823899371067,0.7315035799522673
0.48191823899371067,0.7323775388291517
0.48191823899371067,0.7332535885167464
0.48191823899371067,0.7341317365269461
0.48191823899371067,0.7350119904076738
0.48191823899371067,0.7358943577430972
0.48191823899371067,0.7367788461538461
0.48191823899371067,0.7376654632972323
0.48191823899371067,0.7385542168674699
0.4811320754716981,0.738238841978287
0.4811320754716981,0.7391304347826086
0.4811320754716981,0.7400241837968561
0.4803459119496855,0.7397094430992736
0.4803459119496855,0.7406060606060606
0.4803459119496855,0.741504854368932
0.4803459119496855,0.7424058323207776
0.4803459119496855,0.7433090024330901
0.47955974842767296,0.7429963459196103
0.47955974842767296,0.7439024390243902
0.47955974842767296,0.7448107448107448
0.47877358490566035,0.7444987775061125
0.47877358490566035,0.7454100367197063
0.47877358490566035,0.7463235294117647
0.47877358490566035,0.747239263803681
0.4779874213836478,0.7469287469287469
0.4779874213836478,0.7478474784747847
0.4772012578616352,0.7475369458128078
0.4772012578616352,0.7484586929716399
0.4772012578616352,0.7493827160493827
0.47641509433962265,0.7490729295426453
0.47641509433962265,0.75
0.47641509433962265,0.7509293680297398
0.47641509433962265,0.7518610421836228
0.47641509433962265,0.7527950310559006
0.47562893081761004,0.7524875621890548
0.47562893081761004,0.7534246575342466
0.4748427672955975,0.7531172069825436
0.4748427672955975,0.7540574282147315
0.4740566037735849,0.75375
0.4740566037735849,0.7546933667083855
0.4740566037735849,0.7556390977443609
0.47327044025157233,0.7553324968632371
0.4724842767295597,0.7550251256281407
0.4716981132075472,0.7547169811320755
0.47091194968553457,0.7544080604534005
0.47091194968553457,0.755359394703657
0.47091194968553457,0.7563131313131313
0.47091194968553457,0.7572692793931732
0.470125786163522,0.7569620253164557
0.4693396226415094,0.7566539923954373
0.46855345911949686,0.7563451776649747
0.46855345911949686,0.7573062261753494
0.46855345911949686,0.7582697201017812
0.46776729559748426,0.7579617834394905
0.4669811320754717,0.7576530612244898
0.4661949685534591,0.7573435504469987
0.4661949685534591,0.7583120204603581
0.4661949685534591,0.7592829705505761
0.4661949685534591,0.7602564102564102
0.4661949685534591,0.7612323491655969
0.46540880503144655,0.7609254498714653
0.46540880503144655,0.7619047619047619
0.46462264150943394,0.7615979381443299
0.4638364779874214,0.7612903225806451
0.4638364779874214,0.7622739018087855
0.4630503144654088,0.7619663648124192
0.4630503144654088,0.7629533678756477
0.46226415094339623,0.7626459143968871
0.46147798742138363,0.7623376623376623
0.46147798742138363,0.7633289986996099
0.46147798742138363,0.7643229166666666
0.46147798742138363,0.7653194263363755
0.46147798742138363,0.7663185378590078
0.46147798742138363,0.7673202614379085
0.4606918238993711,0.7670157068062827
0.4606918238993711,0.7680209698558322
0.45990566037735847,0.7677165354330708
0.4591194968553459,0.7674113009198423
0.4583333333333333,0.7671052631578947
0.4583333333333333,0.7681159420289855
0.45754716981132076,0.7678100263852242
0.45754716981132076,0.7688243064729194
0.45754716981132076,0.7698412698412699
0.45754716981132076,0.7708609271523179
0.45676100628930816,0.7705570291777188
0.45676100628930816,0.7715803452855245
0.45676100628930816,0.7726063829787234
0.45676100628930816,0.7736351531291611
0.45676100628930816,0.7746666666666666
0.45676100628930816,0.7757009345794392
0.4559748427672956,0.7754010695187166
0.4559748427672956,0.7764390896921017
0.455188679245283,0.7761394101876675
0.455188679245283,0.7771812080536913
0.45440251572327045,0.7768817204301075
0.45361635220125784,0.7765814266487214
0.45361635220125784,0.7776280323450134
0.4528301886792453,0.7773279352226721
0.4520440251572327,0.777027027027027
0.4520440251572327,0.7780784844384303
0.45125786163522014,0.7777777777777778
0.45047169811320753,0.7774762550881954
0.45047169811320753,0.7785326086956522
0.45047169811320753,0.7795918367346939
0.449685534591195,0.779291553133515
0.449685534591195,0.7803547066848567
0.449685534591195,0.7814207650273224
0.4488993710691824,0.7811217510259918
0.4481132075471698,0.7808219178082192
0.4481132075471698,0.7818930041152263
0.4481132075471698,0.782967032967033
0.4481132075471698,0.7840440165061898
0.4473270440251572,0.7837465564738292
0.44654088050314467,0.783448275862069
0.44654088050314467,0.7845303867403315
0.44575471698113206,0.7842323651452282
0.4449685534591195,0.7839335180055401
0.4449685534591195,0.7850208044382802
0.4441823899371069,0.7847222222222222
0.4441823899371069,0.7858136300417247
0.4441823899371069,0.786908077994429
0.44339622641509435,0.7866108786610879
0.44261006289308175,0.7863128491620112
0.4418238993710692,0.786013986013986
0.4410377358490566,0.7857142857142857
0.44025157232704404,0.7854137447405329
0.43946540880503143,0.7851123595505618
0.4386792452830189,0.7848101265822784
0.4378930817610063,0.7845070422535211
0.4371069182389937,0.7842031029619182
0.4371069182389937,0.7853107344632768
0.4363207547169811,0.785007072135785
0.43553459119496857,0.7847025495750708
0.43474842767295596,0.7843971631205674
0.43474842767295596,0.7855113636363636
0.4339622641509434,0.7852062588904695
0.4339622641509434,0.7863247863247863
0.4331761006289308,0.7860199714693296
0.4331761006289308,0.7871428571428571
0.43238993710691825,0.7868383404864091
0.43238993710691825,0.7879656160458453
0.43160377358490565,0.787661406025825
0.43160377358490565,0.7887931034482759
0.43160377358490565,0.7899280575539568
0.43160377358490565,0.7910662824207493
0.4308176100628931,0.7907647907647908
0.4300314465408805,0.7904624277456648
0.42924528301886794,0.7901591895803184
0.42924528301886794,0.7913043478260869
0.42924528301886794,0.7924528301886793
0.42924528301886794,0.7936046511627907
0.42845911949685533,0.7933042212518195
0.4276729559748428,0.793002915451895
0.4276729559748428,0.7941605839416058
0.4268867924528302,0.793859649122807
0.4268867924528302,0.7950219619326501
0.4261006289308176,0.7947214076246334
0.425314465408805,0.7944199706314243
0.425314465408805,0.7955882352941176
0.425314465408805,0.7967599410898379
0.425314465408805,0.7979351032448377
0.425314465408805,0.7991137370753324
0.42452830188679247,0.7988165680473372
0.42374213836477986,0.7985185185185185
0.4229559748427673,0.798219584569733
0.4221698113207547,0.7979197622585439
0.42138364779874216,0.7976190476190477
0.42059748427672955,0.797317436661699
0.42059748427672955,0.7985074626865671
0.419811320754717,0.7982062780269058
0.4190251572327044,0.7979041916167665
0.41823899371069184,0.7976011994002998
0.41823899371069184,0.7987987987987988
0.41745283018867924,0.7984962406015037
0.4166666666666667,0.7981927710843374
0.4166666666666667,0.799396681749623
0.4166666666666667,0.8006042296072508
0.4166666666666667,0.8018154311649016
0.4166666666666667,0.803030303030303
0.4158805031446541,0.802731411229135
0.4158805031446541,0.8039513677811551
0.41509433962264153,0.8036529680365296
0.4143081761006289,0.8033536585365854
0.4143081761006289,0.8045801526717558
0.4143081761006289,0.8058103975535168
0.4143081761006289,0.8070444104134763
0.41352201257861637,0.8067484662576687
0.41352201257861637,0.8079877112135176
0.41273584905660377,0.8076923076923077
0.4119496855345912,0.8073959938366718
0.4111635220125786,0.8070987654320988
0.4111635220125786,0.8083462132921174
0.4111635220125786,0.8095975232198143
0.4111635220125786,0.8108527131782945
0.41037735849056606,0.8105590062111802
0.41037735849056606,0.8118195956454122
0.41037735849056606,0.8130841121495327
0.41037735849056606,0.8143525741029641
0.40959119496855345,0.8140625
0.40959119496855345,0.8153364632237872
0.40959119496855345,0.8166144200626959
0.4088050314465409,0.8163265306122449
0.4080188679245283,0.8160377358490566
0.4080188679245283,0.8173228346456692
0.4080188679245283,0.8186119873817035
0.4080188679245283,0.8199052132701422
0.4080188679245283,0.8212025316455697
0.40723270440251574,0.820919175911252
0.40644654088050314,0.8206349206349206
0.4056603773584906,0.8203497615262321
0.4056603773584906,0.821656050955414
0.4056603773584906,0.8229665071770335
0.4056603773584906,0.8242811501597445
0.4056603773584906,0.8256
0.404874213836478,0.8253205128205128
0.404874213836478,0.826645264847512
0.404874213836478,0.8279742765273312
0.404874213836478,0.8293075684380032
0.40408805031446543,0.8290322580645161
0.40408805031446543,0.8303715670436187
0.40408805031446543,0.8317152103559871
0.40408805031446543,0.833063209076175
0.4033018867924528,0.8327922077922078
0.4025157232704403,0.832520325203252
0.4025157232704403,0.8338762214983714
0.4025157232704403,0.835236541598695
0.40172955974842767,0.8349673202614379
0.40172955974842767,0.8363338788870703
0.4009433962264151,0.8360655737704918
0.4001572327044025,0.8357963875205254
0.4001572327044025,0.837171052631579
0.39937106918238996,0.8369028006589786
0.39858490566037735,0.8366336633663366
0.3977987421383648,0.8363636363636363
0.3970125786163522,0.8360927152317881
0.39622641509433965,0.835820895522388
0.39622641509433965,0.8372093023255814
0.39622641509433965,0.8386023294509152
0.39544025157232704,0.8383333333333334
0.3946540880503145,0.8380634390651085
0.3938679245283019,0.8377926421404682
0.39308176100628933,0.8375209380234506
0.3922955974842767,0.837248322147651
0.3922955974842767,0.838655462184874
0.3915094339622642,0.8383838383838383
0.3915094339622642,0.8397976391231029
0.39072327044025157,0.839527027027027
0.39072327044025157,0.8409475465313029
0.389937106918239,0.8406779661016949
0.3891509433962264,0.8404074702886248
0.3891509433962264,0.8418367346938775
0.3891509433962264,0.8432708688245315
0.38836477987421386,0.8430034129692833
0.38836477987421386,0.8444444444444444
0.38836477987421386,0.8458904109589042
0.38757861635220126,0.8456260720411664
0.3867924528301887,0.845360824742268
0.3860062893081761,0.8450946643717728
0.3860062893081761,0.846551724137931
0.38522012578616355,0.846286701208981
0.38443396226415094,0.8460207612456747
0.3836477987421384,0.8457538994800693
0.3828616352201258,0.8454861111111112
0.38207547169811323,0.8452173913043478
0.3812893081761006,0.8449477351916377
0.3805031446540881,0.8446771378708552
0.37971698113207547,0.8444055944055944
0.37971698113207547,0.8458844133099825
0.3789308176100629,0.8456140350877193
0.3789308176100629,0.8471001757469244
0.3789308176100629,0.8485915492957746
0.3781446540880503,0.8483245149911817
0.37735849056603776,0.8480565371024735
0.37657232704402516,0.8477876106194691
0.3757861635220126,0.8475177304964538
0.375,0.8472468916518651
0.3742138364779874,0.8469750889679716
0.37342767295597484,0.8467023172905526
0.37264150943396224,0.8464285714285714
0.37264150943396224,0.8479427549194991
0.37264150943396224,0.8494623655913979
0.3718553459119497,0.8491921005385996
0.3710691823899371,0.8489208633093526
0.37028301886792453,0.8486486486486486
0.3694968553459119,0.8483754512635379
0.3687106918238994,0.8481012658227848
0.3687106918238994,0.8496376811594203
0.36792452830188677,0.8493647912885662
0.36792452830188677,0.850909090909091
0.3671383647798742,0.8506375227686703
0.3671383647798742,0.8521897810218978
0.3671383647798742,0.8537477148080439
0.3663522012578616,0.8534798534798534
0.3663522012578616,0.8550458715596331
0.3663522012578616,0.8566176470588235
0.3663522012578616,0.858195211786372
0.36556603773584906,0.8579335793357934
0.36477987421383645,0.8576709796672828
0.3639937106918239,0.8574074074074074
0.3639937106918239,0.8589981447124304
0.3632075471698113,0.8587360594795539
0.36242138364779874,0.8584729981378026
0.36163522012578614,0.8582089552238806
0.36163522012578614,0.8598130841121495
0.36163522012578614,0.8614232209737828
0.3608490566037736,0.8611632270168855
0.360062893081761,0.8609022556390977
0.360062893081761,0.8625235404896422
0.35927672955974843,0.8622641509433963
0.35927672955974843,0.8638941398865785
0.35927672955974843,0.865530303030303
0.3584905660377358,0.8652751423149905
0.3584905660377358,0.8669201520912547
0.3577044025157233,0.8666666666666667
0.35691823899371067,0.8664122137404581
0.3561320754716981,0.8661567877629063
0.3553459119496855,0.8659003831417624
0.35455974842767296,0.8656429942418427
0.35455974842767296,0.8673076923076923
0.35455974842767296,0.8689788053949904
0.35455974842767296,0.8706563706563707
0.35377358490566035,0.8704061895551257
0.3529874213836478,0.8701550387596899
0.3522012578616352,0.8699029126213592
0.3522012578616352,0.8715953307392996
0.3522012578616352,0.8732943469785575
0.3522012578616352,0.875
0.35141509433962265,0.8747553816046967
0.35062893081761004,0.8745098039215686
0.35062893081761004,0.8762278978388998
0.35062893081761004,0.8779527559055118
0.3498427672955975,0.8777120315581854
0.3490566037735849,0.8774703557312253
0.3490566037735849,0.8792079207920792
0.34827044025157233,0.878968253968254
0.34827044025157233,0.8807157057654076
0.34827044025157233,0.8824701195219123
0.34827044025157233,0.8842315369261478
0.3474842767295597,0.884
0.3466981132075472,0.8837675350701403
0.34591194968553457,0.8835341365461847
0.345125786163522,0.8832997987927566
0.3443396226415094,0.8830645161290323
0.34355345911949686,0.8828282828282829
0.34276729559748426,0.8825910931174089
0.3419811320754717,0.8823529411764706
0.3411949685534591,0.8821138211382114
0.34040880503144655,0.8818737270875764
0.34040880503144655,0.8836734693877552
0.33962264150943394,0.8834355828220859
0.3388364779874214,0.8831967213114754
0.3388364779874214,0.8850102669404517
0.3380503144654088,0.8847736625514403
0.33726415094339623,0.8845360824742268
0.33647798742138363,0.8842975206611571
0.3356918238993711,0.8840579710144928
0.33490566037735847,0.8838174273858921
0.33490566037735847,0.8856548856548857
0.33490566037735847,0.8875
0.3341194968553459,0.8872651356993737
0.3341194968553459,0.8891213389121339
0.3341194968553459,0.8909853249475891
0.3333333333333333,0.8907563025210085
0.33254716981132076,0.8905263157894737
0.33176100628930816,0.890295358649789
0.33176100628930816,0.8921775898520085
0.3309748427672956,0.8919491525423728
0.3309748427672956,0.8938428874734607
0.330188679245283,0.8936170212765957
0.32940251572327045,0.8933901918976546
0.32861635220125784,0.8931623931623932
0.3278301886792453,0.892933618843683
0.3270440251572327,0.8927038626609443
0.32625786163522014,0.8924731182795699
0.32547169811320753,0.8922413793103449
0.324685534591195,0.8920086393088553
0.3238993710691824,0.8917748917748918
0.3238993710691824,0.8937093275488069
0.3231132075471698,0.8934782608695652
0.3231132075471698,0.8954248366013072
0.3223270440251572,0.8951965065502183
0.32154088050314467,0.8949671772428884
0.32154088050314467,0.8969298245614035
0.32075471698113206,0.8967032967032967
0.3199685534591195,0.8964757709251101
0.3199685534591195,0.8984547461368654
0.3199685534591195,0.9004424778761062
0.3191823899371069,0.9002217294900222
0.31839622641509435,0.9
0.31761006289308175,0.8997772828507795
0.3168238993710692,0.8995535714285714
0.3168238993710692,0.901565995525727
0.3160377358490566,0.9013452914798207
0.31525157232704404,0.9011235955056179
0.31446540880503143,0.9009009009009009
0.3136792452830189,0.9006772009029346
0.3128930817610063,0.9004524886877828
0.3121069182389937,0.9002267573696145
0.3113207547169811,0.9
0.31053459119496857,0.8997722095671982
0.30974842767295596,0.8995433789954338
0.3089622641509434,0.8993135011441648
0.3081761006289308,0.8990825688073395
0.30738993710691825,0.8988505747126436
0.30660377358490565,0.8986175115207373
0.30660377358490565,0.9006928406466512
0.3058176100628931,0.9004629629629629
0.3050314465408805,0.9002320185614849
0.30424528301886794,0.9
0.30424528301886794,0.9020979020979021
0.30345911949685533,0.9018691588785047
0.3026729559748428,0.9016393442622951
0.3018867924528302,0.9014084507042254
0.3011006289308176,0.9011764705882352
0.300314465408805,0.9009433962264151
0.29952830188679247,0.900709219858156
0.29874213836477986,0.9004739336492891
0.2979559748427673,0.9002375296912114
0.2971698113207547,0.9
0.29638364779874216,0.8997613365155132
0.29638364779874216,0.9019138755980861
0.29638364779874216,0.9040767386091128
0.29638364779874216,0.90625
0.29559748427672955,0.9060240963855422
0.29559748427672955,0.9082125603864735
0.294811320754717,0.9079903147699758
0.2940251572327044,0.9077669902912622
0.29323899371069184,0.9075425790754258
0.29245283018867924,0.9073170731707317
0.29245283018867924,0.9095354523227384
0.2916666666666667,0.9093137254901961
0.2908805031446541,0.9090909090909091
0.29009433962264153,0.9088669950738916
0.2893081761006289,0.908641975308642
0.2893081761006289,0.9108910891089109
0.28852201257861637,0.9106699751861043
0.28773584905660377,0.9104477611940298
0.28773584905660377,0.912718204488778
0.2869496855345912,0.9125
0.2869496855345912,0.9147869674185464
0.2861635220125786,0.914572864321608
0.2861635220125786,0.9168765743073047
0.28537735849056606,0.9166666666666666
0.28459119496855345,0.9164556962025316
0.2838050314465409,0.916243654822335
0.2838050314465409,0.9185750636132316
0.2830188679245283,0.9183673469387755
0.28223270440251574,0.9181585677749361
0.28223270440251574,0.9205128205128205
0.28223270440251574,0.922879177377892
0.28144654088050314,0.9226804123711341
0.2806603773584906,0.9224806201550387
0.279874213836478,0.9222797927461139
0.279874213836478,0.9246753246753247
0.27908805031446543,0.9244791666666666
0.2783018867924528,0.9242819843342036
0.2775157232704403,0.9240837696335078
0.27672955974842767,0.9238845144356955
0.27672955974842767,0.9263157894736842
0.27672955974842767,0.9287598944591029
0.2759433962264151,0.9285714285714286
0.2751572327044025,0.9283819628647215
0.27437106918238996,0.9281914893617021
0.27437106918238996,0.9306666666666666
0.27358490566037735,0.93048128342246
0.2727987421383648,0.9302949061662198
0.2720125786163522,0.9301075268817204
0.27122641509433965,0.9299191374663073
0.27044025157232704,0.9297297297297298
0.2696540880503145,0.9295392953929539
0.2696540880503145,0.9320652173913043
0.2688679245283019,0.9318801089918256
0.26808176100628933,0.9316939890710383
0.2672955974842767,0.9315068493150684
0.2665094339622642,0.9313186813186813
0.2665094339622642,0.9338842975206612
0.26572327044025157,0.9337016574585635
0.264937106918239,0.9335180055401662
0.2641509433962264,0.9333333333333333
0.26336477987421386,0.9331476323119777
0.26257861635220126,0.9329608938547486
0.2617924528301887,0.9327731092436975
0.2610062893081761,0.9325842696629213
0.26022012578616355,0.9323943661971831
0.26022012578616355,0.9350282485875706
0.25943396226415094,0.9348441926345609
0.2586477987421384,0.9346590909090909
0.2578616352201258,0.9344729344729344
0.2578616352201258,0.9371428571428572
0.25707547169811323,0.9369627507163324
0.2562893081761006,0.9367816091954023
0.2555031446540881,0.9365994236311239
0.2555031446540881,0.9393063583815029
0.25471698113207547,0.9391304347826087
0.25471698113207547,0.9418604651162791
0.2539308176100629,0.9416909620991254
0.2539308176100629,0.9444444444444444
0.2531446540880503,0.9442815249266863
0.25235849056603776,0.9441176470588235
0.25235849056603776,0.9469026548672567
0.25157232704402516,0.9467455621301775
0.2507861635220126,0.9465875370919882
0.25,0.9464285714285714
0.24921383647798742,0.9462686567164179
0.24921383647798742,0.9491017964071856
0.24842767295597484,0.948948948948949
0.24842767295597484,0.9518072289156626
0.24764150943396226,0.9516616314199395
0.24764150943396226,0.9545454545454546
0.2468553459119497,0.9544072948328267
0.2468553459119497,0.9573170731707317
0.2460691823899371,0.9571865443425076
0.24528301886792453,0.9570552147239264
0.24528301886792453,0.96
0.24449685534591195,0.9598765432098766
0.24371069182389937,0.9597523219814241
0.2429245283018868,0.9596273291925466
0.24213836477987422,0.9595015576323987
0.24135220125786164,0.959375
0.24135220125786164,0.9623824451410659
0.24056603773584906,0.9622641509433962
0.24056603773584906,0.9652996845425867
0.23977987421383648,0.9651898734177216
0.2389937106918239,0.9650793650793651
0.23820754716981132,0.964968152866242
0.23742138364779874,0.9648562300319489
0.23663522012578617,0.9647435897435898
0.2358490566037736,0.9646302250803859
0.2358490566037736,0.967741935483871
0.235062893081761,0.9676375404530745
0.23427672955974843,0.9675324675324676
0.23349056603773585,0.9674267100977199
0.23270440251572327,0.9673202614379085
0.2319182389937107,0.9672131147540983
0.23113207547169812,0.9671052631578947
0.23034591194968554,0.966996699669967
0.23034591194968554,0.9701986754966887
0.22955974842767296,0.9700996677740864
0.22877358490566038,0.97
0.2279874213836478,0.9698996655518395
0.22720125786163523,0.9697986577181208
0.22641509433962265,0.9696969696969697
0.22562893081761007,0.9695945945945946
0.22562893081761007,0.9728813559322034
0.2248427672955975,0.9727891156462585
0.2240566037735849,0.9726962457337884
0.22327044025157233,0.9726027397260274
0.22248427672955975,0.9725085910652921
0.22169811320754718,0.9724137931034482
0.22169811320754718,0.9757785467128027
0.2209119496855346,0.9756944444444444
0.22012578616352202,0.975609756097561
0.21933962264150944,0.9755244755244755
0.21933962264150944,0.9789473684210527
0.21855345911949686,0.9788732394366197
0.21776729559748428,0.9787985865724381
0.2169811320754717,0.9787234042553191
0.21619496855345913,0.9786476868327402
0.21540880503144655,0.9785714285714285
0.21462264150943397,0.978494623655914
0.2138364779874214,0.9784172661870504
0.2138364779874214,0.9819494584837545
0.2130503144654088,0.9818840579710145
0.21226415094339623,0.9818181818181818
0.21147798742138366,0.9817518248175182
0.21069182389937108,0.9816849816849816
0.21069182389937108,0.9852941176470589
0.2099056603773585,0.985239852398524
0.20911949685534592,0.9851851851851852
0.20833333333333334,0.9851301115241635
0.20754716981132076,0.9850746268656716
0.20676100628930819,0.9850187265917603
0.2059748427672956,0.9849624060150376
0.20518867924528303,0.9849056603773585
0.20440251572327045,0.9848484848484849
0.20361635220125787,0.9847908745247148
0.2028301886792453,0.9847328244274809
0.20204402515723272,0.9846743295019157
0.20125786163522014,0.9846153846153847
0.20047169811320756,0.9845559845559846
0.19968553459119498,0.9844961240310077
0.1988993710691824,0.9844357976653697
0.19811320754716982,0.984375
0.19732704402515724,0.984313725490196
0.19654088050314467,0.984251968503937
0.1957547169811321,0.9841897233201581
0.1949685534591195,0.9841269841269841
0.19418238993710693,0.9840637450199203
0.19339622641509435,0.984
0.19261006289308177,0.9839357429718876
0.1918238993710692,0.9838709677419355
0.19103773584905662,0.9838056680161943
0.19025157232704404,0.983739837398374
0.18946540880503146,0.9836734693877551
0.18867924528301888,0.9836065573770492
0.1878930817610063,0.9835390946502057
0.1871069182389937,0.9834710743801653
0.18632075471698112,0.983402489626556
0.18553459119496854,0.9833333333333333
0.18474842767295596,0.9832635983263598
0.18396226415094338,0.9831932773109243
0.1831761006289308,0.9831223628691983
0.18238993710691823,0.9830508474576272
0.18160377358490565,0.9829787234042553
0.18081761006289307,0.9829059829059829
0.1800314465408805,0.9828326180257511
0.1792452830188679,0.9827586206896551
0.17845911949685533,0.9826839826839827
0.17767295597484276,0.9826086956521739
0.17688679245283018,0.982532751091703
0.1761006289308176,0.9824561403508771
0.17531446540880502,0.9823788546255506
0.17452830188679244,0.9823008849557522
0.17374213836477986,0.9822222222222222
0.17295597484276728,0.9821428571428571
0.1721698113207547,0.9820627802690582
0.17138364779874213,0.9819819819819819
0.17059748427672955,0.9819004524886877
0.16981132075471697,0.9818181818181818
0.1690251572327044,0.9817351598173516
0.16823899371069181,0.981651376146789
0.16745283018867924,0.9815668202764977
0.16666666666666666,0.9814814814814815
0.16588050314465408,0.9813953488372092
0.1650943396226415,0.9813084112149533
0.16430817610062892,0.9812206572769953
0.16352201257861634,0.9811320754716981
0.16273584905660377,0.981042654028436
0.1619496855345912,0.9809523809523809
0.1611635220125786,0.9808612440191388
0.16037735849056603,0.9807692307692307
0.15959119496855345,0.9806763285024155
0.15880503144654087,0.9805825242718447
0.1580188679245283,0.9804878048780488
0.15723270440251572,0.9803921568627451
0.15644654088050314,0.9802955665024631
0.15566037735849056,0.9801980198019802
0.15487421383647798,0.9800995024875622
0.1540880503144654,0.98
0.15330188679245282,0.9798994974874372
0.15251572327044025,0.9797979797979798
0.15251572327044025,0.9847715736040609
0.15172955974842767,0.9846938775510204
0.1509433962264151,0.9846153846153847
0.1501572327044025,0.9845360824742269
0.14937106918238993,0.9844559585492227
0.14858490566037735,0.984375
0.14779874213836477,0.9842931937172775
0.1470125786163522,0.9842105263157894
0.14622641509433962,0.9841269841269841
0.14544025157232704,0.9840425531914894
0.14465408805031446,0.983957219251337
0.14386792452830188,0.9838709677419355
0.1430817610062893,0.9837837837837838
0.14229559748427673,0.9836956521739131
0.14150943396226415,0.9836065573770492
0.14072327044025157,0.9835164835164835
0.139937106918239,0.9834254143646409
0.1391509433962264,0.9833333333333333
0.13836477987421383,0.9832402234636871
0.13757861635220126,0.9831460674157303
0.13679245283018868,0.9830508474576272
0.1360062893081761,0.9829545454545454
0.13522012578616352,0.9828571428571429
0.13443396226415094,0.9827586206896551
0.13364779874213836,0.9826589595375722
0.13286163522012578,0.9825581395348837
0.13286163522012578,0.9883040935672515
0.1320754716981132,0.9882352941176471
0.13128930817610063,0.9881656804733728
0.13050314465408805,0.9880952380952381
0.12971698113207547,0.9880239520958084
0.1289308176100629,0.9879518072289156
0.1281446540880503,0.9878787878787879
0.12735849056603774,0.9878048780487805
0.12657232704402516,0.9877300613496932
0.12578616352201258,0.9876543209876543
0.125,0.9875776397515528
0.12421383647798742,0.9875
0.12342767295597484,0.9874213836477987
0.12264150943396226,0.9873417721518988
0.12185534591194969,0.9872611464968153
0.12106918238993711,0.9871794871794872
0.12028301886792453,0.9870967741935484
0.11949685534591195,0.987012987012987
0.11871069182389937,0.9869281045751634
0.1179245283018868,0.9868421052631579
0.11713836477987422,0.9867549668874173
0.11635220125786164,0.9866666666666667
0.11556603773584906,0.9865771812080537
0.11477987421383648,0.9864864864864865
0.1139937106918239,0.9863945578231292
0.11320754716981132,0.9863013698630136
0.11242138364779874,0.9862068965517241
0.11163522012578617,0.9861111111111112
0.11084905660377359,0.986013986013986
0.11006289308176101,0.9859154929577465
0.10927672955974843,0.9858156028368794
0.10849056603773585,0.9857142857142858
0.10770440251572327,0.9856115107913669
0.1069182389937107,0.9855072463768116
0.10613207547169812,0.9854014598540146
0.10534591194968554,0.9852941176470589
0.10455974842767296,0.9851851851851852
0.10377358490566038,0.9850746268656716
0.1029874213836478,0.9849624060150376
0.10220125786163523,0.9848484848484849
0.10220125786163523,0.9923664122137404
0.10141509433962265,0.9923076923076923
0.10062893081761007,0.9922480620155039
0.09984276729559749,0.9921875
0.09905660377358491,0.9921259842519685
0.09827044025157233,0.9920634920634921
0.09748427672955975,0.992
0.09669811320754718,0.9919354838709677
0.0959119496855346,0.991869918699187
0.09512578616352202,0.9918032786885246
0.09433962264150944,0.9917355371900827
0.09355345911949685,0.9916666666666667
0.09276729559748427,0.9915966386554622
0.09198113207547169,0.9915254237288136
0.09119496855345911,0.9914529914529915
0.09040880503144653,0.9913793103448276
0.08962264150943396,0.991304347826087
0.08883647798742138,0.9912280701754386
0.0880503144654088,0.9911504424778761
0.08726415094339622,0.9910714285714286
0.08647798742138364,0.990990990990991
0.08647798742138364,1.0
0.08569182389937106,1.0
0.08490566037735849,1.0
0.08411949685534591,1.0
0.08333333333333333,1.0
0.08254716981132075,1.0
0.08176100628930817,1.0
0.0809748427672956,1.0
0.08018867924528301,1.0
0.07940251572327044,1.0
0.07861635220125786,1.0
0.07783018867924528,1.0
0.07625786163522012,1.0
0.07547169811320754,1.0
0.07389937106918239,1.0
0.07232704402515723,1.0
0.07075471698113207,1.0
0.0699685534591195,1.0
0.06918238993710692,1.0
0.06839622641509434,1.0
0.06761006289308176,1.0
0.0660377358490566,1.0
0.06525157232704402,1.0
0.06446540880503145,1.0
0.06367924528301887,1.0
0.06289308176100629,1.0
0.060534591194968554,1.0
0.05817610062893082,1.0
0.05660377358490566,1.0
0.05110062893081761,1.0
0.04481132075471698,1.0
0.0,1.0
